id,referencia,score_calidad,etapa_comercial,tipo_oportunidad,sectores,materiales_detectados,precio_formateado,entidad,departamento,ciudad,modalidad,contratista_nombre,contratista_nit,accion_sugerida,url_secop,descripcion
CO1.REQ.10895639,IA 20 DE 2026,95,Adjudicado (Contratista Seleccionado),Lead B2B de Venta Directa,Construcción & Obra Civil General,,"$94,533,906,301 COP",EMPRESA DE DESARROLLO URBANO DE MEDELLIN,Antioquia,Medellín,Contratación régimen especial (con ofertas),CONSORCIO SP GRAN PARQUE,No Definido,Contactar al contratista ganador/consorcio para ofrecer suministro y cotización inmediata.,https://community.secop.gov.co/Public/Tendering/OpportunityDetail/Index?noticeUID=CO1.NTC.10755464,"CONSTRUCCIÓN DE LAS OBRAS DEL PARQUE JUAN PABLO II Y ESPACIO PÚBLICO EN EL DISTRITO ESPECIAL DE CIENCIA, TECNOLOGÍA E INNOVACIÓN DE MEDELLÍN"
CO1.REQ.10744395,LOP-SIN-0006-2026 (Fase de Selección (Presentación de ofertas)),95,Adjudicado (Contratista Seleccionado),Lead B2B de Venta Directa,Construcción & Obra Civil General,,"$43,738,636,359 COP",GOBERNACION DEL DEPARTAMENTO DEL CESAR,Cesar,Valledupar,Licitación pública Obra Publica,UNION TEMPORAL DE ASTREA,15171717,Contactar al contratista ganador/consorcio para ofrecer suministro y cotización inmediata.,https://community.secop.gov.co/Public/Tendering/OpportunityDetail/Index?noticeUID=CO1.NTC.10598584,"MEJORAMIENTO DEL TRAMO VIAL QUE DEL CORREGIMIENTO DE ARJONA CONDUCE A LA CABECERA DEL MUNICIPIO DE ASTREA EN LIMITES CON EL DEPARTAMENTO DEL MAGDALENA PERMITIENDO LA INTERCONEXIÓN VIAL PARA EL DESARROLLO ECONÓMICO, SOCIAL, AGRÍCOLA Y TURÍSTICO DE LA "
CO1.REQ.10778913,CD-SEGD-CONTINT-002-2026,95,Adjudicado (Contratista Seleccionado),Lead B2B de Venta Directa,Energía Solar & Alumbrado Público,alumbrado público,"$39,549,761,277 COP",ALCALDÍA DEL DISTRITO TURÍSTICO Y CULTURAL DE CARTAGENA DE INDIAS,Bolívar,Cartagena,Contratación Directa (con ofertas),EMPRESAS PUBLICAS DE MEDELLIN E.S.P.,890904996,Contactar al contratista ganador/consorcio para ofrecer suministro y cotización inmediata.,https://community.secop.gov.co/Public/Tendering/OpportunityDetail/Index?noticeUID=CO1.NTC.10638216,PRESTACIÓN DE SERVICIOS DE ACTIVIDADES INHERENTES AL ALUMBRADO PÚBLICO EN EL DISTRITO DE CARTAGENA DE INDIAS
CO1.REQ.10541639,LP-GB-009-2026 (Fase de Selección (Presentación de ofertas)),95,Adjudicado (Contratista Seleccionado),Lead B2B de Venta Directa,Construcción & Obra Civil General,mejoramiento de la vía,"$38,660,480,130 COP",GOBERNACIÓN DE BOYACÁ,Boyacá,Tunja,Licitación pública Obra Publica,CONSORCIO ELR SOTAQUIRA,0000000,Contactar al contratista ganador/consorcio para ofrecer suministro y cotización inmediata.,https://community.secop.gov.co/Public/Tendering/OpportunityDetail/Index?noticeUID=CO1.NTC.10398299,MEJORAMIENTO DE LA VÍA CRUCE RUTA 6209 - EL LLANO DE SOTAQUIRÁ EN EL DEPARTAMENTO DE BOYACÁ
CO1.REQ.10540975,LP-GB-003-2026 (Fase de Selección (Presentación de ofertas)),95,Adjudicado (Contratista Seleccionado),Lead B2B de Venta Directa,Construcción & Obra Civil General,mejoramiento de via,"$37,847,984,555 COP",GOBERNACIÓN DE BOYACÁ,Boyacá,Tunja,Licitación pública Obra Publica,CONSORCIO CHIVATA RAG,000000,Contactar al contratista ganador/consorcio para ofrecer suministro y cotización inmediata.,https://community.secop.gov.co/Public/Tendering/OpportunityDetail/Index?noticeUID=CO1.NTC.10398438,MEJORAMIENTO DE VIA SECUNDARIA ENTRE LOS MUNICIPIOS DE CHIVATA Y TOCA EN EL DEPARTAMENTO DE BOYACA
CO1.REQ.10490336,LP-DEO-SGI-010-2026 (Fase de Selección (Presentación de ofertas)),95,Adjudicado (Contratista Seleccionado),Lead B2B de Venta Directa,Construcción & Obra Civil General,,"$35,705,441,584 COP",INVIAS,Distrito Capital de Bogotá,Bogotá,Licitación pública Obra Publica,CONSORCIO VIAL SAI,No Definido,Contactar al contratista ganador/consorcio para ofrecer suministro y cotización inmediata.,https://community.secop.gov.co/Public/Tendering/OpportunityDetail/Index?noticeUID=CO1.NTC.10347922,"GESTIÓN VIAL INTEGRAL DE LAS CARRETERAS: SANTUARIO - CRUCE RUTA 45 (CAÑO ALEGRE), RUTA 6005; HOYO RICO - LOS LLANOS, RUTA 2510; LOS LLANOS - TARAZÁ, RUTA 2511; TARAZÁ - CAUCASIA, RUTA 2512; Y LA PINTADA - MEDELLÍN (AUTOPISTA SUR), RUTA 2509 (INCLUYE "
CO1.REQ.10763438,EDUS-I.P.O.M. > C -023- 2026,95,Adjudicado (Contratista Seleccionado),Lead B2B de Venta Directa,"Construcción & Obra Civil General, Energía Solar & Alumbrado Público",alumbrado público,"$28,873,739,329 COP",Empresa Distrital de Desarrollo y Renovación Urbano Sostenible de Santa Marta- EDUS,Magdalena,Santa Marta,Contratación régimen especial (con ofertas),CONSORCIO ALUMBRADO SRM,No Definido,Contactar al contratista ganador/consorcio para ofrecer suministro y cotización inmediata.,https://community.secop.gov.co/Public/Tendering/OpportunityDetail/Index?noticeUID=CO1.NTC.10622105,EJECUTAR LAS OBRAS Y ACTIVIDADES NECESARIAS PARA LA EXPANSIÓN DE LA COBERTURA DEL SISTEMA DE ALUMBRADO PÚBLICO EN DIFERENTES SECTORES DEL DISTRITO DE SANTA MARTA QUE ACTUALMENTE CARECEN DEL SERVICIO O PRESENTAN DEFICIENCIAS EN LOS NIVELES DE ILUMINAC
CO1.REQ.10509186,LP008-2026 (Fase de Selección (Presentación de ofertas)),95,Adjudicado (Contratista Seleccionado),Lead B2B de Venta Directa,"Construcción & Obra Civil General, Tecnología & Equipos de Cómputo",licenciamiento,"$26,826,454,458 COP",GOBERNACION DE NARIÑO,Nariño,Pasto,Licitación pública Obra Publica,CONSORCIO PUERTO TUMACO II,000000000,Contactar al contratista ganador/consorcio para ofrecer suministro y cotización inmediata.,https://community.secop.gov.co/Public/Tendering/OpportunityDetail/Index?noticeUID=CO1.NTC.10365670,"DRAGADO DE PROFUNDIZACIÓN CANAL DE ACCESO AL PUERTO DE TUMACO-NARIÑO Y, DESARROLLO DE LA GESTIÓN SOCIO-AMBIENTAL, Y  ARQUEOLÓGICA ENMARCADOS EN EL LICENCIAMIENTO AMBIENTAL No. 196 de 2023 - FASE I"
CO1.REQ.10769699,IA 18 DE 2026,95,Adjudicado (Contratista Seleccionado),Lead B2B de Venta Directa,Construcción & Obra Civil General,,"$26,671,583,227 COP",EMPRESA DE DESARROLLO URBANO DE MEDELLIN,Antioquia,Medellín,Contratación régimen especial (con ofertas),CONSORCIO LA FRONTERA CIG 2026,No Definido,Contactar al contratista ganador/consorcio para ofrecer suministro y cotización inmediata.,https://community.secop.gov.co/Public/Tendering/OpportunityDetail/Index?noticeUID=CO1.NTC.10625233,"CONSTRUCCIÓN DEL RECREO DEPORTIVO Y ESPACIO PÚBLICO LA FRONTERA EN EL DISTRITO ESPECIAL DE CIENCIA, TECNOLOGÍA E INNOVACIÓN DE MEDELLÍN"
CO1.REQ.10498781,LP-DEO-SMCN-018-2026 (Fase de Selección (Presentación de ofertas)),95,Adjudicado (Contratista Seleccionado),Lead B2B de Venta Directa,Construcción & Obra Civil General,,"$24,297,946,112 COP",INVIAS,Distrito Capital de Bogotá,Bogotá,Licitación pública Obra Publica,CS INEN REAL.,No Definido,Contactar al contratista ganador/consorcio para ofrecer suministro y cotización inmediata.,https://community.secop.gov.co/Public/Tendering/OpportunityDetail/Index?noticeUID=CO1.NTC.10356660,"MEJORAMIENTO Y MANTENIMIENTO DEL CORREDOR PLATO - TENERIFE - REAL DEL OBISPO, RUTA NACIONAL 2701, EN EL DEPARTAMENTO DEL MAGDALENA"
CO1.REQ.10532336,LIC-SED-001-2026 (Presentación de oferta),95,Adjudicado (Contratista Seleccionado),Lead B2B de Venta Directa,Alimentación Escolar (PAE),"pae, alimentación escolar, alimentacion escolar","$19,136,173,770 COP",GOBERNACIÓN DE BOLÍVAR//,Bolívar,Turbaco,Licitación pública,UT ALIMENTAR Y DAR AMOR MOMPOX + LOBA,901085337,Contactar al contratista ganador/consorcio para ofrecer suministro y cotización inmediata.,https://community.secop.gov.co/Public/Tendering/OpportunityDetail/Index?noticeUID=CO1.NTC.10388556,"CONTRATAR LA EJECUCIÓN DEL PROGRAMA DE ALIMENTACIÓN ESCOLAR EN SEDES EDUCATIVAS PARA GARANTIZAR LA AMPLIACION DE LA COBERTURA, EN MODALIDADES INDUSTRIALIZADA Y/O PREPARADA EN SITIO Y/O LAS MODALIDADES DIFERENCIALES Y/O TRANSITORIAS QUE SE REQUIERAN, "
CO1.REQ.10850185,LPO-116-2026 (Fase de Selección (Presentación de ofertas)),95,Adjudicado (Contratista Seleccionado),Lead B2B de Venta Directa,Construcción & Obra Civil General,mejoramiento de la via,"$16,934,626,019 COP",GOBIERNO DEPARTAMENTAL,Tolima,No Definido,Licitación pública Obra Publica,No Definido,No Definido,Contactar al contratista ganador/consorcio para ofrecer suministro y cotización inmediata.,https://community.secop.gov.co/Public/Tendering/OpportunityDetail/Index?noticeUID=CO1.NTC.10705249,CONTRATAR EL MEJORAMIENTO DE LA VIA DELGADITAS - HERVEO ETAPA 1 EN EL DEPARTAMENTO DEL TOLIMA
CO1.REQ.10594497,LP-SGR-0007-2026 (Presentación de oferta),95,Adjudicado (Contratista Seleccionado),Lead B2B de Venta Directa,Alimentación Escolar (PAE),"pae, complementos alimentarios, alimentación escolar","$16,767,846,960 COP",GOBERNACION DEL DEPARTAMENTO DEL CESAR,Cesar,Valledupar,Licitación pública,UNION TEMPORAL NUTRIR 2026,902090475,Contactar al contratista ganador/consorcio para ofrecer suministro y cotización inmediata.,https://community.secop.gov.co/Public/Tendering/OpportunityDetail/Index?noticeUID=CO1.NTC.10449161,SUMINISTRO DE COMPLEMENTOS ALIMENTARIOS A LOS ESTUDIANTES MATRICULADOS EN LOS ESTABLECIMIENTOS EDUCATIVOS OFICIALES DE LAS ZONAS URBANAS Y RURALES EN EL MARCO DEL PROGRAMA DE ALIMENTACIÓN ESCOLAR DESARROLLADO EN 24 MUNICIPIOS NO CERTIFICADOS DEL DEPA
CO1.REQ.10609090,LP-SAPSB-03072-2026 (Fase de Selección (Presentación de ofertas)),95,Adjudicado (Contratista Seleccionado),Lead B2B de Venta Directa,"Construcción & Obra Civil General, Agua Potable & Saneamiento",acueducto,"$12,962,899,486 COP",Gobernación Norte de Santander*,Norte de Santander,Cúcuta,Licitación pública Obra Publica,UNIÓN TEMPORAL ACUEDUCTO LA ESPERANZA,No Definido,Contactar al contratista ganador/consorcio para ofrecer suministro y cotización inmediata.,https://community.secop.gov.co/Public/Tendering/OpportunityDetail/Index?noticeUID=CO1.NTC.10464169,CONSTRUCCION DEL ACUEDUCTO EN EL MUNICIPIO LA ESPERANZA EN NORTE DE SANTANDER
CO1.REQ.10967704,224-00-A-COFAC-DILOS-2026 (Presentación de oferta),95,Adjudicado (Contratista Seleccionado),Lead B2B de Venta Directa,Vehículos & Maquinaria,camionetas,"$12,321,473,038 COP",FUERZA AEROESPACIAL COLOMBIANA,Distrito Capital de Bogotá,Bogotá,Selección abreviada subasta inversa,UT FAC 2026 TOYONORTE  ARMOR,No Definido,Contactar al contratista ganador/consorcio para ofrecer suministro y cotización inmediata.,https://community.secop.gov.co/Public/Tendering/OpportunityDetail/Index?noticeUID=CO1.NTC.10833634,ADQUISICIÓN DE CAMIONETAS 4X4 BLINDADAS PARA LOS ESQUEMAS DE SEGURIDAD DE LA FAC DE ACUERDO CON ESPECIFICACIONES TÉCNICAS ANEXAS
CO1.REQ.10486727,DC-SI-LP-004-2026 (Fase de Selección (Presentación de ofertas)),95,Adjudicado (Contratista Seleccionado),Lead B2B de Venta Directa,Construcción & Obra Civil General,pavimentación,"$12,042,145,733 COP",GOBERNACIÓN DEL CAUCA,Cauca,Popayán,Licitación pública Obra Publica,CONSORCIO SAN PEDRO 2026.,No Definido,Contactar al contratista ganador/consorcio para ofrecer suministro y cotización inmediata.,https://community.secop.gov.co/Public/Tendering/OpportunityDetail/Index?noticeUID=CO1.NTC.10346042,"BPIN: 2017000030084 EL CONTRATISTA SE OBLIGA CON EL DEPARTAMENTO DEL CAUCA A REALIZAR LA CONTINUACIÓN DE LA PAVIMENTACIÓN DE LA VÍA 25CC25 SANTANDER DE QUILICHAO- SAN PEDRO- LA PLACA- NUEVO DIA- LA MINA BORONDILLO, SECTOR SAN PEDRO- LA PALOMERA, EN E"
CO1.REQ.10673793,MNSDAMALPOP006-2026 (Fase de Selección (Presentación de ofertas)),95,Adjudicado (Contratista Seleccionado),Lead B2B de Venta Directa,Construcción & Obra Civil General,,"$11,535,916,022 COP",MUNICIPIO DE NEIVA,Huila,Neiva,Licitación pública Obra Publica,CONSORCIO OSTRAVA,No Definido,Contactar al contratista ganador/consorcio para ofrecer suministro y cotización inmediata.,https://community.secop.gov.co/Public/Tendering/OpportunityDetail/Index?noticeUID=CO1.NTC.10529041,CONSTRUCCIÓN DEL PARQUE DE CIUDAD JARDÍN BOTÁNICO DEL MUNICIPIO DE NEIVA
CO1.REQ.10874036,SED-CM-A-DBE-052-2026 (Presentación de oferta),95,Adjudicado (Contratista Seleccionado),Lead B2B de Venta Directa,Interventoría & Consultoría,interventoría integral,"$10,199,281,702 COP",SECRETARIA DE EDUCACION DEL DISTRITO,Distrito Capital de Bogotá,No Definido,Concurso de méritos abierto,GRUPO TAPIR S.A.S,901598869,Contactar al contratista ganador/consorcio para ofrecer suministro y cotización inmediata.,https://community.secop.gov.co/Public/Tendering/OpportunityDetail/Index?noticeUID=CO1.NTC.10729978,"Realizar la interventoría integral, esto es técnica, financiera, administrativa, contable, y jurídica a los contratos y/o convenios que suscriba la Secretaría de Educación del Distrito para ejecutar la modalidad correspondiente a la prestación del Se"
CO1.REQ.10565794,CMA-DTE-SPI-023-2026 (Presentación de oferta),95,Adjudicado (Contratista Seleccionado),Lead B2B de Venta Directa,Interventoría & Consultoría,,"$9,025,043,897 COP",INVIAS,Distrito Capital de Bogotá,Bogotá,Concurso de méritos abierto,CONSORCIO E&D INVIAS 023,902109997,Contactar al contratista ganador/consorcio para ofrecer suministro y cotización inmediata.,https://community.secop.gov.co/Public/Tendering/OpportunityDetail/Index?noticeUID=CO1.NTC.10421768,"EJECUCIÓN DE ACTIVIDADES Y PRODUCTOS REQUERIDOS PARA EL FORTALECIMIENTO Y APOYO TÉCNICO ESPECIALIZADO DEL INVIAS, MEDIANTE EL MODELO DE FÁBRICA DE DISEÑOS Y ESTUDIOS TÉCNICOS, DE ACUERDO CON LAS ESPECIFICACIONES DEFINIDAS POR LA ENTIDAD"
CO1.REQ.10683766,ICCU-LP-032-2026 (Fase de Selección (Presentación de ofertas)),95,Adjudicado (Contratista Seleccionado),Lead B2B de Venta Directa,Construcción & Obra Civil General,mejoramiento de vías,"$8,261,361,947 COP",INSTITUTO DE CAMINOS Y CONSTRUCCIONES DE CUNDINAMARCA - ICCU,Distrito Capital de Bogotá,Bogotá,Licitación pública Obra Publica,CONSORCIO VIAL CUNDINAMARCA.,No Definido,Contactar al contratista ganador/consorcio para ofrecer suministro y cotización inmediata.,https://community.secop.gov.co/Public/Tendering/OpportunityDetail/Index?noticeUID=CO1.NTC.10538674,"MEJORAMIENTO DE VÍAS DE CUNDINAMARCA GRUPO B. Lote 1: MEJORAMIENTO Y REHABILITACIÓN DE LA VÍA QUE DESDE EL CASCO URBANO DE NEMOCÓN CONDUCE HASTA EL SECTOR DE AV COLOMBIANA EN EL MUNICIPIO DE ZIPAQUIRÁ, DEPARTAMENTO DE CUNDINAMARCA. Lote 2: MEJORAMIEN"
CO1.REQ.10874030,SED-CM-A-DBE-054-2026 (Presentación de oferta),95,Adjudicado (Contratista Seleccionado),Lead B2B de Venta Directa,Interventoría & Consultoría,interventoría integral,"$8,066,901,394 COP",SECRETARIA DE EDUCACION DEL DISTRITO,Distrito Capital de Bogotá,No Definido,Concurso de méritos abierto,CONSORCIO CIR 2026,No Definido,Contactar al contratista ganador/consorcio para ofrecer suministro y cotización inmediata.,https://community.secop.gov.co/Public/Tendering/OpportunityDetail/Index?noticeUID=CO1.NTC.10729797,"REALIZAR LA INTERVENTORÍA INTEGRAL (TÉCNICA, FINANCIERA, ADMINISTRATIVA, CONTABLE Y JURÍDICA) A LAS ÓRDENES DE COMPRA Y/O CONTRATOS QUE SUSCRIBA LA SECRETARÍA DE EDUCACIÓN DEL DISTRITO PARA EJECUTAR LA MODALIDAD DE REFRIGERIOS ESCOLARES DEL PROGRAMA "
CO1.REQ.10561779,CMA-001-2026 (Presentación de oferta),95,Adjudicado (Contratista Seleccionado),Lead B2B de Venta Directa,Interventoría & Consultoría,,"$7,795,143,189 COP",MUNICIPIO DE COGUA,Cundinamarca,Cogua,Concurso de méritos abierto,CONSORCIO INTERCOGUA AP.,No Definido,Contactar al contratista ganador/consorcio para ofrecer suministro y cotización inmediata.,https://community.secop.gov.co/Public/Tendering/OpportunityDetail/Index?noticeUID=CO1.NTC.10417270,"INTERVENTORIA TÉCNICA, ADMINISTRATIVA, REGULATORIA, AMBIENTAL PARA EL SERVICIO DE ALUMBRADO PÚBLICO, SERVICIOS TECNOLOGICOS ASOCIADOS A EL, Y LAS OBRAS DE MODERNIZACIÓN, EXPANSIÓN, ALUMBRADO NAVIDEÑO Y ORNAMENTAL DEL MUNICIPIO DE COGUA - CUNDINAMARCA"
CO1.REQ.10591247,GCSJ-CM-009-2026 (Presentación de oferta),95,Adjudicado (Contratista Seleccionado),Lead B2B de Venta Directa,Interventoría & Consultoría,interventoría técnica,"$7,718,344,254 COP",DEPARTAMENTO DEL META,Meta,Villavicencio,Concurso de méritos abierto,UNION TEMPORAL GESTION INTEGRAL PAE META 2026,902088767,Contactar al contratista ganador/consorcio para ofrecer suministro y cotización inmediata.,https://community.secop.gov.co/Public/Tendering/OpportunityDetail/Index?noticeUID=CO1.NTC.10446918,"INTERVENTORÍA TÉCNICA, ADMINISTRATIVA, FINANCIERA Y JURÍDICA A LA PRESTACIÓN DEL SERVICIO PARA LA IMPLEMENTACIÓN DEL PROGRAMA DE ALIMENTACIÓN ESCOLAR A TRAVÉS DEL SUMINISTRO DE COMPLEMENTOS ALIMENTARIOS Y SERVICIO DE ALIMENTACIÓN EN RESIDENCIAS ESCOL"
CO1.REQ.10972272,SPO-003-2026,95,Adjudicado (Contratista Seleccionado),Lead B2B de Venta Directa,"Construcción & Obra Civil General, Agua Potable & Saneamiento",alcantarillado,"$7,549,302,639 COP",EMPRESA PARA EL DESARROLLO URBANO EDURHA CAREPA-COMPRADOR,Antioquia,Carepa,Contratación régimen especial (con ofertas),CONSORCIO SANEAMIENTO CURRULAO 2026,No Definido,Contactar al contratista ganador/consorcio para ofrecer suministro y cotización inmediata.,https://community.secop.gov.co/Public/Tendering/OpportunityDetail/Index?noticeUID=CO1.NTC.10830350,"CONTRATO DE OBRA PARA LA CONSTRUCCIÓN DE ALCANTARILLADO RESIDUAL VÍA CENTRO DE SALUD DON BOSCO DE CURRULAO EN EL DISTRITO DE TURBO, ANTIOQUIA, IDENTIFICADO CON CÓDIGO BPIN 2026003050019"
CO1.REQ.11000071,LO-06-IN-001-2026. (Fase de Selección (Presentación de ofertas)),95,Adjudicado (Contratista Seleccionado),Lead B2B de Venta Directa,Construcción & Obra Civil General,escenarios deportivos,"$6,979,667,341 COP",DEPARTAMENTO DEL ARAUCA,Arauca,Arauca,Licitación pública Obra Publica,CONSORCIO ESCENARIO DEPORTIVO,No Definido,Contactar al contratista ganador/consorcio para ofrecer suministro y cotización inmediata.,https://community.secop.gov.co/Public/Tendering/OpportunityDetail/Index?noticeUID=CO1.NTC.10853890,"CONSTRUCCIÓN DE ESCENARIOS DEPORTIVOS Y URBANISMO PARA EL CAMPUS UNIVERSITARIO DEL MUNICIPIO DE SARAVENA, DEPARTAMENTO DE ARAUCA"
CO1.REQ.10561501,LP-SAPSB-03005-2026 (Fase de Selección (Presentación de ofertas)),95,Adjudicado (Contratista Seleccionado),Lead B2B de Venta Directa,"Construcción & Obra Civil General, Agua Potable & Saneamiento","aguas residuales, tratamiento de aguas, planta de tratamiento","$6,905,844,208 COP",Gobernación Norte de Santander*,Norte de Santander,Cúcuta,Licitación pública Obra Publica,CONSORCIO PAMPLONITA PTAR,No Definido,Contactar al contratista ganador/consorcio para ofrecer suministro y cotización inmediata.,https://community.secop.gov.co/Public/Tendering/OpportunityDetail/Index?noticeUID=CO1.NTC.10416482,"CONSTRUCCION PLANTA DE TRATAMIENTO DE AGUAS RESIDUALES DEL MUNICIPIO DE PAMPLONITA, NORTE DE SANTANDER"
CO1.REQ.10804044,EDUS-I.P.O.M. > C -024-2026,95,Adjudicado (Contratista Seleccionado),Lead B2B de Venta Directa,Construcción & Obra Civil General,"pavimento rigido, mejoramiento de vía, vía terciaria","$6,556,657,979 COP",Empresa Distrital de Desarrollo y Renovación Urbano Sostenible de Santa Marta- EDUS,Magdalena,Santa Marta,Contratación régimen especial (con ofertas),CONSORCIO BONDIGUA 500,No Definido,Contactar al contratista ganador/consorcio para ofrecer suministro y cotización inmediata.,https://community.secop.gov.co/Public/Tendering/OpportunityDetail/Index?noticeUID=CO1.NTC.10658100,"MEJORAMIENTO DE VÍA TERCIARIA EN PAVIMENTO RIGIDO EN BONDIGUA-PASO DEL MANGO, DISTRITO DE SANTA MARTA, DEPARTAMENTO DEL MAGDALENA."
CO1.REQ.10622578,LP-032-2026 (Fase de Selección (Presentación de ofertas)),95,Adjudicado (Contratista Seleccionado),Lead B2B de Venta Directa,Construcción & Obra Civil General,,"$6,500,000,000 COP",MUNICIPIO DE MANIZALES,Caldas,Manizales,Licitación pública Obra Publica,CONSORCIO PAVIMENTOS MANIZALES_,No Definido,Contactar al contratista ganador/consorcio para ofrecer suministro y cotización inmediata.,https://community.secop.gov.co/Public/Tendering/OpportunityDetail/Index?noticeUID=CO1.NTC.10482597,"MANTENIMIENTO, REHABILITACIÓN, MEJORAMIENTO Y OPTIMIZACIÓN DE LA INFRAESTRUCTURA VIAL URBANA, MEDIANTE LA EJECUCIÓN DE ACTIVIDADES ORIENTADAS A LA REPARACIÓN, RECONSTRUCCIÓN, CONSTRUCCIÓN Y/O REPOSICIÓN DE PAVIMENTOS VEHICULARES Y PEATONALES DE LA CI"
CO1.REQ.10853419,SA-011-2026 (Presentación de oferta),95,Adjudicado (Contratista Seleccionado),Lead B2B de Venta Directa,Tecnología & Equipos de Cómputo,equipos de cómputo,"$6,316,630,740 COP",UNIDADES TECNOLOGICAS DE SANTANDER,Santander,Bucaramanga,Selección abreviada subasta inversa,UT SOLUCIONES TECNOLOGICAS 2026,901307114,Contactar al contratista ganador/consorcio para ofrecer suministro y cotización inmediata.,https://community.secop.gov.co/Public/Tendering/OpportunityDetail/Index?noticeUID=CO1.NTC.10708032,"ADQUISICIÓN DE EQUIPOS DE CÓMPUTO (WORKSTATION, AIO y PORTATILES), PARA EL FORTALECIMIENTO DE LOS PROCESOS ACADÉMICOS, DEMANDA ADMINISTRATIVA Y DOTACIÓN DE LABORATORIOS EN MARCO DE LOS PROYECTOS DE INVERSIÓN NO. 48-2025, 20-2026, 21-2026, 22-2026 y 2"
CO1.REQ.10847558,INVITACIÓN PÚBLICA No. 001 DE 2026,95,Adjudicado (Contratista Seleccionado),Lead B2B de Venta Directa,Construcción & Obra Civil General,,"$6,239,941,275 COP",ASO-CIT,Cesar,Valledupar,Contratación régimen especial (con ofertas),CONSORCIO TRANSFORMACIÓN TURÍSTICA TESALIA.,No Definido,Contactar al contratista ganador/consorcio para ofrecer suministro y cotización inmediata.,https://community.secop.gov.co/Public/Tendering/OpportunityDetail/Index?noticeUID=CO1.NTC.10702918,"TRANSFORMACIÓN INTEGRAL HACIA UN DESTINO TURÍSTICO COMPETITIVO EN EL MUNICIPIO DE TESALIA, HUILA (COMPONENTE OBRA) "
CO1.REQ.10779882,LOP-001-2026 (Fase de Selección (Presentación de ofertas)),95,Adjudicado (Contratista Seleccionado),Lead B2B de Venta Directa,Construcción & Obra Civil General,,"$6,203,054,149 COP",ALCALDIA DE DIBULLA,La Guajira,Dibulla,Licitación pública Obra Publica,CONSORCIO VIAS DEL CARIBE .,No Definido,Contactar al contratista ganador/consorcio para ofrecer suministro y cotización inmediata.,https://community.secop.gov.co/Public/Tendering/OpportunityDetail/Index?noticeUID=CO1.NTC.10633584,"CONSTRUCCION Y REHABILITACIÓN EN LA VÍA
PRINCIPAL DEL CORREGIMIENTO DE LA PUNTA DE LOS REMEDIOS Y VÍA
PRINCIPAL DE LA CABECERA MUNICIPAL DEL MUNICIPIO DE DIBULLA"
CO1.REQ.10765233,LP-075-CENACTELEMÁTICA-2026 (Presentación de oferta),95,Adjudicado (Contratista Seleccionado),Lead B2B de Venta Directa,Tecnología & Equipos de Cómputo,"software, equipos de computo","$5,244,714,692 COP",CENTRAL ADMINISTRATIVA Y CONTABLE TELEMATICA,Cundinamarca,Facatativá,Licitación pública,UT SIRED COMPUTO 2026,No Definido,Contactar al contratista ganador/consorcio para ofrecer suministro y cotización inmediata.,https://community.secop.gov.co/Public/Tendering/OpportunityDetail/Index?noticeUID=CO1.NTC.10699656,"ADQUISICION DE EQUIPOS DE COMPUTO, PERIFERICOS Y SOFTWARE DE OFIMATICA PARA LOS EQUIPOS DE COMPUTO DE LAS UNIDADES DEL EJERCITO NACIONAL DEL PRIMER SEMESTRE 2026"
CO1.REQ.10588885,LP-SE-001-2026 (Presentación de oferta),95,Adjudicado (Contratista Seleccionado),Lead B2B de Venta Directa,Alimentación Escolar (PAE),"pae, complemento alimentario, alimentacion escolar","$5,070,873,564 COP",MUNICIPIO DE YUMBO VALLE,Valle del Cauca,No Definido,Licitación pública,UNION TEMPORAL ALIMENTANDO YUMBO 2026 II,No Definido,Contactar al contratista ganador/consorcio para ofrecer suministro y cotización inmediata.,https://community.secop.gov.co/Public/Tendering/OpportunityDetail/Index?noticeUID=CO1.NTC.10444101,"BRINDAR COMPLEMENTO ALIMENTARIO AM/PM - REFUERZO COMPLEMENTO AM/PM, ALMUERZO JORNADA UNICA, PARA LA IMPLEMENTACION DEL PROGRAMA DE ALIMENTACION ESCOLAR EN LAS INSTITUCIONES EDUCATIVAS OFICIALES DEL MUNICIPIO DE YUMBO VALLE DEL CAUCA"
CO1.REQ.11000537,SE-LP-001-2026 (Presentación de oferta),95,Adjudicado (Contratista Seleccionado),Lead B2B de Venta Directa,Alimentación Escolar (PAE),"complementos alimentarios, complemento alimentario, ración preparada en sitio, ración industrializada","$4,972,046,560 COP",MUNICIPIO DE BUCARAMANGA,Santander,Bucaramanga,Licitación pública,UT BGA.INNOVA2,No Definido,Contactar al contratista ganador/consorcio para ofrecer suministro y cotización inmediata.,https://community.secop.gov.co/Public/Tendering/OpportunityDetail/Index?noticeUID=CO1.NTC.10854906,"SUMINISTRO DIARIO DE COMPLEMENTO ALIMENTARIO SEGÚN MODALIDADES DE ATENCIÓN: RACIÓN INDUSTRIALIZADA, RACIÓN PREPARADA EN SITIO - TIPO ALMUERZO, RACIÓN PREPARADA EN SITIO - COMPLEMENTO ALIMENTARIO JORNADA MAÑANA/JORNADA TARDE PARA NIÑOS, NIÑAS, ADOLESC"
CO1.REQ.10582579,MHCP-SIE-04-2026 (Presentación de oferta),95,Adjudicado (Contratista Seleccionado),Lead B2B de Venta Directa,Tecnología & Equipos de Cómputo,equipos de cómputo,"$4,926,103,906 COP",MINISTERIO DE HACIENDA Y CREDITO PUBLICO,Distrito Capital de Bogotá,No Definido,Selección abreviada subasta inversa,UT CONVINES IX,No Definido,Contactar al contratista ganador/consorcio para ofrecer suministro y cotización inmediata.,https://community.secop.gov.co/Public/Tendering/OpportunityDetail/Index?noticeUID=CO1.NTC.10439166,Adquisición de equipos de cómputo requeridos para garantizar la operación y funcionamiento del Ministerio de Hacienda y Crédito Público.
CO1.REQ.9825062,02-2026,95,Adjudicado (Contratista Seleccionado),Lead B2B de Venta Directa,Alimentación Escolar (PAE),"pae, complemento alimentario, alimentación escolar","$4,848,966,024 COP",MUNICIPIO DE MARINILLA,Antioquia,Marinilla,Contratación régimen especial (con ofertas),Fundacion Accion Solidaria Por Colombia,900569044,Contactar al contratista ganador/consorcio para ofrecer suministro y cotización inmediata.,https://community.secop.gov.co/Public/Tendering/OpportunityDetail/Index?noticeUID=CO1.NTC.9673718,"Aunar esfuerzos técnicos, administrativos, financieros y logísticos para la ejecución del Programa de Alimentación Escolar (PAE) en el Municipio de Marinilla, Antioquia, a través del cual se brinda un complemento alimentario y nutricional a los niños"
CO1.REQ.10852890,LIC-SI-009-2026 (Fase de Selección (Presentación de ofertas)),95,Adjudicado (Contratista Seleccionado),Lead B2B de Venta Directa,Construcción & Obra Civil General,,"$4,706,289,906 COP",GOBERNACIÓN DE BOLÍVAR//,Bolívar,Turbaco,Licitación pública Obra Publica,CONSORCIO CANCHA PINILLOS,No Definido,Contactar al contratista ganador/consorcio para ofrecer suministro y cotización inmediata.,https://community.secop.gov.co/Public/Tendering/OpportunityDetail/Index?noticeUID=CO1.NTC.10707882,CONSTRUCCION  DE INFRAESTRUCTURA RECREO DEPORTIVA EN LOS MUNICIPIOS DE PINILLOS Y RIO VIEJO EN EL DEPARTAMENTO DE BOLIVAR
CO1.REQ.10592227,SUBASTA INVERSA No. 018-2026 MDN-UGG-DA (Presentación de oferta),95,Adjudicado (Contratista Seleccionado),Lead B2B de Venta Directa,Tecnología & Equipos de Cómputo,"software, seguridad perimetral","$4,399,717,980 COP",MINISTERIO DE DEFENSA NACIONAL,Distrito Capital de Bogotá,Bogotá,Selección abreviada subasta inversa,Grupo Microsistemas Colombia SAS,900418656,Contactar al contratista ganador/consorcio para ofrecer suministro y cotización inmediata.,https://community.secop.gov.co/Public/Tendering/OpportunityDetail/Index?noticeUID=CO1.NTC.10465309,"RENOVACION GARANTIA EXTENDIDA A TODO COSTO DEL SOFTWARE Y HARDWARE DE LA PLATAFORMA DE SEGURIDAD PERIMETRAL Y SUSCRIPCION DE SOFTWARE, PARA LA UNIDAD DE GESTION GENERAL DEL MINISTERIO DE DEFENSA NACIONAL"
CO1.REQ.10503627,INVITACIÓN PÚBLICA No. 001 2026,95,Adjudicado (Contratista Seleccionado),Lead B2B de Venta Directa,"Construcción & Obra Civil General, Agua Potable & Saneamiento","ptar, aguas residuales, tratamiento de aguas, planta de tratamiento","$4,205,840,322 COP","EMPRESA DE ACUEDUCTO, ALCANTARILLADO Y ASEO DEL MUNICIPIO DE LA JAGUA DE IBIRICO - CESAR S.A E.S.PAAA DE LA JAGUA DE IBIRICO",No Definido,No Definido,Contratación régimen especial (con ofertas),NEXO INTEGRA S.A.,900623036,Contactar al contratista ganador/consorcio para ofrecer suministro y cotización inmediata.,https://community.secop.gov.co/Public/Tendering/OpportunityDetail/Index?noticeUID=CO1.NTC.10359936,"OPTIMIZACION DEL MODULO 2 DE LA PLANTA DE TRATAMIENTO DE AGUAS RESIDUALES PTAR SUR DEL MUNICIPIO DE LA JAGUA DE IBIRICO, DEPARTAMENTO DEL CESAR"
CO1.REQ.10715304,LPO-02-2026 (Fase de Selección (Presentación de ofertas)),95,Adjudicado (Contratista Seleccionado),Lead B2B de Venta Directa,Construcción & Obra Civil General,malla vial,"$4,035,716,736 COP",ALCALDÍA MUNICIPAL DE EL ESPINAL,Tolima,Espinal,Licitación pública Obra Publica,CONSORCIO ALIANZA VIAL EL ESPINAL 2026,No Definido,Contactar al contratista ganador/consorcio para ofrecer suministro y cotización inmediata.,https://community.secop.gov.co/Public/Tendering/OpportunityDetail/Index?noticeUID=CO1.NTC.10569251,MANTENIMIENTO Y RECUPERACIÓN DE LA MALLA VIAL URBANA DEL MUNICIPIO DEL ESPINAL TOLIMA
CO1.REQ.10738820,LPO-005-2026 (Fase de Selección (Presentación de ofertas)),95,Adjudicado (Contratista Seleccionado),Lead B2B de Venta Directa,Construcción & Obra Civil General,,"$3,862,402,139 COP",GOBERNACIÓN DE LA GUAJIRA,La Guajira,Riohacha,Licitación pública Obra Publica,CONSORCIO HIC & ECAP COLISEO RIOHACHA,No Definido,Contactar al contratista ganador/consorcio para ofrecer suministro y cotización inmediata.,https://community.secop.gov.co/Public/Tendering/OpportunityDetail/Index?noticeUID=CO1.NTC.10598360,"ADECUACION Y MEJORAMIENTO DEL ESCENARIO DEPORTIVO COLISEO CUBIERTO EDER JHON MEDINA TORO EN EL DISTRITO DE RIOHACHA, DEPARTAMENTO DE LA GUAJIRA"
CO1.REQ.10930825,CBOM-LP-02-2026 (Presentación de oferta),95,Adjudicado (Contratista Seleccionado),Lead B2B de Venta Directa,Vehículos & Maquinaria,vehículo,"$3,836,666,667 COP",CUERPO DE BOMBEROS OFICIAL DE MONTERIA,Córdoba,Montería,Licitación pública,LAFE SECURITY EU,830092596,Contactar al contratista ganador/consorcio para ofrecer suministro y cotización inmediata.,https://community.secop.gov.co/Public/Tendering/OpportunityDetail/Index?noticeUID=CO1.NTC.10784821,ADQUISICIÓN DE UN VEHÍCULO DE BOMBEROS TIPO ESCALERA PARA EL CUERPO DE BOMBEROS OFICIAL DE MONTERÍA
CO1.REQ.10561823,SA-MEN-08-2026 (Presentación de oferta),95,Adjudicado (Contratista Seleccionado),Lead B2B de Venta Directa,Tecnología & Equipos de Cómputo,licenciamiento,"$3,748,875,800 COP",MINISTERIO DE EDUCACION NACIONAL (MEN),Distrito Capital de Bogotá,Bogotá,Selección abreviada subasta inversa,M.S.L. DISTRIBUCIONES Y CIA S.A.S,830031855,Contactar al contratista ganador/consorcio para ofrecer suministro y cotización inmediata.,https://community.secop.gov.co/Public/Tendering/OpportunityDetail/Index?noticeUID=CO1.NTC.10417514,"ADQUISICIÓN Y RENOVACIÓN DEL LICENCIAMIENTO, QUE INCLUYA  SOPORTE, ACTUALIZACIÓN Y MANTENIMIENTO, PARA LA GESTIÓN TÉCNICA, DE APLICACIONES, DE PROYECTOS Y SEGURIDAD TI DEL MINISTERIO DE EDUCACIÓN NACIONAL"
CO1.REQ.10589237,CMA-DTE-SPI-031-2026 (Presentación de oferta),95,Adjudicado (Contratista Seleccionado),Lead B2B de Venta Directa,Interventoría & Consultoría,interventoría integral,"$3,582,161,651 COP",INVIAS,Distrito Capital de Bogotá,Bogotá,Concurso de méritos abierto,CONSORCIO INTERFABRICA,No Definido,Contactar al contratista ganador/consorcio para ofrecer suministro y cotización inmediata.,https://community.secop.gov.co/Public/Tendering/OpportunityDetail/Index?noticeUID=CO1.NTC.10445687,"INTERVENTORÍA INTEGRAL PARA LA EJECUCIÓN DE ACTIVIDADES Y PRODUCTOS REQUERIDOS PARA EL FORTALECIMIENTO Y APOYO TÉCNICO ESPECIALIZADO DEL INVIAS, MEDIANTE EL MODELO DE FÁBRICA DE DISEÑOS Y ESTUDIOS TÉCNICOS, DE ACUERDO CON LAS ESPECIFICACIONES DEFINID"
CO1.REQ.10504404,ICBF-SASI-008-2026SEN (Presentación de oferta),95,Adjudicado (Contratista Seleccionado),Lead B2B de Venta Directa,Tecnología & Equipos de Cómputo,"software, licenciamiento","$3,581,305,504 COP",ICBF SEDE NACIONAL,Distrito Capital de Bogotá,No Definido,Selección abreviada subasta inversa,UNION TEMPORAL GTSGROW NX 2026,902084919,Contactar al contratista ganador/consorcio para ofrecer suministro y cotización inmediata.,https://community.secop.gov.co/Public/Tendering/OpportunityDetail/Index?noticeUID=CO1.NTC.10365812,ADQUISICIÓN DEL LICENCIAMIENTO POR SUSCRIPCIÓN Y SERVICIO DE SOPORTE DEL SOFTWARE Y HARDWARE HIPERCONVERGENTE DEL INSTITUTO COLOMBIANO DE BIENESTAR FAMILIAR - ICBF
CO1.REQ.10682870,ICCU-LP-022-2026 (Fase de Selección (Presentación de ofertas)),95,Adjudicado (Contratista Seleccionado),Lead B2B de Venta Directa,Construcción & Obra Civil General,,"$3,416,378,368 COP",INSTITUTO DE CAMINOS Y CONSTRUCCIONES DE CUNDINAMARCA - ICCU,Distrito Capital de Bogotá,Bogotá,Licitación pública Obra Publica,CONSORCIO MANTENIMIENTO SUESCA 2026,No Definido,Contactar al contratista ganador/consorcio para ofrecer suministro y cotización inmediata.,https://community.secop.gov.co/Public/Tendering/OpportunityDetail/Index?noticeUID=CO1.NTC.10538085,"INTERVENCIÓN DE VIAS DE CUNDINAMARCA: LOTE 1: MANTENIMIENTO DE LA VÍA DESDE EL SECTOR LA PLAYA HACIA EL CASCO URBANO DEL MUNICIPIO DE SUESCA, DEPARTAMENTO DE CUNDINAMARCA. LOTE 2: MEJORAMIENTO DEL TRAMO VIAL DESDE EL SECTOR PUENTE PASUNCHA HASTA LA I"
CO1.REQ.10381391,CMA-0001-2026 (Presentación de oferta),95,Adjudicado (Contratista Seleccionado),Lead B2B de Venta Directa,Interventoría & Consultoría,interventoria tecnica,"$3,310,972,700 COP",DEPARTAMENTO DEL ATLANTICO**,Atlántico,Barranquilla,Concurso de méritos abierto,CONSORCIO INTERPAE ATLANTICO 2026,902073558,Contactar al contratista ganador/consorcio para ofrecer suministro y cotización inmediata.,https://community.secop.gov.co/Public/Tendering/OpportunityDetail/Index?noticeUID=CO1.NTC.10238284,"INTERVENTORIA TECNICA, ADMINISTRATIVA, JURIDICA Y FINANCIERA PARA EL SUMINISTRO DE UN COMPLEMENTO ALIMENTARIO PARA LOS NIÑOS, NIÑAS Y ADOLESCENTES MATRICULADOS EN JORNADA REGULAR Y UNICA EN LOS ESTABLECIMIENTOS EDUCATIVOS OFICIALES DE LOS 20 MUNICIPI"
CO1.REQ.10793160,EDUH-IP-005-2026,95,Adjudicado (Contratista Seleccionado),Lead B2B de Venta Directa,Agua Potable & Saneamiento,"alcantarillado, aguas residuales, tratamiento de aguas, ptar, plantas de tratamiento","$3,228,559,145 COP",EDUH-Turbo,Antioquia,Turbo,Contratación régimen especial (con ofertas),M&G CONSTRUCTORES Y CONSULTORES S.A.S.,901681691,Contactar al contratista ganador/consorcio para ofrecer suministro y cotización inmediata.,https://community.secop.gov.co/Public/Tendering/OpportunityDetail/Index?noticeUID=CO1.NTC.10648303,"LA OPTIMIZACIÓN DE LA RED DE ALCANTARILLADO SANITARIO, AMPLIACIÓN DE LA RED DE ALCANTARILLADO SANITARIO Y LA  CONSTRUCCIÓN DE PLANTAS DE TRATAMIENTO DE AGUAS RESIDUALES (PTAR) EN LOS BARRIOS URBANOS DEL MUNICIPIO DE SAN PEDRO DE URABA - ANTIOQUIA"
CO1.REQ.10584476,ARI.LP-014-2026 (Fase de Selección (Presentación de ofertas)),95,Adjudicado (Contratista Seleccionado),Lead B2B de Venta Directa,"Construcción & Obra Civil General, Energía Solar & Alumbrado Público",sistemas fotovoltaicos,"$3,152,430,591 COP",ARAUCA ILUMINADA SAS ESP,Arauca,Arauca,Licitación pública Obra Publica,Altair Tecnik S.A.S.,901746219,Contactar al contratista ganador/consorcio para ofrecer suministro y cotización inmediata.,https://community.secop.gov.co/Public/Tendering/OpportunityDetail/Index?noticeUID=CO1.NTC.10439763,"IMPLEMENTACIÓN DE ENERGÍA ALTERNATIVAS MEDIANTE SISTEMAS FOTOVOLTAICOS EN DIFERENTES INSTITUCIONES EDUCATIVAS DEL MUNICIPIO DE ARAUCA, DEPARTAMENTO DE ARAUCA"
CO1.REQ.10362230,LP-002-2026 (Fase de Selección (Presentación de ofertas)),95,Adjudicado (Contratista Seleccionado),Lead B2B de Venta Directa,Construcción & Obra Civil General,,"$3,043,197,502 COP",ALCALDIA MUNICIPAL DE SUESCA +,Cundinamarca,Suesca,Licitación pública Obra Publica,UT MC-SUESCA,No Definido,Contactar al contratista ganador/consorcio para ofrecer suministro y cotización inmediata.,https://community.secop.gov.co/Public/Tendering/OpportunityDetail/Index?noticeUID=CO1.NTC.10219316,"CONTRATAR LA EJECUCIÓN DE LAS OBRAS CORRESPONDIENTES A LA PRIMERA ETAPA PARA LA OPTIMIZACIÓN DE LA INSTITUCIÓN EDUCATIVA GONZALO JIMÉNEZ DE QUESADA, EN LAS SEDES  GENERAL SANTANDER, NUESTRA SEÑORA DEL ROSARIO Y CHIQUILÍN, DEL MUNICIPIO DE SUESCA, CUN"
CO1.REQ.10944608,4SU-012-2026 (Presentación de oferta),95,Adjudicado (Contratista Seleccionado),Lead B2B de Venta Directa,Alimentación Escolar (PAE),alimentación escolar,"$2,919,822,471 COP",ALCALDIA MUNICIPIO DE ARAUCA,Arauca,Arauca,Selección abreviada subasta inversa,UNION TEMPORAL CRECIENDO SALUDABLE 2026,No Definido,Contactar al contratista ganador/consorcio para ofrecer suministro y cotización inmediata.,https://community.secop.gov.co/Public/Tendering/OpportunityDetail/Index?noticeUID=CO1.NTC.10808918,"APOYO AL PROGRAMA DE ALIMENTACIÓN ESCOLAR PARA LOS ESTUDIANTES DE LAS SEDES EDUCATIVAS OFICIALES DE LA ZONA URBANA EN EL MUNICIPIO DE ARAUCA, DEPARTAMENTO DE ARAUCA"
CO1.REQ.10768038,LP-178-CENACAVIACION-2026 (Presentación de oferta),95,Adjudicado (Contratista Seleccionado),Lead B2B de Venta Directa,Vehículos & Maquinaria,vehículo,"$2,850,000,000 COP",CENAC AVIACION,Distrito Capital de Bogotá,No Definido,Licitación pública,UNIÓN TEMPORAL HELIOS DAVAA,No Definido,Contactar al contratista ganador/consorcio para ofrecer suministro y cotización inmediata.,https://community.secop.gov.co/Public/Tendering/OpportunityDetail/Index?noticeUID=CO1.NTC.10625843,ADQUISICIÓN DE VEHÍCULO DE REACCIÓN INMEDIATA EXTINCIÓN DE INCENDIOS
CO1.REQ.11007804,LO-06-IN-003-2026 (Fase de Selección (Presentación de ofertas)),95,Adjudicado (Contratista Seleccionado),Lead B2B de Venta Directa,Construcción & Obra Civil General,infraestructura fisica,"$2,764,234,245 COP",DEPARTAMENTO DEL ARAUCA,Arauca,Arauca,Licitación pública Obra Publica,No Definido,No Definido,Contactar al contratista ganador/consorcio para ofrecer suministro y cotización inmediata.,https://community.secop.gov.co/Public/Tendering/OpportunityDetail/Index?noticeUID=CO1.NTC.10861693,"MEJORAMIENTO Y ADECUACION DE LA INFRAESTRUCTURA FISICA DE LOS CENTROS EDUCATIVOS INDIGENAS U'WA CALAFITAS, ALTO SAN MIGUEL Y TUTUKANA DEL MUNICIPIO DE SARAVENA, DEPARTAMENTO DE ARAUCA"
CO1.REQ.10801647,ABR 25 DE 2026,95,Adjudicado (Contratista Seleccionado),Lead B2B de Venta Directa,"Construcción & Obra Civil General, Interventoría & Consultoría",interventoría integral,"$2,697,361,641 COP",EMPRESA DE DESARROLLO URBANO DE MEDELLIN,Antioquia,Medellín,Contratación régimen especial (con ofertas),CONSORCIO INTER FRONTERA,No Definido,Contactar al contratista ganador/consorcio para ofrecer suministro y cotización inmediata.,https://community.secop.gov.co/Public/Tendering/OpportunityDetail/Index?noticeUID=CO1.NTC.10659359,"INTERVENTORÍA INTEGRAL PARA LA CONSTRUCCIÓN DEL RECREO DEPORTIVO Y ESPACIO PÚBLICO LA FRONTERA EN EL DISTRITO EN EL DISTRITO DE CIENCIA, TECNOLOGÍA E INNOVACIÓN DE MEDELLÍN"
CO1.REQ.10350882,PN DILOF SA 141 2026 (Presentación de oferta),95,Adjudicado (Contratista Seleccionado),Lead B2B de Venta Directa,Tecnología & Equipos de Cómputo,"licenciamiento, equipos de cómputo","$2,592,665,020 COP",DILOF,Distrito Capital de Bogotá,Bogotá,Selección abreviada subasta inversa,HARDWARE ASESORIAS SOFTWARE LTDA,804000673,Contactar al contratista ganador/consorcio para ofrecer suministro y cotización inmediata.,https://community.secop.gov.co/Public/Tendering/OpportunityDetail/Index?noticeUID=CO1.NTC.10207809,ADQUISICIÓN EQUIPOS DE CÓMPUTO Y LICENCIAMIENTO DE OFIMÁTICA PARA LA POLICÍA NACIONAL
CO1.REQ.10885657,SE-SASIE-0036-2026 (Presentación de oferta),95,Adjudicado (Contratista Seleccionado),Lead B2B de Venta Directa,Alimentación Escolar (PAE),"pae, complemento alimentario, alimentación escolar","$2,569,320,000 COP",MUNICIPIO DE SEGOVIA,Antioquia,No Definido,Selección abreviada subasta inversa,INVERSIONES ECONOMICAS PSS SAS,900557916,Contactar al contratista ganador/consorcio para ofrecer suministro y cotización inmediata.,https://community.secop.gov.co/Public/Tendering/OpportunityDetail/Index?noticeUID=CO1.NTC.10763609,"SUMINISTRO DE RACIONES PREPARADAS EN SITIO, TIPO COMPLEMENTO ALIMENTARIO PARA LOS NIÑOS, NIÑAS Y ADOLESCENTES DE LAS INSTITUCIONES EDUCATIVAS PÚBLICAS DEL MUNICIPIO DE SEGOVIA ANTIOQUIA, BENEFICIADOS DEL PROGRAMA DE ALIMENTACIÓN ESCOLAR PAE PARA LA V"
CO1.REQ.10590037,CO 18 DE 2026.,95,Adjudicado (Contratista Seleccionado),Lead B2B de Venta Directa,Tecnología & Equipos de Cómputo,"software, licencias de software","$2,421,404,240 COP",EMPRESA DE DESARROLLO URBANO DE MEDELLIN,Antioquia,Medellín,Contratación Directa (con ofertas),MCAD TRAINING & CONSULTING S.A.S.,901510263,Contactar al contratista ganador/consorcio para ofrecer suministro y cotización inmediata.,https://community.secop.gov.co/Public/Tendering/OpportunityDetail/Index?noticeUID=CO1.NTC.10445589,"SERVICIO DE ACTUALIZACIÓN, ADQUISICIÓN, SOPORTE Y MIGRACIÓN DE LICENCIAS DE SOFTWARE ESPECIALIZADO DE LA EMPRESA DE DESARROLLO URBANO EDU"
CO1.REQ.10577377,CMA-DEO-SGI-029-2026  (Presentación de oferta),95,Adjudicado (Contratista Seleccionado),Lead B2B de Venta Directa,Interventoría & Consultoría,interventoría integral,"$2,414,174,800 COP",INVIAS,Distrito Capital de Bogotá,Bogotá,Concurso de méritos abierto,CONSORCIO VIAS MAGDALENA 029,No Definido,Contactar al contratista ganador/consorcio para ofrecer suministro y cotización inmediata.,https://community.secop.gov.co/Public/Tendering/OpportunityDetail/Index?noticeUID=CO1.NTC.10438654,"INTERVENTORÍA INTEGRAL PARA MEJORAMIENTO Y MANTENIMIENTO DEL CORREDOR PLATO - TENERIFE - REAL DEL OBISPO, RUTA NACIONAL 2701, EN EL DEPARTAMENTO DEL MAGDALENA"
CO1.REQ.10551674,LP-2026-4 (Fase de Selección (Presentación de ofertas)),95,Adjudicado (Contratista Seleccionado),Lead B2B de Venta Directa,"Construcción & Obra Civil General, Acero & Metalmecánica",estructura metalica,"$2,339,298,298 COP",ALCALDIA DE PASTO,Nariño,Pasto,Licitación pública Obra Publica,CONSORCIO CUBIERTA ID 2026,No Definido,Contactar al contratista ganador/consorcio para ofrecer suministro y cotización inmediata.,https://community.secop.gov.co/Public/Tendering/OpportunityDetail/Index?noticeUID=CO1.NTC.10408138,"EL CONTRATISTA SE COMPROMETE PARA CON EL MUNICIPIO DE PASTO - SECRETARÍA DE INFRAESTRUCTURA Y VALORIZACIÓN, A REALIZAR LA OBRA,  CONSTRUCCION DE ESTRUCTURA METALICA PARA  CUBIERTA EN LA ZONA URBANA DE POLIDEPORTIVO BARRIO LA ROSA, POLIDEPORTIVO BARRI"
CO1.REQ.10968486,SA-SASI-21-2026 (Presentación de oferta),95,Adjudicado (Contratista Seleccionado),Lead B2B de Venta Directa,"Dotación, Uniformes & Mobiliario",mobiliario,"$2,200,000,000 COP",GOBERNACIÓN DE RISARALDA**,Risaralda,Pereira,Selección abreviada subasta inversa,SOLUCIONES INTEGRALES EN SUMINISTROS DE COLOMBIA S.A.S.,901855915,Contactar al contratista ganador/consorcio para ofrecer suministro y cotización inmediata.,https://community.secop.gov.co/Public/Tendering/OpportunityDetail/Index?noticeUID=CO1.NTC.10850112,SUMINISTRO DE MOBILIARIO PARA LOS ESTABLECIMIENTOS EDUCATIVOS OFICIALES DE LOS MUNICIPIOS NO CERTIFICADOS DEL DEPARTAMENTO DE RISARALDA
CO1.REQ.10706827,SED-SA-SI-OTIC-042-2026  (Presentación de oferta),95,Adjudicado (Contratista Seleccionado),Lead B2B de Venta Directa,Tecnología & Equipos de Cómputo,infraestructura tecnológica,"$2,174,300,000 COP",SECRETARIA DE EDUCACION DEL DISTRITO,Distrito Capital de Bogotá,No Definido,Selección abreviada subasta inversa,UT SIELCOM2026,No Definido,Contactar al contratista ganador/consorcio para ofrecer suministro y cotización inmediata.,https://community.secop.gov.co/Public/Tendering/OpportunityDetail/Index?noticeUID=CO1.NTC.10579598,"REALIZAR LA RENOVACIÓN Y EXTENSIÓN DEL SOPORTE Y GARANTÍA DE LA
INFRAESTRUCTURA TECNOLÓGICA DEL DATA CENTER ALTERNO (DCA), ASÍ COMO EL
SUMINISTRO E IMPLEMENTACIÓN DE LOS COMPONENTES REQUERIDOS PARA EL FORTALECIMIENTO DE LOS DATA CENTER DE LA SECRETAR"
CO1.REQ.11085412,CONVENIO INTERADMINISTRATIVO 004-2026,95,Adjudicado (Contratista Seleccionado),Lead B2B de Venta Directa,Agua Potable & Saneamiento,"alcantarillado, aguas residuales, tratamiento de aguas, ptar, acueducto, planta de tratamiento","$2,169,643,662 COP",ALCALDIA MUNICIPAL DE MOGOTES,Santander,Mogotes,Contratación Directa (con ofertas),"EMPRESA DE SERVICIOS PUBLICOS DE ACUEDUCTO, ALCANTARILLADO Y ASEO DE MOGOTES",900344248,Contactar al contratista ganador/consorcio para ofrecer suministro y cotización inmediata.,https://community.secop.gov.co/Public/Tendering/OpportunityDetail/Index?noticeUID=CO1.NTC.10940852,"CONVENIO INTERADMINISTRATIVO ENTRE EL MUNICIPIO DE MOGOTES Y LA EMPRESA DE SERVICIOS PÚBLICOS DE ACUEDUCTO, ALCANTARILLADO Y ASEO DE MOGOTES S.A. E.S.P.  ESPAMOGOTES S.A. E.S.P. PARA LA CAPTACIÓN Y CANALIZACIÓN DE LA CORRIENTE CHORRO PICHO, OPTIMIZAC"
CO1.REQ.10515176,SA-SI-008-2026 (Presentación de oferta),95,Adjudicado (Contratista Seleccionado),Lead B2B de Venta Directa,HORECA & Maquinaria Gastronómica,"utensilios de cocina, menaje","$2,169,376,835 COP",GOBERNACIÓN DE BOLÍVAR//,Bolívar,Turbaco,Selección abreviada subasta inversa,VENEPLAST LTDA,900019737,Contactar al contratista ganador/consorcio para ofrecer suministro y cotización inmediata.,https://community.secop.gov.co/Public/Tendering/OpportunityDetail/Index?noticeUID=CO1.NTC.10375008,"SUMINISTRO DE MENAJE Y UTENSILIOS DE COCINA PARA LOS ESTABLECIMIENTOS EDUCATIVOS DEL DEPARTAMENTO DE
BOLÍVAR."
CO1.REQ.10889462,DNP-SI-004-2026 (Presentación de oferta),95,Adjudicado (Contratista Seleccionado),Lead B2B de Venta Directa,Tecnología & Equipos de Cómputo,"seguridad perimetral, licenciamiento","$2,154,900,000 COP",DEPARTAMENTO NACIONAL DE PLANEACIÓN,Distrito Capital de Bogotá,Bogotá,Selección abreviada subasta inversa,eyc ingenieros SAS,900024202,Contactar al contratista ganador/consorcio para ofrecer suministro y cotización inmediata.,https://community.secop.gov.co/Public/Tendering/OpportunityDetail/Index?noticeUID=CO1.NTC.10747301,"110407526 110409026- Renovar el licenciamiento, soporte y mantenimiento de la solución de seguridad perimetral, de conformidad con las condiciones técnicas exigidas para el Departamento Nacional de Planeación (DNP)."
CO1.REQ.10526562,LP-DEO-SGI-013-2026 (Fase de Selección (Presentación de ofertas)),95,Adjudicado (Contratista Seleccionado),Lead B2B de Venta Directa,"Construcción & Obra Civil General, Acero & Metalmecánica",reforzamiento estructural,"$2,118,627,702 COP",INVIAS,Distrito Capital de Bogotá,Bogotá,Licitación pública Obra Publica,PUENTE 2026,9016043196,Contactar al contratista ganador/consorcio para ofrecer suministro y cotización inmediata.,https://community.secop.gov.co/Public/Tendering/OpportunityDetail/Index?noticeUID=CO1.NTC.10384746,"REHABILITACIÓN Y REFORZAMIENTO ESTRUCTURAL DEL PUENTE DE CALICANTO SOBRE EL RIO GRANDE, EN EL MUNICIPIO DE CALOTO DEPARTAMENTO DEL CAUCA"
CO1.REQ.10933989,GOB-AMA-SI-0045-2026 (Presentación de oferta),95,Adjudicado (Contratista Seleccionado),Lead B2B de Venta Directa,"Dotación, Uniformes & Mobiliario","dotacion de calzado, dotación de calzado, vestido de labor, calzado y vestido","$2,085,508,440 COP",GOBERNACION DEL AMAZONAS,Amazonas,Leticia,Selección abreviada subasta inversa,SANDRA MILENA MARQUEZ RAMIREZ,No Definido,Contactar al contratista ganador/consorcio para ofrecer suministro y cotización inmediata.,https://community.secop.gov.co/Public/Tendering/OpportunityDetail/Index?noticeUID=CO1.NTC.10788358,"SUMINISTRO DE LA DOTACIÓN DE CALZADO Y VESTIDO DE LABOR PARA LOS SERVIDORES QUE SE ENCUENTREN EN LAS CONDICIONES ESTIPULADAS POR EL ARTÍCULO 1º DE LA LEY 70 DE 1988 Y EL DECRETO 1978 DE 1989, MEDIANTE LA ENTREGA DE BONOS REDIMIBLES"
CO1.REQ.10860958,SASI-014-2026 (Presentación de oferta),95,Adjudicado (Contratista Seleccionado),Lead B2B de Venta Directa,Vehículos & Maquinaria,motocicletas,"$1,969,999,990 COP",FONDO ROTATORIO DE LA POLICIA NACIONAL,Distrito Capital de Bogotá,Bogotá,Selección abreviada subasta inversa,FANALCA S.A.S.,890301886,Contactar al contratista ganador/consorcio para ofrecer suministro y cotización inmediata.,https://community.secop.gov.co/Public/Tendering/OpportunityDetail/Index?noticeUID=CO1.NTC.10717352,"ADQUISICIÓN DE MOTOCICLETAS UNIFORMADAS PARA EL SERVICIO DE POLICÍA, DESTINADAS A LAS DIFERENTES UNIDADES DE LA POLICÍA NACIONAL - C.I. 46004690"
CO1.REQ.10635369,CM-LP-098-2026 (Fase de Selección (Presentación de ofertas)),95,Adjudicado (Contratista Seleccionado),Lead B2B de Venta Directa,"Construcción & Obra Civil General, Agua Potable & Saneamiento","ptar, ptap, plantas de tratamiento","$1,892,913,190 COP",CLUB MILITAR,Distrito Capital de Bogotá,Bogotá,Licitación pública Obra Publica,CONSORCIO PLANTAS CM,No Definido,Contactar al contratista ganador/consorcio para ofrecer suministro y cotización inmediata.,https://community.secop.gov.co/Public/Tendering/OpportunityDetail/Index?noticeUID=CO1.NTC.10551077,"CONSTRUCCIÓN, RECUPERACIÓN Y PUESTA EN FUNCIONAMIENTO DE LAS PLANTAS DE TRATAMIENTO DE POTABLE (PTAP) Y PLANTAS DE TRATAMIENTO DE AGUA RESIDUAL (PTAR) DEL CLUB MILITAR"
CO1.REQ.10785481,LP-003-2026 (Fase de Selección (Presentación de ofertas)),95,Adjudicado (Contratista Seleccionado),Lead B2B de Venta Directa,Construcción & Obra Civil General,,"$1,888,272,303 COP",ALCALDIA MUNICIPAL DE CLEMENCIA BOLIVAR,Bolívar,Clemencia,Licitación pública Obra Publica,CONSORCIO CAB CLEMENCIA 003-2026,No Definido,Contactar al contratista ganador/consorcio para ofrecer suministro y cotización inmediata.,https://community.secop.gov.co/Public/Tendering/OpportunityDetail/Index?noticeUID=CO1.NTC.10639364,"CONSTRUCCIÓN DE CUNETAS, ANDENES Y BORDILLOS EN EL MUNICIPIO DE CLEMENCIA - BOLÍVAR."
CO1.REQ.10811671,GOB-AMA-LP-010-2026  (Fase de Selección (Presentación de ofertas)),95,Adjudicado (Contratista Seleccionado),Lead B2B de Venta Directa,"Construcción & Obra Civil General, Agua Potable & Saneamiento",agua potable,"$1,750,376,172 COP",GOBERNACION DEL AMAZONAS,Amazonas,Leticia,Licitación pública Obra Publica,U.T. ACUEDUCTO TARAPACA,No Definido,Contactar al contratista ganador/consorcio para ofrecer suministro y cotización inmediata.,https://community.secop.gov.co/Public/Tendering/OpportunityDetail/Index?noticeUID=CO1.NTC.10665808,"ELABORACIÓN DE ESTUDIOS, DISEÑOS COMPLEMENTARIOS Y OBRAS DE OPTIMIZACIÓN DE LA RED DE DISTRIBUCIÓN Y ACOMEDIDAS DOMICILIARIAS DE AGUA POTABLE DEL CENTRO POBLADO DE LA ANM TARAPACÁ, EN EL DEPARTAMENTO"
CO1.REQ.10690311,CMA-001-2026 (Presentación de oferta),95,Adjudicado (Contratista Seleccionado),Lead B2B de Venta Directa,Interventoría & Consultoría,estudios y diseños,"$1,750,318,429 COP",ALCALDIA MUNICIPAL DE VIOTÁ,Cundinamarca,Viotá,Concurso de méritos abierto,MAV-UMB VIOTA,No Definido,Contactar al contratista ganador/consorcio para ofrecer suministro y cotización inmediata.,https://community.secop.gov.co/Public/Tendering/OpportunityDetail/Index?noticeUID=CO1.NTC.10544729,ESTUDIOS Y DISEÑOS PARA LA CONSTRUCCIÓN DE LA PLANTA DE TRATAMIENTO DE AGUAS RESIDUALES PTAR Y OBRAS COMPLEMENTARIAS DEL MUNICIPIO DE VIOTÁ
CO1.REQ.10894834,CD-STD-CIMI-061-2026,95,Adjudicado (Contratista Seleccionado),Lead B2B de Venta Directa,Tecnología & Equipos de Cómputo,software,"$1,737,994,500 COP",SENA REGIONAL SANTANDER Grupo de Apoyo Administrativo Mixto,Santander,Bucaramanga,Contratación Directa (con ofertas),E-TECH SOLUTIONS S.A.S.,800094574,Contactar al contratista ganador/consorcio para ofrecer suministro y cotización inmediata.,https://community.secop.gov.co/Public/Tendering/OpportunityDetail/Index?noticeUID=CO1.NTC.10750932,"CONTRATAR LA COMPRA DE SOFTWARE ELECTUDE DE ACUERDO A LA NORMATIVIDAD VIGENTE EN EL CIMI, VIG2026"
CO1.REQ.10906994,SAMC-099-CENACTELEMATICA-2026 (Manifestación de interés (Menor Cuantía)) (Presentación de oferta),95,Adjudicado (Contratista Seleccionado),Lead B2B de Venta Directa,Tecnología & Equipos de Cómputo,"software, infraestructura tecnológica, licencias de software, equipos de cómputo","$1,642,406,000 COP",CENTRAL ADMINISTRATIVA Y CONTABLE TELEMATICA,Cundinamarca,Facatativá,Selección Abreviada de Menor Cuantía,RED ACCESS 2026,No Definido,Contactar al contratista ganador/consorcio para ofrecer suministro y cotización inmediata.,https://community.secop.gov.co/Public/Tendering/OpportunityDetail/Index?noticeUID=CO1.NTC.10765743,"LA ADQUISICIÓN DE EQUIPOS DE CÓMPUTO, LICENCIAS DE SOFTWARE E INFRAESTRUCTURA TECNOLÓGICA, INCLUYENDO COMPONENTES DE RED Y PROCESAMIENTO DE DATOS, PARA EL FORTALECIMIENTO DE LAS CAPACIDADES OPERATIVAS Y ADMINISTRATIVAS DE LA UNIDAD BACOM 2, A EJECUTA"
CO1.REQ.10873845,CAR-CM-003-2026 (Presentación de oferta),95,Adjudicado (Contratista Seleccionado),Lead B2B de Venta Directa,Interventoría & Consultoría,estudios y diseños,"$1,635,073,520 COP",CORPORACION AUTONOMA REGIONAL DE CUNDINAMARCA - CAR.,Distrito Capital de Bogotá,No Definido,Concurso de méritos abierto,VIACON SAS,No Definido,Contactar al contratista ganador/consorcio para ofrecer suministro y cotización inmediata.,https://community.secop.gov.co/Public/Tendering/OpportunityDetail/Index?noticeUID=CO1.NTC.10730493,ESTUDIOS Y DISEÑOS A NIVEL DE INGENIERÍA DE DETALLE PARA LA OPTIMIZACIÓN DEL SISTEMA DE TRATAMIENTO DE AGUAS RESIDUALES PTAR I DEL MUNICIPIO DE SESQUILÉ - CUNDINAMARCA
CO1.REQ.10657102,CMA-001-2026 (Presentación de oferta),95,Adjudicado (Contratista Seleccionado),Lead B2B de Venta Directa,Interventoría & Consultoría,estudios y diseños,"$1,625,134,243 COP",MUNICIPIO DE URIBIA,La Guajira,Uribia,Concurso de méritos abierto,CONSORCIO PMAA URIBIA 2026,No Definido,Contactar al contratista ganador/consorcio para ofrecer suministro y cotización inmediata.,https://community.secop.gov.co/Public/Tendering/OpportunityDetail/Index?noticeUID=CO1.NTC.10511147,"ESTUDIOS Y DISEÑOS PARA FORMULACIÓN DEL PLAN MAESTRO DE ACUEDUCTO Y
ALCANTARILLADO EN LOS CORREGIMIENTOS DE SIAPANA, CABO DE LA VELA Y NAZARETH
EN EL MUNICIPIO DE URIBIA"
CO1.REQ.11082761,CD-SI-1619-2026,95,Adjudicado (Contratista Seleccionado),Lead B2B de Venta Directa,Construcción & Obra Civil General,"vías terciarias, mejoramiento de vías","$1,600,000,000 COP",GOBERNACION DE CALDAS,Caldas,No Definido,Contratación Directa (con ofertas),ALCALDIA MUNICIPAL DE CHINCHINA,890801133,Contactar al contratista ganador/consorcio para ofrecer suministro y cotización inmediata.,https://community.secop.gov.co/Public/Tendering/OpportunityDetail/Index?noticeUID=CO1.NTC.10939592,"AUNAR ESFUERZOS TÉCNICOS, ADMINISTRATIVOS Y FINANCIEROS PARA EL MEJORAMIENTO DE VÍAS TERCIARIAS MEDIANTE LA CONSTRUCCIÓN DE PLACAS HUELLA EN LA ZONA RURAL EN EL MUNICIPIO DE CHINCHINA DEPARTAMENTO DE CALDAS."
CO1.REQ.10733456,9016002 (Presentación de oferta),95,Adjudicado (Contratista Seleccionado),Lead B2B de Venta Directa,Tecnología & Equipos de Cómputo,equipos de cómputo,"$1,598,850,045 COP",DISTRITO ESPECIAL DE CIENCIA TECNOLOGIA E INNOVACION DE MEDELLIN,Antioquia,Medellín,Selección abreviada subasta inversa,NUEVA ERA SOLUCIONES S.A.S.,830037278,Contactar al contratista ganador/consorcio para ofrecer suministro y cotización inmediata.,https://community.secop.gov.co/Public/Tendering/OpportunityDetail/Index?noticeUID=CO1.NTC.10590884,Adquirir Equipos de Cómputo
CO1.REQ.10770237,SAMC003-2026 (Manifestación de interés (Menor Cuantía)) (Presentación de oferta),95,Adjudicado (Contratista Seleccionado),Lead B2B de Venta Directa,Construcción & Obra Civil General,obras civiles,"$1,588,885,998 COP",Rama Judicial  Dirección Seccional de Administración Judicial de Medellín,Antioquia,Medellín,Selección Abreviada de Menor Cuantía,UT RAMA CAMPEN 2026,No Definido,Contactar al contratista ganador/consorcio para ofrecer suministro y cotización inmediata.,https://community.secop.gov.co/Public/Tendering/OpportunityDetail/Index?noticeUID=CO1.NTC.10624615,"REALIZAR LAS OBRAS CIVILES NECESARIAS PARA LA REMODELACIÓN INTEGRAL DE LA PLAZOLETA PERIMETRAL, ASÍ COMO LA IMPERMEABILIZACIÓN DE LA CUBIERTA Y EL MANTENIMIENTO MEDIANTE SELLADO DE LA FACHADA PERIMETRAL EN VIDRIO DEL EDIFICIO HORACIO MONTOYA GIL - SE"
CO1.REQ.10632680,1008-CONT-016-2026,95,Adjudicado (Contratista Seleccionado),Lead B2B de Venta Directa,Energía Solar & Alumbrado Público,alumbrado público,"$1,573,793,269 COP",MUNICIPIO DE GUARNE,Antioquia,Guarne,Contratación Directa (con ofertas),ILUMINA EMPRESA DE ALUMBRADO PÚBLICO DE GUARNE S.A.S.,902075055,Contactar al contratista ganador/consorcio para ofrecer suministro y cotización inmediata.,https://community.secop.gov.co/Public/Tendering/OpportunityDetail/Index?noticeUID=CO1.NTC.10490731,"CONTRATO INTERADMINISTRATIVO PARA LA PRESTACIÓN INTEGRAL DEL SERVICIO DE ALUMBRADO PÚBLICO EN EL MUNICIPIO DE GUARNE - ANTIOQUIA COMPRENDIENDO TODOS SUS COMPONENTES: ADMINISTRACIÓN, OPERACIÓN, MANTENIMIENTO, MODERNIZACIÓN, REPOSICIÓN, EXPANSIÓN, INCO"
CO1.REQ.10368215,139COGFM DIADF 2026 (Manifestación de interés (Menor Cuantía)) (Presentación de oferta),95,Adjudicado (Contratista Seleccionado),Lead B2B de Venta Directa,"Construcción & Obra Civil General, Agua Potable & Saneamiento","agua potable, obras complementarias","$1,531,521,980 COP",COMANDO GENERAL DE LAS FUERZAS MILITARES,Distrito Capital de Bogotá,Bogotá,Selección Abreviada de Menor Cuantía,Hapil Ingenieria SAS,830098798,Contactar al contratista ganador/consorcio para ofrecer suministro y cotización inmediata.,https://community.secop.gov.co/Public/Tendering/OpportunityDetail/Index?noticeUID=CO1.NTC.10225064,"EJECUTAR LA CONSTRUCCIÓN DE LA INFRAESTRUCTURA DE SOPORTE (CAPTACIÓN, ADUCCIÓN, SISTEMA DE TRATAMIENTO AGUA POTABLE, CONDUCCIÓN, RED DE DISTRIBUCIÓN, ALMACENAMIENTO Y OBRAS COMPLEMENTARIAS) PARA EL PUESTO AVANZADO DE INFANTERÍA DE MARINA MOCHUELO. El"
CO1.REQ.10896857,TMSA-CM-09-2026 (Presentación de oferta),95,Adjudicado (Contratista Seleccionado),Lead B2B de Venta Directa,Interventoría & Consultoría,interventoría integral,"$1,524,989,092 COP",TRANSMILENIO S.A.,Distrito Capital de Bogotá,Bogotá,Concurso de méritos abierto,GAVINCO INGENIEROS CONSULTORES SAS,900916608,Contactar al contratista ganador/consorcio para ofrecer suministro y cotización inmediata.,https://community.secop.gov.co/Public/Tendering/OpportunityDetail/Index?noticeUID=CO1.NTC.10753207,"DCMC60 Realizar la interventoría integral (técnica, administrativa y financiera) al contrato cuyo objeto es  Realizar la adecuación y/o construcción de obras complementarias requeridas para fortalecer el Sistema, mejorar la experiencia del usuario y "
CO1.REQ.10388013,SED-CM-001-2026 (Presentación de oferta),95,Adjudicado (Contratista Seleccionado),Lead B2B de Venta Directa,Interventoría & Consultoría,interventoría técnica,"$1,498,457,780 COP",GOBERNACION DEL VALLE DEL CAUCA - SECRETARIA DE EDUCACION,Valle del Cauca,Cali,Concurso de méritos abierto,PADEL AUDITORES SAS,819001616,Contactar al contratista ganador/consorcio para ofrecer suministro y cotización inmediata.,https://community.secop.gov.co/Public/Tendering/OpportunityDetail/Index?noticeUID=CO1.NTC.10246748,"REALIZAR LA INTERVENTORÍA TÉCNICA, ADMINISTRATIVA, FINANCIERA, CONTABLE, JURÍDICA, AMBIENTAL Y SOCIAL EN EL MARCO DEL PROYECTO DENOMINADO:  IMPLEMENTACIÓN DEL PROGRAMA DE ALIMENTACIÓN ESCOLAR (PAE) PARA LOS ESTABLECIMIENTOS EDUCATIVOS OFICIALES PARA "
CO1.REQ.10521668,LP SVIV 001 DE 2026 (Fase de Selección (Presentación de ofertas)),95,Adjudicado (Contratista Seleccionado),Lead B2B de Venta Directa,"Construcción & Obra Civil General, Agua Potable & Saneamiento",alcantarillado,"$1,496,513,457 COP",ALCALDIA MUNICIPAL DE OCAÑA,Norte de Santander,Ocaña,Licitación pública Obra Publica,UNIÓN TEMPORAL INGELCAD,No Definido,Contactar al contratista ganador/consorcio para ofrecer suministro y cotización inmediata.,https://community.secop.gov.co/Public/Tendering/OpportunityDetail/Index?noticeUID=CO1.NTC.10377454,"CONSTRUCCION DE LAS REDES DE ALCANTARILLADO EN SECTORES PRIORIZADOS DE LOS BARRIOS; BELÉN, BERMEJAL, GALÁN, PRIMERO DE MAYO, SIMÓN BOLIVAR Y SURQUITOS, MUNICIPIO DE OCAÑA, NORTE DE SANTANDER"
CO1.REQ.10550838,SI-URT-7-2026 (Presentación de oferta),95,Adjudicado (Contratista Seleccionado),Lead B2B de Venta Directa,Tecnología & Equipos de Cómputo,equipos tecnológicos,"$1,475,800,430 COP",UNIDAD ADMINISTRATIVA ESPECIAL DE GESTION DE RESTITUCION DE TIERRAS DESPOJADAS**,Distrito Capital de Bogotá,Bogotá,Selección abreviada subasta inversa,UT GRUPO OLAM CAPITAL,901946698,Contactar al contratista ganador/consorcio para ofrecer suministro y cotización inmediata.,https://community.secop.gov.co/Public/Tendering/OpportunityDetail/Index?noticeUID=CO1.NTC.10407605,Adquirir equipos tecnológicos para reforzar la plataforma tecnológica de la unidad administrativa especial de gestión de restitución de tierras despojadas
CO1.REQ.10927952,CVP-CM-01-2026 (Presentación de oferta),95,Adjudicado (Contratista Seleccionado),Lead B2B de Venta Directa,Interventoría & Consultoría,interventoría técnica,"$1,439,433,814 COP",CAJA DE LA VIVIENDA POPULAR//,Distrito Capital de Bogotá,Bogotá,Concurso de méritos abierto,CONSORCIO SAN PEDRO HEG,No Definido,Contactar al contratista ganador/consorcio para ofrecer suministro y cotización inmediata.,https://community.secop.gov.co/Public/Tendering/OpportunityDetail/Index?noticeUID=CO1.NTC.10781737,"REALIZAR LA INTERVENTORÍA TÉCNICA, ADMINISTRATIVA, JURÍDICA, FINANCIERA, CONTABLE, SOCIAL, AMBIENTAL Y SSTMA AL CONTRATO DE OBRA CUYO OBJETO ES  EJECUTAR A PRECIOS UNITARIOS FIJOS SIN FÓRMULA DE REAJUSTE, LAS OBRAS DE MEJORAMIENTO DE BARRIOS PRIORIZA"
CO1.REQ.10821648,UPN-VAD-CP-009-2026,95,Adjudicado (Contratista Seleccionado),Lead B2B de Venta Directa,Construcción & Obra Civil General,,"$1,431,557,599 COP",UNIVERSIDAD PEDAGÓGICA NACIONAL,Distrito Capital de Bogotá,No Definido,Contratación régimen especial (con ofertas),CONSORCIO CUBIERTAS IPN 2026,No Definido,Contactar al contratista ganador/consorcio para ofrecer suministro y cotización inmediata.,https://community.secop.gov.co/Public/Tendering/OpportunityDetail/Index?noticeUID=CO1.NTC.10683614,Realizar la fase II de las adecuaciones de las cubiertas del Instituto Pedagógico Nacional
CO1.REQ.10662526,SI-SAM-006-2026 (Manifestación de interés (Menor Cuantía)) (Presentación de oferta),95,Adjudicado (Contratista Seleccionado),Lead B2B de Venta Directa,Construcción & Obra Civil General,infraestructura física,"$1,372,318,102 COP",DEPARTAMENTO DE CORDOBA,Córdoba,Montería,Selección Abreviada de Menor Cuantía,CONSORCIO METROPOL,902091112,Contactar al contratista ganador/consorcio para ofrecer suministro y cotización inmediata.,https://community.secop.gov.co/Public/Tendering/OpportunityDetail/Index?noticeUID=CO1.NTC.10516248,"MANTENIMIENTO DE LA INFRAESTRUCTURA FÍSICA Y DOTACIÓN DE LAS 
SUBESTACIONES Y PUESTOS DE POLICÍA ADSCRITAS A LA POLICÍA METROPOLITANA DE SAN 
JERÓNIMO DE MONTERÍA"
CO1.REQ.10286685,LP-001-2026 (Fase de Selección (Presentación de ofertas)),95,Adjudicado (Contratista Seleccionado),Lead B2B de Venta Directa,"Construcción & Obra Civil General, Agua Potable & Saneamiento",alcantarillado,"$1,353,142,066 COP",ALCALDIA DE GAMA,Cundinamarca,Gama,Licitación pública Obra Publica,JALL S.A.S.,901750665,Contactar al contratista ganador/consorcio para ofrecer suministro y cotización inmediata.,https://community.secop.gov.co/Public/Tendering/OpportunityDetail/Index?noticeUID=CO1.NTC.10143581,CONSTRUCCION Y OPTIMIZACION DEL ALCANTARILLADO SANITARIO Y PLUVIAL DEL CENTRO POBLADO DE SAN ROQUE DEL MUNICIPIO DE GAMA CUNDINAMARCA EN CUMPLIMIENTO DEL CONVENIO EPC-CI-075-2025
CO1.REQ.10927735,MNSGSASSM037-2026 (Presentación de oferta),95,Adjudicado (Contratista Seleccionado),Lead B2B de Venta Directa,"Dotación, Uniformes & Mobiliario",uniformes,"$1,348,382,823 COP",MUNICIPIO DE NEIVA,Huila,Neiva,Selección abreviada subasta inversa,BALOON MARKETING S.A.S. SUMINISTRO BIENES Y SERVICIOS,900429161,Contactar al contratista ganador/consorcio para ofrecer suministro y cotización inmediata.,https://community.secop.gov.co/Public/Tendering/OpportunityDetail/Index?noticeUID=CO1.NTC.10782006,"SUMINISTRO DE UNIFORMES O ROPA DE LABOR VIGENCIA 2026 PARA LOS MIEMBROS DEL CUERPO DE BOMBEROS OFICIALES, AGENTES DE TRÁNSITO, PERSONAL ADMINISTRATIVO Y TRABAJADORES OFICIALES DEL MUNICIPIO DE NEIVA"
CO1.REQ.10598179,FTIC-CM-002-2026 (Presentación de oferta),95,Adjudicado (Contratista Seleccionado),Lead B2B de Venta Directa,Interventoría & Consultoría,interventoría integral,"$1,280,778,537 COP",FONDO UNICO DE TECNOLOGÍAS DE LA INFORMACIÓN Y LAS COMUNICACIONES,Distrito Capital de Bogotá,Bogotá,Concurso de méritos abierto,KRESTON COLOMBIA,800059311,Contactar al contratista ganador/consorcio para ofrecer suministro y cotización inmediata.,https://community.secop.gov.co/Public/Tendering/OpportunityDetail/Index?noticeUID=CO1.NTC.10453446,"Interventoría integral orientada a realizar el seguimiento y la verificación del cumplimiento de las obligaciones técnicas, jurídicas, financieras y administrativas derivadas de los siguientes convenios: A) Lote uno (1) -convenio interadministrativo "
CO1.REQ.10533532,SDM-CD-34-2026,95,Adjudicado (Contratista Seleccionado),Lead B2B de Venta Directa,Tecnología & Equipos de Cómputo,licenciamiento,"$1,260,161,195 COP",SECRETARÍA DISTRITAL DE MOVILIDAD,Distrito Capital de Bogotá,Bogotá,Contratación Directa (con ofertas),ORACLE COLOMBIA LTDA,800103052,Contactar al contratista ganador/consorcio para ofrecer suministro y cotización inmediata.,https://community.secop.gov.co/Public/Tendering/OpportunityDetail/Index?noticeUID=CO1.NTC.10487831,ADQUIRIR LA RENOVACIÓN DEL SOPORTE DEL LICENCIAMIENTO ORACLE DE PROPIEDAD DE LA SECRETARÍA DISTRITAL DE MOVILIDAD
CO1.REQ.10612668,CM112B0426 (Presentación de oferta),95,Adjudicado (Contratista Seleccionado),Lead B2B de Venta Directa,Interventoría & Consultoría,estudios y diseños,"$1,254,140,300 COP",DEPARTAMENTO DE ANTIOQUIA//,Antioquia,Medellín,Concurso de méritos abierto,CONSORCIO RIONEGRO 2026.,No Definido,Contactar al contratista ganador/consorcio para ofrecer suministro y cotización inmediata.,https://community.secop.gov.co/Public/Tendering/OpportunityDetail/Index?noticeUID=CO1.NTC.10469750,"Realizar la consultoría para la elaboración de los estudios y diseños del Plan Maestro de Acueducto de las veredas Río Abajo y Los Pinos del municipio de Rionegro, Antioquia, incluyendo el diagnóstico técnico del sistema existente, la formulación y e"
CO1.REQ.10874957,UPN-VAD-CP-011-2026,95,Adjudicado (Contratista Seleccionado),Lead B2B de Venta Directa,Construcción & Obra Civil General,infraestructura física,"$1,241,249,415 COP",UNIVERSIDAD PEDAGÓGICA NACIONAL,Distrito Capital de Bogotá,No Definido,Contratación régimen especial (con ofertas),CONSORCIO LM.,No Definido,Contactar al contratista ganador/consorcio para ofrecer suministro y cotización inmediata.,https://community.secop.gov.co/Public/Tendering/OpportunityDetail/Index?noticeUID=CO1.NTC.10730474,Realizar las adecuaciones de infraestructura física en los diferentes ambientes de aprendizaje de la Universidad Pedagógica Nacional definidos en el marco de los proyectos desarrollados mediante el convenio atenea-534-2025
CO1.REQ.10671837,CMA-SEGD-002-2026 (Presentación de oferta),95,Adjudicado (Contratista Seleccionado),Lead B2B de Venta Directa,Interventoría & Consultoría,interventoría integral,"$1,227,145,070 COP",ALCALDÍA DEL DISTRITO TURÍSTICO Y CULTURAL DE CARTAGENA DE INDIAS,Bolívar,Cartagena,Concurso de méritos abierto,QBM2 INGENIERIA ELECTRICA S.A.,800008788,Contactar al contratista ganador/consorcio para ofrecer suministro y cotización inmediata.,https://community.secop.gov.co/Public/Tendering/OpportunityDetail/Index?noticeUID=CO1.NTC.10528734,INTERVENTORÍA INTEGRAL AL CONTRATO DE PRESTACIÓN DE SERVICIOS DE ACTIVIDADES INHERENTES AL ALUMBRADO PÚBLICO EN EL DISTRITO DE CARTAGENA DE INDIAS
CO1.REQ.10383641,LP-001-2026 (Presentación de oferta),95,Adjudicado (Contratista Seleccionado),Lead B2B de Venta Directa,Energía Solar & Alumbrado Público,alumbrado público,"$1,197,321,600 COP",ALCALDIA MUNICIPIO DE MANZANARES,Caldas,Manzanares,Licitación pública,CONSORCIO MANZANARES ILUMINADA,No Definido,Contactar al contratista ganador/consorcio para ofrecer suministro y cotización inmediata.,https://community.secop.gov.co/Public/Tendering/OpportunityDetail/Index?noticeUID=CO1.NTC.10240326,"CONCESIÓN PARA LA OPERACIÓN, ADMINISTRACIÓN, MANTENIMIENTO, REPOSICIÓN Y EXPANSIÓN DEL SISTEMA DE ALUMBRADO PÚBLICO, EN EL MUNICIPIO DE MANZANARES, CALDAS"
CO1.REQ.10730221,LP-002-2026-IND (Fase de Selección (Presentación de ofertas)),95,Adjudicado (Contratista Seleccionado),Lead B2B de Venta Directa,Construcción & Obra Civil General,,"$1,182,564,918 COP",INSTITUTO DEPARTAMENTAL DEL DEPORTE Y LA RECREACIÓN DEL DEPARTAMENTO DE ARAUCA,Arauca,Arauca,Licitación pública Obra Publica,CIVIND INGENIERIA,901141856,Contactar al contratista ganador/consorcio para ofrecer suministro y cotización inmediata.,https://community.secop.gov.co/Public/Tendering/OpportunityDetail/Index?noticeUID=CO1.NTC.10584668,"CONSTRUCCION DE CANCHA SINTÉTICA EN EL ESCENARIO DEPORTIVO DEL INDER, EN EL MUNICIPIO DE ARAUCA, DEL DEPARTAMENTO DE ARAUCA"
CO1.REQ.10851408,UPN-VAD-CP-012-2026,95,Adjudicado (Contratista Seleccionado),Lead B2B de Venta Directa,Construcción & Obra Civil General,infraestructura física,"$1,166,501,577 COP",UNIVERSIDAD PEDAGÓGICA NACIONAL,Distrito Capital de Bogotá,No Definido,Contratación régimen especial (con ofertas),CONSORCIO ATILA,No Definido,Contactar al contratista ganador/consorcio para ofrecer suministro y cotización inmediata.,https://community.secop.gov.co/Public/Tendering/OpportunityDetail/Index?noticeUID=CO1.NTC.10707795,Realizar las adecuaciones de infraestructura física de la piscina ubicada en las instalaciones de la Calle 72 de la universidad Pedagógica Nacional.
CO1.REQ.10509592,UAECOB-LP-002-2026 (Presentación de oferta),95,Adjudicado (Contratista Seleccionado),Lead B2B de Venta Directa,Tecnología & Equipos de Cómputo,"seguridad perimetral, infraestructura tecnológica","$1,166,406,100 COP",UNIDAD ADMINISTRATIVA ESPECIAL CUERPO OFICIAL DE BOMBEROS DE BOGOTA,Distrito Capital de Bogotá,Bogotá,Licitación pública,Heimcore SAS,900425697,Contactar al contratista ganador/consorcio para ofrecer suministro y cotización inmediata.,https://community.secop.gov.co/Public/Tendering/OpportunityDetail/Index?noticeUID=CO1.NTC.10366673,"CONTRATAR LA ADQUISICIÓN, RENOVACIÓN, IMPLEMENTACIÓN Y SOPORTE TÉCNICO DE SOLUCIONES INTEGRALES DE INFRAESTRUCTURA TECNOLÓGICA, SEGURIDAD PERIMETRAL, GESTIÓN DE SERVICIOS TI Y CONTINUIDAD DEL NEGOCIO (CLOUD & BACKUP) PARA LA UNIDAD ADMINISTRATIVA ESP"
CO1.REQ.10656358,LP 01 DE 2026 FRR - SISTEMA FOTOVOLTAICO (Fase de Selección (Presentación de ofertas)),95,Adjudicado (Contratista Seleccionado),Lead B2B de Venta Directa,"Construcción & Obra Civil General, Energía Solar & Alumbrado Público","fotovoltaica, fotovoltaico, sistema fotovoltaico","$1,148,947,210 COP",FONDO ROTATORIO DE LA REGISTRADURIA,Distrito Capital de Bogotá,No Definido,Licitación pública Obra Publica,UNIÓN TEMPORAL REGISTRADURÍA FOTOVOLTAICA,No Definido,Contactar al contratista ganador/consorcio para ofrecer suministro y cotización inmediata.,https://community.secop.gov.co/Public/Tendering/OpportunityDetail/Index?noticeUID=CO1.NTC.10510668,Implementar un sistema de energía fotovoltaica en algunas sedes del nivel desconcentrado de la Registraduría Nacional del estado Civil.
CO1.REQ.10848719,CARDER CD CI 854-2026 ESTUFAS Y STARD,95,Adjudicado (Contratista Seleccionado),Lead B2B de Venta Directa,"Construcción & Obra Civil General, Agua Potable & Saneamiento","aguas residuales, tratamiento de aguas","$1,123,875,150 COP",CORPORACION AUTONOMA REGIONAL DE RISARALDA,Risaralda,Pereira,Contratación Directa (con ofertas),EMPRESA DE DESARROLLO TERRITORIAL URBANO Y RURAL DE RISARALDA - EDUR,900118630,Contactar al contratista ganador/consorcio para ofrecer suministro y cotización inmediata.,https://community.secop.gov.co/Public/Tendering/OpportunityDetail/Index?noticeUID=CO1.NTC.10709019,"Aunar esfuerzos entre la CORPORACION AUTONOMA REGIONAL DE RISARALDA CARDER y la EMPRESA DE DESARROLLO URBANO Y RURAL DE RISARALDA - EDUR, para el mejoramiento del saneamiento hídrico de las cuencas hidrográficas rurales mediante la construcción de si"
CO1.REQ.10706093,SASI-03-2026 (Presentación de oferta),95,Adjudicado (Contratista Seleccionado),Lead B2B de Venta Directa,Tecnología & Equipos de Cómputo,equipos de cómputo,"$1,115,532,980 COP",MINISTERIO DE MINAS Y ENERGIA,Distrito Capital de Bogotá,Bogotá,Selección abreviada subasta inversa,NUEVA ERA SOLUCIONES S.A.S.,830037278,Contactar al contratista ganador/consorcio para ofrecer suministro y cotización inmediata.,https://community.secop.gov.co/Public/Tendering/OpportunityDetail/Index?noticeUID=CO1.NTC.10561156,"Adquirir equipos de cómputo para usuario final, con el fin de garantizar la disponibilidad, actualización y eficiencia en el desarrollo de las funciones institucionales del Ministerio."
CO1.REQ.10736434,9016003 (Manifestación de interés (Menor Cuantía)) (Presentación de oferta),95,Adjudicado (Contratista Seleccionado),Lead B2B de Venta Directa,"Construcción & Obra Civil General, Agua Potable & Saneamiento","ptar, acueducto, alcantarillado","$1,114,042,925 COP",DISTRITO ESPECIAL DE CIENCIA TECNOLOGIA E INNOVACION DE MEDELLIN,Antioquia,Medellín,Selección Abreviada de Menor Cuantía,AZ CONSTRUCCIONES SAS,811011847,Contactar al contratista ganador/consorcio para ofrecer suministro y cotización inmediata.,https://community.secop.gov.co/Public/Tendering/OpportunityDetail/Index?noticeUID=CO1.NTC.10590509,Construcción de obras de mantenimiento de la PTAR y de redes para los sistemas de acueducto y alcantarillado en la Vereda La Aldea Parte Baja del corregimiento de San Sebastián de Palmitas
CO1.REQ.10892901,SGA-SASI-12-2026 (Presentación de oferta),95,Adjudicado (Contratista Seleccionado),Lead B2B de Venta Directa,Tecnología & Equipos de Cómputo,"seguridad perimetral, licenciamiento, infraestructura tecnológica","$1,087,115,776 COP",SECRETARÍA GENERAL DE LA ALCALDÍA MAYOR DE BOGOTÁ,Distrito Capital de Bogotá,Bogotá,Selección abreviada subasta inversa,UT DataSEYC,5896312378,Contactar al contratista ganador/consorcio para ofrecer suministro y cotización inmediata.,https://community.secop.gov.co/Public/Tendering/OpportunityDetail/Index?noticeUID=CO1.NTC.10747910,Adquirir la renovación del licenciamiento y soporte para los sistemas de seguridad perimetral que hacen parte de la infraestructura tecnológica de la Secretaría General y la Secretaría Jurídica Distrital de la Alcaldía Mayor de Bogotá D.C.
CO1.REQ.10784524,CDFP-027-26-1,95,Adjudicado (Contratista Seleccionado),Lead B2B de Venta Directa,"Tecnología & Equipos de Cómputo, Salud: Insumos & Equipos Médicos, Dotación, Uniformes & Mobiliario","biomédicos, laboratorio clínico, reactivos, muebles, equipos de cómputo, equipos biomédicos","$1,069,000,000 COP",ESE HOSPITAL LOCAL CARTAGENA DE INDIAS.*,Bolívar,Cartagena,Contratación régimen especial (con ofertas),Comprolab S.A.S,860350711,Contactar al contratista ganador/consorcio para ofrecer suministro y cotización inmediata.,https://community.secop.gov.co/Public/Tendering/OpportunityDetail/Index?noticeUID=CO1.NTC.10638464,"SUMINISTRO DE REACTIVOS, INSUMOS, DISPOSITIVOS MÉDICO-QUIRÚRGICOS, PRUEBAS RÁPIDAS, CONTROLES DE CALIDAD INTERNO Y EXTERNO, Y/O LO DEMÁS QUE SE REQUIERA, ASÍ COMO LA DOTACIÓN EN MODALIDAD DE COMODATO DE EQUIPOS BIOMÉDICOS, EQUIPOS DE CÓMPUTO Y SUS AC"
CO1.REQ.11005090,ARBOLETES OBRA 17258,95,Adjudicado (Contratista Seleccionado),Lead B2B de Venta Directa,Construcción & Obra Civil General,obras complementarias,"$1,052,543,596 COP",DEPARTAMENTO DE ANTIOQUIA//,Antioquia,Medellín,Contratación régimen especial (con ofertas),MUNICIPIO DE ARBOLETES,890985623,Contactar al contratista ganador/consorcio para ofrecer suministro y cotización inmediata.,https://community.secop.gov.co/Public/Tendering/OpportunityDetail/Index?noticeUID=CO1.NTC.10859177,"AUNAR ESFUERZOS TÉCNICOS, ADMINISTRATIVOS, FINANCIEROS Y OPERATIVOS ENTRE EL DEPARTAMENTO DE ANTIOQUIA Y EL MUNICIPIO DE ARBOLETES PARA LA EJECUCIÓN DE OBRAS DE MITIGACIÓN Y REDUCCIÓN DEL RIESGO EN LAS SUBREGIONES DEL DEPARTAMENTO DE ANTIOQUIA, EN EL"
CO1.REQ.10822689,RE-ESAL-AMA-002-2026,95,Adjudicado (Contratista Seleccionado),Lead B2B de Venta Directa,Alimentación Escolar (PAE),"pae, alimentación escolar, alimentacion escolar","$1,049,016,828 COP",ALCALDÍA MUNICIPAL DE AQUITANIA,Boyacá,Aquitania,Contratación régimen especial (con ofertas),FUNDACION SOMOS MANOS UNIDAS,900402667,Contactar al contratista ganador/consorcio para ofrecer suministro y cotización inmediata.,https://community.secop.gov.co/Public/Tendering/OpportunityDetail/Index?noticeUID=CO1.NTC.10677500,"AUNAR ESFUERZOS TECNICOS, ADMINISTRATIVOS Y FINANCIEROS PARA BRINDAR ALIMENTACION ESCOLAR A LOS ESTUDIANTES MATRICULADOS EN LAS INSTITUCIONES EDUCATIVAS OFICIALES DEL MUNICIPIO DE AQUITANIA-BOYACA, DE ACUERDO CON LOS LINEAMIENTOS ESTABLECIDOS Y ADOPT"
CO1.REQ.10955924,SA-2026-10 (Manifestación de interés (Menor Cuantía)) (Presentación de oferta),95,Adjudicado (Contratista Seleccionado),Lead B2B de Venta Directa,Construcción & Obra Civil General,pavimento rígido,"$1,006,453,489 COP",ALCALDIA DE PASTO,Nariño,Pasto,Selección Abreviada de Menor Cuantía,CONSORCIO COSTAYMO,No Definido,Contactar al contratista ganador/consorcio para ofrecer suministro y cotización inmediata.,https://community.secop.gov.co/Public/Tendering/OpportunityDetail/Index?noticeUID=CO1.NTC.10809879,"El Contratista se compromete para con el Municipio de Pasto - Secretaría de Infraestructura y Valorización, a realizar la obra,  MEJORAMIENTO CON PAVIMENTO RÍGIDO CRA 1E LORENZO, CRA 7 SANTA FE, CRA 23A LA LOMITA; MEJORAMIENTO CON PAVIMENTO ASFÁLTICO"
CO1.REQ.10350876,CM-PDA-014-2026 (Presentación de oferta),95,Adjudicado (Contratista Seleccionado),Lead B2B de Venta Directa,Interventoría & Consultoría,interventoría integral,"$1,004,431,223 COP",EMPRESAS PÚBLICAS DE CUNDINAMARCA S.A. E.S.P.,Distrito Capital de Bogotá,Bogotá,Concurso de méritos abierto,H2O CONSULTING SAS,830091774,Contactar al contratista ganador/consorcio para ofrecer suministro y cotización inmediata.,https://community.secop.gov.co/Public/Tendering/OpportunityDetail/Index?noticeUID=CO1.NTC.10207592,INTERVENTORÍA INTEGRAL A LA  CONSTRUCCIÓN DE LA FASE I DEL PLAN MAESTRO DE ACUEDUCTO Y ALCANTARILLADO DEL MUNICIPIO DE CAPARRAPÍ - CUNDINAMARCA  y  CONSTRUCCIÓN DE LA ALTERNATIVA DE ABASTECIMIENTO Y TRATAMIENTO DE AGUA POTABLE EN EL MUNICIPIO DE NOCA
CO1.REQ.10969320,SA SI 014-030-2026 (Presentación de oferta),95,Adjudicado (Contratista Seleccionado),Lead B2B de Venta Directa,"Eventos, Logística & Víveres","frutas, hortalizas, verduras","$1,000,000,000 COP",AGENCIA LOGISTICA DE LAS FUERZAS MILITARES,Distrito Capital de Bogotá,Bogotá,Selección abreviada subasta inversa,No Definido,No Definido,Contactar al contratista ganador/consorcio para ofrecer suministro y cotización inmediata.,https://community.secop.gov.co/Public/Tendering/OpportunityDetail/Index?noticeUID=CO1.NTC.10826049,SUMINISTRO DE FRUTAS; VERDURAS Y HORTALIZAS PARA LOS COMEDORES DE TROPA DE LA BR3-BR8-BR29-BR23 Y CUANDO SEA REQUERIDO POR OTRA UNIDAD MILITAR Y/O DE NEGOCIO DE LA REGIONAL SUROCCIDENTE
CO1.REQ.11097523,CD-SI-1636-2026,95,Adjudicado (Contratista Seleccionado),Lead B2B de Venta Directa,Construcción & Obra Civil General,"vias terciarias, mejoramiento de vias","$1,000,000,000 COP",GOBERNACION DE CALDAS,Caldas,No Definido,Contratación Directa (con ofertas),MUNICIPIO DE PENSILVANIA,890801137,Contactar al contratista ganador/consorcio para ofrecer suministro y cotización inmediata.,https://community.secop.gov.co/Public/Tendering/OpportunityDetail/Index?noticeUID=CO1.NTC.10958561,"AUNAR ESFUERZOS TECNICOS, ADMINISTRATIVOS Y FINANCIEROS PARA EL MEJORAMIENTO DE VIAS TERCIARIAS MEDIANTE LA CONSTRUCCION DE PLACAS HUELLAS EN LA ZONA RURAL EN EL MUNICIPIO DE PENSILVANIA DEL DEPARTAMENTO DE CALDAS"
CO1.REQ.11074388,CD-SI-1613-2026,95,Adjudicado (Contratista Seleccionado),Lead B2B de Venta Directa,Construcción & Obra Civil General,"vías terciarias, mejoramiento de vías","$1,000,000,000 COP",GOBERNACION DE CALDAS,Caldas,No Definido,Contratación Directa (con ofertas),MUNICIPIO DE AGUADAS,890801132,Contactar al contratista ganador/consorcio para ofrecer suministro y cotización inmediata.,https://community.secop.gov.co/Public/Tendering/OpportunityDetail/Index?noticeUID=CO1.NTC.10931278,"AUNAR ESFUERZOS TÉCNICOS, ADMINISTRATIVOS Y FINANCIEROS PARA EL MEJORAMIENTO DE VÍAS TERCIARIAS MEDIANTE LA CONSTRUCCIÓN DE PLACAS HUELLA EN LA ZONA RURAL EN EL MUNICIPIO DE AGUADAS DEPARTAMENTO DE CALDAS"
CO1.REQ.10747182,CGR-255-2026,93,Adjudicado (Contratista Seleccionado),Lead B2B de Venta Directa,Tecnología & Equipos de Cómputo,"redes de datos, infraestructura tecnológica","$7,852,368,407 COP",CGR-NIVEL CENTRAL,Distrito Capital de Bogotá,No Definido,Contratación Directa (con ofertas),Corporación Colombia Digital,830101214,Contactar al contratista ganador/consorcio para ofrecer suministro y cotización inmediata.,https://community.secop.gov.co/Public/Tendering/OpportunityDetail/Index?noticeUID=CO1.NTC.10601846,"FORTALECER LA INFRAESTRUCTURA TECNOLÓGICA Y LOS SERVICIOS DE CONECTIVIDD INSTITUCIONAL DE LA CONTRALORÍA GENERAL DE LA REPÚBLICA MEDIANTE PLATAFORMAS DE COMUNICACIONES, REDES DE DATOS, SEGURIDAD DIGITAL Y SERVICIOS DIGITALES, PARA SOPORTAR LA TRANSFO"
CO1.REQ.10671942,SASI 002 DE 2026 (Presentación de oferta),93,Adjudicado (Contratista Seleccionado),Lead B2B de Venta Directa,Tecnología & Equipos de Cómputo,"seguridad perimetral, licenciamiento","$6,384,948,664 COP",SUPERINTENDENCIA DE NOTARIADO Y REGISTRO,Distrito Capital de Bogotá,Bogotá,Selección abreviada subasta inversa,Q&C INGENIERIA SAS,830092541,Contactar al contratista ganador/consorcio para ofrecer suministro y cotización inmediata.,https://community.secop.gov.co/Public/Tendering/OpportunityDetail/Index?noticeUID=CO1.NTC.10530347,"ADQUISICIÓN Y RENOVACIÓN DE EQUIPOS DE NETWORKING, SEGURIDAD PERIMETRAL, CONECTIVIDAD WIRELESS Y CONTROL DE ACCESO, INCLUYENDO LICENCIAMIENTO, SOPORTE Y GARANTÍA."
CO1.REQ.10663439,MP-SI-CD-CINT-438-2026,93,Adjudicado (Contratista Seleccionado),Lead B2B de Venta Directa,Agua Potable & Saneamiento,"acueducto, alcantarillado","$4,823,763,350 COP",MUNICIPIO DE PITALITO,Huila,Pitalito,Contratación Directa (con ofertas),EMPRESA DE SERVICIOS PUBLICOS DOMICILIARIOS DE PITALITO EMPITALITO E.S.P,800089312,Contactar al contratista ganador/consorcio para ofrecer suministro y cotización inmediata.,https://community.secop.gov.co/Public/Tendering/OpportunityDetail/Index?noticeUID=CO1.NTC.10518113,"AUNAR ESFUERZOS ENTRE EL MUNICIPIO DE PITALITO Y LA EMPRESA DE SERVICIOS PUBLICOS DOMICILIARIOS DE PITALITO EMPITALITO E.S.P. PARA LA CONSTRUCCIÓN, OPTIMIZACIÓN Y REPOSICION DE REDES DE ACUEDUCTO, ALCANTARILLADO Y OBRAS CONEXAS EN LA TRANSVERSAL 3RA "
CO1.REQ.10574050,2026-VIVA-IA-010,93,Adjudicado (Contratista Seleccionado),Lead B2B de Venta Directa,"Construcción & Obra Civil General, Agua Potable & Saneamiento","aguas residuales, tratamiento de aguas","$4,747,316,454 COP",EMPRESA DE VIVIENDA DE ANTIOQUIA-VIVA,Antioquia,Medellín,Contratación régimen especial (con ofertas),Consorcio Pozos sépticos VIVA 2026,No Definido,Contactar al contratista ganador/consorcio para ofrecer suministro y cotización inmediata.,https://community.secop.gov.co/Public/Tendering/OpportunityDetail/Index?noticeUID=CO1.NTC.10430701,EJECUCIÓN DEL PROYECTO DE MEJORAMIENTO DE LA CALIDAD DEL RECURSO HÍDRICO MEDIANTE LA IMPLEMENTACIÓN DE SISTEMAS DE TRATAMIENTO DE AGUAS RESIDUALES DOMÉSTICAS TIPO SÉPTICO ADICIONADO CON FILTRO ANAERÓBICO DE FLUJO ASCENDENTE (FAFA).
CO1.REQ.10391392,SASI-001-2026 (Presentación de oferta),93,Adjudicado (Contratista Seleccionado),Lead B2B de Venta Directa,Tecnología & Equipos de Cómputo,"software, infraestructura tecnológica","$4,706,370,200 COP",ARCHIVO GENERAL DE LA NACION,Distrito Capital de Bogotá,No Definido,Selección abreviada subasta inversa,UT CONVTI,902071509,Contactar al contratista ganador/consorcio para ofrecer suministro y cotización inmediata.,https://community.secop.gov.co/Public/Tendering/OpportunityDetail/Index?noticeUID=CO1.NTC.10247884,"Adquirir hardware e instalación para la infraestructura Tecnológica del Archivo General de
La Nación, como solución integrada de almacenamiento, recursos informáticos, red y
gestión, completamente terminada y operativa, para mantener la operación tec"
CO1.REQ.10789614,CPS-228-2026,93,Adjudicado (Contratista Seleccionado),Lead B2B de Venta Directa,"Agua Potable & Saneamiento, Vehículos & Maquinaria","agua potable, acueducto","$4,609,250,000 COP",MUNICIPIO DE URIBIA,La Guajira,Uribia,Contratación Directa (con ofertas),AAA URIBIA S.A.S E.S.P,900375703,Contactar al contratista ganador/consorcio para ofrecer suministro y cotización inmediata.,https://community.secop.gov.co/Public/Tendering/OpportunityDetail/Index?noticeUID=CO1.NTC.10643175,"DISTRIBUCIÓN Y TRANSPORTE DE
AGUA POTABLE DURANTE EL SEGUNDO SEMESTRE DEL 2026, MEDIANTE EL USO DE
EQUIPOS CONVENCIONALES - CAMIONES CISTERNA, EN COMUNIDADES INDÍGENAS
DISPERSAS NO CONECTADAS A LA RED DE ACUEDUCTO, EN CUMPLIMIENTO DE LA
SENTENCIA T- "
CO1.REQ.10574368,SASI-VLL-CEAI-002-2026 (Presentación de oferta),93,Adjudicado (Contratista Seleccionado),Lead B2B de Venta Directa,Tecnología & Equipos de Cómputo,"software, licenciamiento","$2,113,740,000 COP",SENA REGIONAL VALLE Grupo de Apoyo Administrativo Mixto,Valle del Cauca,Cali,Selección abreviada subasta inversa,UT SOFTWARE CALI,902085638,Contactar al contratista ganador/consorcio para ofrecer suministro y cotización inmediata.,https://community.secop.gov.co/Public/Tendering/OpportunityDetail/Index?noticeUID=CO1.NTC.10430908,Adquirir el licenciamiento del software SOLIDWORKS en modalidad suscripción SaaS (nube) para los Centros de Formación del Servicio Nacional de Aprendizaje SENA
CO1.REQ.10812292,CD-SPI-261-2026,93,Adjudicado (Contratista Seleccionado),Lead B2B de Venta Directa,"Construcción & Obra Civil General, Agua Potable & Saneamiento","acueducto, alcantarillado, obras complementarias","$1,958,736,230 COP",MUNICIPIO DE ABEJORRAL,Antioquia,Abejorral,Contratación Directa (con ofertas),EMPRESA DE DESARROLLO TERRITORIAL DE DON MATIAS,901852866,Contactar al contratista ganador/consorcio para ofrecer suministro y cotización inmediata.,https://community.secop.gov.co/Public/Tendering/OpportunityDetail/Index?noticeUID=CO1.NTC.10666706,"CONTRATO INTERADMINISTRATIVO DE MANDATO SIN REPRESENTACIÓN PARA LA GERENCIA Y ADMINISTRACIÓN DEL PROYECTO DE REPOSICIÓN DE REDES DE ACUEDUCTO, ALCANTARILLADO Y OBRAS COMPLEMENTARIAS FASE 1 DEL MUNICIPIO DE ABEJORRAL (ANTIOQUIA)."
CO1.REQ.10891030,1300.19.3.001.2026,93,Adjudicado (Contratista Seleccionado),Lead B2B de Venta Directa,Agua Potable & Saneamiento,"agua potable, planta de tratamiento","$1,600,000,000 COP",MUNICIPIO DE YUMBO VALLE,Valle del Cauca,No Definido,Contratación Directa (con ofertas),EMPRESA OFICIAL DE SERVICIOS PÚBLICOS DE YUMBO S.A. ESP,900005956,Contactar al contratista ganador/consorcio para ofrecer suministro y cotización inmediata.,https://community.secop.gov.co/Public/Tendering/OpportunityDetail/Index?noticeUID=CO1.NTC.10746136,OPTIMIZAR LOS PROCESOS DE OPERACION Y FUNCIONAMIENTO DE LA PLANTA DE TRATAMIENTO DE AGUA POTABLE PLATANARES DEL MUNICIPIO DE YUMBO
CO1.REQ.11017776,SAMC-SV-031-2026 (Manifestación de interés (Menor Cuantía)) (Presentación de oferta),93,Adjudicado (Contratista Seleccionado),Lead B2B de Venta Directa,"Construcción & Obra Civil General, Agua Potable & Saneamiento","acueducto, alcantarillado","$1,481,165,192 COP",GOBERNACION DE CALDAS,Caldas,No Definido,Selección Abreviada de Menor Cuantía,Gildardo Ocampo Montes,No Definido,Contactar al contratista ganador/consorcio para ofrecer suministro y cotización inmediata.,https://community.secop.gov.co/Public/Tendering/OpportunityDetail/Index?noticeUID=CO1.NTC.10873206,CONSTRUCCION DE REDES DE ACUEDUCTO Y ALCANTARILLADO EN DIFERENTES SECTORES DEL MUNICIPIO DE LA DORADA CALDAS
CO1.REQ.10551489,121-GINREDPA-2026 (Manifestación de interés (Menor Cuantía)) (Presentación de oferta),93,Adjudicado (Contratista Seleccionado),Lead B2B de Venta Directa,"Construcción & Obra Civil General, Agua Potable & Saneamiento","agua potable, planta de tratamiento","$1,378,024,111 COP",DIMAR - GRUPO INTENDENCIA REGIONAL PACIFICO,Valle del Cauca,No Definido,Selección Abreviada de Menor Cuantía,CORENA INGENIERIA SAS,900778046,Contactar al contratista ganador/consorcio para ofrecer suministro y cotización inmediata.,https://community.secop.gov.co/Public/Tendering/OpportunityDetail/Index?noticeUID=CO1.NTC.10407641,"CONSTRUCCIÓN DE LA NUEVA PLANTA DE TRATAMIENTO DE AGUA POTABLE PARA LAS INSTALACIONES DEL CENTRO DE INVESTIGACIONES OCEANOGRÁFICAS E HIDROGRÁFICAS DEL PACIFICO UBICADO EN TUMACO, EN CUMPLIMIENTO DE LO ESTABLECIDO EN EL PLAN NACIONAL DE INFRAESTRUCTUR"
CO1.REQ.10640997,SGCC-SA-SU-007-2026 (Presentación de oferta),93,Adjudicado (Contratista Seleccionado),Lead B2B de Venta Directa,Tecnología & Equipos de Cómputo,"computadores, equipos de cómputo","$1,019,931,000 COP",SECRETARIA GENERAL Y DE CERCANIA AL CIUDADANO,Distrito Capital de Bogotá,Bogotá,Selección abreviada subasta inversa,REDCOMPUTO LTDA,830016004,Contactar al contratista ganador/consorcio para ofrecer suministro y cotización inmediata.,https://community.secop.gov.co/Public/Tendering/OpportunityDetail/Index?noticeUID=CO1.NTC.10496632,"ADQUIRIR EQUIPOS DE CÓMPUTO PARA LA SECRETARÍA GENERAL Y DE CERCANIA AL CIUDADANO EN CUMPLIMIENTO DEL PLAN DE DESARROLLO, CORRESPONDIENTE A LA META 349  RENOVAR EL 15% DE LOS EQUIPOS DE CÓMPUTO DE  USO INSTITUCIONAL"
CO1.REQ.10753631,LP-004-2026 (Fase de Selección (Presentación de ofertas)),93,Adjudicado (Contratista Seleccionado),Lead B2B de Venta Directa,"Construcción & Obra Civil General, Agua Potable & Saneamiento","aguas residuales, tratamiento de aguas","$1,019,633,877 COP",AGUAS DE MANIZALES,Caldas,Manizales,Licitación pública Obra Publica,OBRAS PTAR 2026,No Definido,Contactar al contratista ganador/consorcio para ofrecer suministro y cotización inmediata.,https://community.secop.gov.co/Public/Tendering/OpportunityDetail/Index?noticeUID=CO1.NTC.10607710,"OPTIMIZACIÓN, ADECUACIÓN Y MANTENIMIENTO DE SISTEMAS DE TRATAMIENTO DE AGUAS RESIDUALES LOCALIZADOS EN ZONA RURAL DEL MUNICIPIO DE MANIZALES EN CUMPLIMIENTO DEL FALLO DE LA AP 2023-00265 Y EN EL MARCO DEL CONTRATO INTERADMINISTRATIVO 2509241073 SUSCR"
CO1.REQ.11065968,SAMC-001- 2026,90,Licitación Abierta (En Ofertas),Oportunidad de Alianza / Cotización,Construcción & Obra Civil General,infraestructura educativa,"$192,640,594,000 COP",IE ASNAZU,Cauca,Suárez,Selección Abreviada de Menor Cuantía,No Definido,No Definido,Compartir la oportunidad con clientes aliados para que presenten oferta incluyendo nuestros suministros.,https://community.secop.gov.co/Public/Tendering/OpportunityDetail/Index?noticeUID=CO1.NTC.10922170,"CONTRATAR LA EJECUCIÓN DE LAS OBRAS DE MEJORAMIENTO, ADECUACIÓN Y MANTENIMIENTO DE LA INFRAESTRUCTURA EDUCATIVA DE LAS INSTITUCIONES EDUCATIVAS ASNAZÚ Y LA BETULIA, UBICADAS EN EL MUNICIPIO DE SUÁREZ, CAUCA, Y DE LA INSTITUCIÓN EDUCATIVA SAGRADA FAMI"
CO1.REQ.10573078,LP-SEG-3075-2026 (Presentación de oferta),90,Adjudicado (Contratista Seleccionado),Lead B2B de Venta Directa,Alimentación Escolar (PAE),"pae, alimentación escolar","$81,540,019,500 COP",Gobernación Norte de Santander*,Norte de Santander,Cúcuta,Licitación pública,UT ALIMENTAR NORTE 2026,902094866,Contactar al contratista ganador/consorcio para ofrecer suministro y cotización inmediata.,https://community.secop.gov.co/Public/Tendering/OpportunityDetail/Index?noticeUID=CO1.NTC.10590391,"SERVICIO DE ALIMENTACIÓN ESCOLAR A NIÑOS, NIÑAS, ADOLESCENTES Y JÓVENES DE INSTITUCIONES EDUCATIVAS OFICIALES DURANTE LA VIGENCIA 2026 EN LOS MUNICIPIOS NO CERTIFICADOS EN EDUCACIÓN DEL DEPARTAMENTO NORTE DE SANTANDER"
CO1.REQ.11082432,LOP-SIN-0007-2026,90,Licitación Abierta (En Ofertas),Oportunidad de Alianza / Cotización,Construcción & Obra Civil General,infraestructura educativa,"$43,358,844,667 COP",GOBERNACION DEL DEPARTAMENTO DEL CESAR,Cesar,Valledupar,Licitación pública Obra Publica,No Definido,No Definido,Compartir la oportunidad con clientes aliados para que presenten oferta incluyendo nuestros suministros.,https://community.secop.gov.co/Public/Tendering/OpportunityDetail/Index?noticeUID=CO1.NTC.10946865,MEJORAMIENTO DE LA INFRAESTRUCTURA EDUCATIVA EN DISTINTOS MUNICIPIOS DEL DEPARTAMENTO DEL CESAR
CO1.REQ.10501786,CW389804,90,Licitación Abierta (En Ofertas),Oportunidad de Alianza / Cotización,"Construcción & Obra Civil General, Agua Potable & Saneamiento",acueducto,"$35,631,613,728 COP",EMPRESAS PUBLICAS DE MEDELLIN E.S.P.,Antioquia,Medellín,Contratación régimen especial,No Definido,No Definido,Compartir la oportunidad con clientes aliados para que presenten oferta incluyendo nuestros suministros.,https://community.secop.gov.co/Public/Tendering/OpportunityDetail/Index?noticeUID=CO1.NTC.10359510,"R3 - Mantenimiento, reposición, extensión y construcción de redes, acometidas y obras accesorias de la infraestructura de acueducto de EPM (grupo 1)"
CO1.REQ.11091903,LP-SGR-0011-2026,90,Licitación Abierta (En Ofertas),Oportunidad de Alianza / Cotización,Alimentación Escolar (PAE),"pae, complementos alimentarios, alimentación escolar, alimentacion escolar","$30,554,669,840 COP",GOBERNACION DEL DEPARTAMENTO DEL CESAR,Cesar,Valledupar,Licitación pública,No Definido,No Definido,Compartir la oportunidad con clientes aliados para que presenten oferta incluyendo nuestros suministros.,https://community.secop.gov.co/Public/Tendering/OpportunityDetail/Index?noticeUID=CO1.NTC.10947395,SUMINISTRO DE COMPLEMENTOS ALIMENTARIOS A LOS ESTUDIANTES MATRICULADOS EN LOS ESTABLECIMIENTOS EDUCATIVOS OFICIALES DE LAS ZONAS URBANAS Y RURALES EN EL MARCO DEL PROGRAMA DE ALIMENTACION ESCOLAR DESARROLLADO EN 24 MUNICIPIOS NO CERTIFICADOS DEL DEPA
CO1.REQ.11084633,ICCU-LP-031-2026 (Fase de Selección (Presentación de ofertas)),90,Licitación Abierta (En Ofertas),Oportunidad de Alianza / Cotización,Construcción & Obra Civil General,mejoramiento de vías,"$29,730,629,659 COP",INSTITUTO DE CAMINOS Y CONSTRUCCIONES DE CUNDINAMARCA - ICCU,Distrito Capital de Bogotá,Bogotá,Licitación pública Obra Publica,No Definido,No Definido,Compartir la oportunidad con clientes aliados para que presenten oferta incluyendo nuestros suministros.,https://community.secop.gov.co/Public/Tendering/OpportunityDetail/Index?noticeUID=CO1.NTC.10940536,"MEJORAMIENTO DE VÍAS DE CUNDINAMARCA GRUPO A
Lote 1:  MEJORAMIENTO Y REHABILITACIÓN DE LA VÍA QUE CONDUCE DE CUCUNUBÁ A UBATE, EN EL DEPARTAMENTO DE CUNDINAMARCA
Lote 2: MEJORAMIENTO Y REHABILITACION DE LA VÍA QUE DESDE EL CASCO URBANO DEL MUNICIPIO "
CO1.REQ.11042595,LP-PDA-004-2026,90,Licitación Abierta (En Ofertas),Oportunidad de Alianza / Cotización,"Construcción & Obra Civil General, Agua Potable & Saneamiento","ptar, alcantarillados","$25,920,432,799 COP",EMPRESAS PÚBLICAS DE CUNDINAMARCA S.A. E.S.P.,Distrito Capital de Bogotá,Bogotá,Licitación pública Obra Publica,No Definido,No Definido,Compartir la oportunidad con clientes aliados para que presenten oferta incluyendo nuestros suministros.,https://community.secop.gov.co/Public/Tendering/OpportunityDetail/Index?noticeUID=CO1.NTC.10903545,CONSTRUCCIÓN Y/O OPTIMIZACIÓN DE SISTEMAS DE ALCANTARILLADOS (SANITARIO Y PLUVIAL) Y PTAR EN EL DEPARTAMENTO DE CUNDINAMARCA POR LOTES - APROPIACIÓN.
CO1.REQ.10762388,SED-LP-003-2026 (Presentación de oferta),90,Adjudicado (Contratista Seleccionado),Lead B2B de Venta Directa,Alimentación Escolar (PAE),"pae, alimentación escolar","$24,930,102,170 COP",GOBERNACIÓN DEPARTAMENTO DEL PUTUMAYO,Putumayo,Mocoa,Licitación pública,FUPADESO,900585288,Contactar al contratista ganador/consorcio para ofrecer suministro y cotización inmediata.,https://community.secop.gov.co/Public/Tendering/OpportunityDetail/Index?noticeUID=CO1.NTC.10617028,"FORTALECIMIENTO DEL ACCESO Y PERMANENCIA DE LOS NIÑOS, NIÑAS, ADOLESCENTES Y JÓVENES EN LOS ESTABLECIMIENTOS EDUCATIVOS OFICIALES, MEDIANTE LA ESTRATEGIA DE ALIMENTACIÓN ESCOLAR DURANTE EL SEGUNDO SEMESTRE DE LA VIGENCIA 2026 EN EL DEPARTAMENTO DEL P"
CO1.REQ.11035643,LIC-001-2026 (Fase de Selección (Presentación de ofertas)),90,Licitación Abierta (En Ofertas),Oportunidad de Alianza / Cotización,"Construcción & Obra Civil General, Agua Potable & Saneamiento","acueducto, alcantarillado","$23,157,498,954 COP",DEPARTAMENTO DE ANTIOQUIA//,Antioquia,Medellín,Licitación pública Obra Publica,No Definido,No Definido,Compartir la oportunidad con clientes aliados para que presenten oferta incluyendo nuestros suministros.,https://community.secop.gov.co/Public/Tendering/OpportunityDetail/Index?noticeUID=CO1.NTC.10892174,OPTIMIZACIÓN REDES DE ACUEDUCTO Y ALCANTARILLADO RESIDUAL Y PLUVIAL DEL MUNICIPIO DE TÁMESIS - ANTIOQUIA
CO1.REQ.11075504,002-09--2026,90,Licitación Abierta (En Ofertas),Oportunidad de Alianza / Cotización,Construcción & Obra Civil General,obras complementarias,"$20,360,675,441 COP",FONDO MIXTO DE LA CULTURA Y LAS ARTES DEL DEPARTAMENTO DEL QUINDIO.,Quindío,Armenia,Contratación régimen especial,LAOS ARQUITECTURA Y CONSTRUCCIONES S.A.S.,901946208,Compartir la oportunidad con clientes aliados para que presenten oferta incluyendo nuestros suministros.,https://community.secop.gov.co/Public/Tendering/OpportunityDetail/Index?noticeUID=CO1.NTC.10931636,"CONSTRUCCIÓN DE OBRAS COMPLEMENTARIAS PARA LA INFRAESTRUCTURA PERTENECIENTE A LA INSTITUCIÓN EDUCATIVA SAGRADO CORAZÓN DE JESÚS, SEDE PRINCIPAL DEL MUNICIPIO DE LETICIA, AMAZONAS"
CO1.REQ.11032432,LP009-2026,90,Licitación Abierta (En Ofertas),Oportunidad de Alianza / Cotización,"Construcción & Obra Civil General, Agua Potable & Saneamiento","agua potable, acueducto, planta de tratamiento","$18,640,628,309 COP",MUNICIPIO DE PUERTO COLOMBIA,Atlántico,No Definido,Licitación pública Obra Publica,No Definido,No Definido,Compartir la oportunidad con clientes aliados para que presenten oferta incluyendo nuestros suministros.,https://community.secop.gov.co/Public/Tendering/OpportunityDetail/Index?noticeUID=CO1.NTC.10945483,AMPLIACION CONDUCCION PLANTA DE TRATAMIENTO DE AGUA POTABLE LAS FLORES - TANQUE DE REBOMBEO SALGAR TRAMO LOS MANATIES - SALGAR (ISSA ABUCHAIBE) DEL SISTEMA DE ACUEDUCTO DEL MUNICIPIO DE PUERTO COLOMBIA
CO1.REQ.10603388,009350C-26,90,Licitación Abierta (En Ofertas),Oportunidad de Alianza / Cotización,Construcción & Obra Civil General,obras civiles,"$17,884,709,741 COP",EMPRESA DE TRANSPORTE MASIVO DEL VALLE DE ABURRA LTDA,Antioquia,Bello,Contratación régimen especial,No Definido,No Definido,Compartir la oportunidad con clientes aliados para que presenten oferta incluyendo nuestros suministros.,https://community.secop.gov.co/Public/Tendering/OpportunityDetail/Index?noticeUID=CO1.NTC.10458183,"Ejecución de actividades de diseño, intervención y obras civiles de protección para la estabilización y salvaguarda de la banca de la vía férrea, las estructuras de contención y la infraestructura asociada del sistema férreo del valle de aburrá, ubic"
CO1.REQ.10381967,SE-LP-001-2026 (Presentación de oferta),90,Adjudicado (Contratista Seleccionado),Lead B2B de Venta Directa,Alimentación Escolar (PAE),"pae, alimentación escolar","$13,292,211,865 COP",DEPARTAMENTO DE CORDOBA,Córdoba,Montería,Licitación pública,CONSORCIO CORDOBA NUTRE,902067860,Contactar al contratista ganador/consorcio para ofrecer suministro y cotización inmediata.,https://community.secop.gov.co/Public/Tendering/OpportunityDetail/Index?noticeUID=CO1.NTC.10239350,IMPLEMENTACIÓN DEL PROGRAMA DE ALIMENTACIÓN ESCOLAR -PAE- EN LOS ESTABLECIMIENTOS EDUCATIVOS OFICIALES DE LOS 27 MUNICIPIOS NO CERTIFICADOS DEL DEPARTAMENTO DE CÓRDOBA
CO1.REQ.11082996,ICCU-LP-014-2026 (Fase de Selección (Presentación de ofertas)),90,Licitación Abierta (En Ofertas),Oportunidad de Alianza / Cotización,Construcción & Obra Civil General,mejoramiento de la vía,"$11,068,612,728 COP",INSTITUTO DE CAMINOS Y CONSTRUCCIONES DE CUNDINAMARCA - ICCU,Distrito Capital de Bogotá,Bogotá,Licitación pública Obra Publica,No Definido,No Definido,Compartir la oportunidad con clientes aliados para que presenten oferta incluyendo nuestros suministros.,https://community.secop.gov.co/Public/Tendering/OpportunityDetail/Index?noticeUID=CO1.NTC.10939662,"MEJORAMIENTO DE LA VÍA DESDE EL SECTOR SAN VICENTE HACIA EL CASCO URBANO DEL MUNICIPIO DE CHAGUANÍ, DEPARTAMENTO DE CUNDINAMARCA"
CO1.REQ.10699693,MD-SGR-CDO-044-2026,90,Licitación Abierta (En Ofertas),Oportunidad de Alianza / Cotización,"Construcción & Obra Civil General, Agua Potable & Saneamiento","acueducto, alcantarillado, mejoramiento de vías","$10,836,300,521 COP",EMPRESA DE DESARROLLO TERRITORIAL MASDESARROLLO,Chocó,Lloró,Contratación régimen especial,No Definido,No Definido,Compartir la oportunidad con clientes aliados para que presenten oferta incluyendo nuestros suministros.,https://community.secop.gov.co/Public/Tendering/OpportunityDetail/Index?noticeUID=CO1.NTC.10554705,"MEJORAMIENTO DE VÍAS URBANAS ETAPA 1 Y OPTIMIZACIÓN DE REDES DE ACUEDUCTO Y ALCANTARILLADO EN ALGUNAS DE SUS VÍAS MUNICIPIO DE GARAGOA, BOYACA  con código BPIN No. 202615299000)"
CO1.REQ.11068652,LPO-009-2026,90,Licitación Abierta (En Ofertas),Oportunidad de Alianza / Cotización,"Construcción & Obra Civil General, Agua Potable & Saneamiento","malla vial, acueducto, pavimento rígido","$10,168,261,817 COP",GOBERNACIÓN DE LA GUAJIRA,La Guajira,Riohacha,Licitación pública Obra Publica,No Definido,No Definido,Compartir la oportunidad con clientes aliados para que presenten oferta incluyendo nuestros suministros.,https://community.secop.gov.co/Public/Tendering/OpportunityDetail/Index?noticeUID=CO1.NTC.10925723,"CONSTRUCCIÓN DE PAVIMENTO RÍGIDO Y REPOSICIÓN DE REDES DE ACUEDUCTO EN LA MALLA VIAL DE LOS BARRIOS LA COSECHA, SAN JUDAS TADEO, DIVINO NIÑO Y NUEVO MILENIO, MUNICIPIO DE RIOHACHA, DEPARTAMENTO DE LA GUAJIRA"
CO1.REQ.10953535,ALC-037-2026,90,Licitación Abierta (En Ofertas),Oportunidad de Alianza / Cotización,"Construcción & Obra Civil General, Agua Potable & Saneamiento","aguas residuales, tratamiento de aguas, ptar, planta de tratamiento, obras complementarias","$9,586,648,472 COP",EMPRESA DE SERVICIOS PUBLICOS DE ALCANTARILLADO */,Cundinamarca,Ricaurte,Contratación régimen especial,No Definido,No Definido,Compartir la oportunidad con clientes aliados para que presenten oferta incluyendo nuestros suministros.,https://community.secop.gov.co/Public/Tendering/OpportunityDetail/Index?noticeUID=CO1.NTC.10808064,"CONTRATAR LA EJECUCION DE LAS OBRAS COMPLEMENTARIAS DEL SEGUNDO TREN DE LA PLANTA DE TRATAMIENTO DE AGUAS RESIDUALES - PTAR RÍO BOGOTÁ, ASÍ COMO EL COLECTOR SANITARIO BOSQUES DE PEÑALISA, EN EL MUNICIPIO DE RICAURTE, CUNDINAMARCA, EN EL MARCO DEL CON"
CO1.REQ.11057665,LOP-EICE-AMV-001-2026,90,Licitación Abierta (En Ofertas),Oportunidad de Alianza / Cotización,"Construcción & Obra Civil General, Energía Solar & Alumbrado Público","fotovoltaica, energía solar","$9,443,936,281 COP",EMPRESA INDUSTRIAL Y COMERCIAL DEL ESTADO AREA METROPOLITANA DE VALLEDUPAR E.I.C.E. AMV,Cesar,Valledupar,Licitación pública Obra Publica,No Definido,No Definido,Compartir la oportunidad con clientes aliados para que presenten oferta incluyendo nuestros suministros.,https://community.secop.gov.co/Public/Tendering/OpportunityDetail/Index?noticeUID=CO1.NTC.10914544,INSTALACIÓN DE SISTEMAS DE ENERGÍA SOLAR FOTOVOLTAICA EN ZONAS NO INTERCONECTADAS DEL MUNICIPIO DE PUEBLO BELLO DEPARTAMENTO DEL CESAR
CO1.REQ.11066142,IP 007-2026,90,Licitación Abierta (En Ofertas),Oportunidad de Alianza / Cotización,Construcción & Obra Civil General,obras complementarias,"$9,196,071,823 COP",RENTING DE ANTIOQUIA,Antioquia,No Definido,Contratación régimen especial (con ofertas),No Definido,No Definido,Compartir la oportunidad con clientes aliados para que presenten oferta incluyendo nuestros suministros.,https://community.secop.gov.co/Public/Tendering/OpportunityDetail/Index?noticeUID=CO1.NTC.10928642,"REALIZAR ACTIVIDADES DE MANTENIMIENTO, REHABILITACIÓN, PUNTOS CRÍTICOS Y OBRAS COMPLEMENTARIAS DEL CIRCUITO VIAL 60AN06 CONCORDIA LA QUIEBRA BETULIA"
CO1.REQ.11076480,20005564 (Presentación de oferta),90,Licitación Abierta (En Ofertas),Oportunidad de Alianza / Cotización,Interventoría & Consultoría,interventoría técnica,"$9,088,758,375 COP",DISTRITO ESPECIAL DE CIENCIA TECNOLOGIA E INNOVACION DE MEDELLIN,Antioquia,Medellín,Concurso de méritos abierto,No Definido,No Definido,Compartir la oportunidad con clientes aliados para que presenten oferta incluyendo nuestros suministros.,https://community.secop.gov.co/Public/Tendering/OpportunityDetail/Index?noticeUID=CO1.NTC.10933849,"Interventoría técnica, administrativa, financiera, legal y ambiental para mantenimiento y
mejoramiento de ambientes de aprendizaje."
CO1.REQ.11069297,FGN-NC-CM-005-2026,90,Licitación Abierta (En Ofertas),Oportunidad de Alianza / Cotización,Interventoría & Consultoría,consultoría especializada,"$8,880,850,986 COP",FISCALÍA GENERAL DE LA NACIÓN NIVEL CENTRAL.,Distrito Capital de Bogotá,Bogotá,Concurso de méritos abierto,No Definido,No Definido,Compartir la oportunidad con clientes aliados para que presenten oferta incluyendo nuestros suministros.,https://community.secop.gov.co/Public/Tendering/OpportunityDetail/Index?noticeUID=CO1.NTC.10926120,"CONSULTORÍA ESPECIALIZADA PARA REALIZAR LA ESTRUCTURACIÓN INTEGRAL, A NIVEL DE FACTIBILIDAD TÉCNICA, ECONÓMICA, FINANCIERA, JURÍDICA, PREDIAL, ARQUITECTÓNICA, URBANÍSTICA, AMBIENTAL Y DE RIESGOS, ASÍ COMO DEL ESQUEMA DE FINANCIACIÓN DEL PROYECTO DE C"
CO1.REQ.10201398,DC-SG-LP-002-2026,90,Licitación Abierta (En Ofertas),Oportunidad de Alianza / Cotización,"Dotación, Uniformes & Mobiliario","dotación de calzado, vestido de labor, calzado y vestido","$8,615,153,376 COP",GOBERNACIÓN DEL CAUCA,Cauca,Popayán,Licitación pública,No Definido,No Definido,Compartir la oportunidad con clientes aliados para que presenten oferta incluyendo nuestros suministros.,https://community.secop.gov.co/Public/Tendering/OpportunityDetail/Index?noticeUID=CO1.NTC.10959919,"EL CONTRATISTA SE OBLIGA CON EL DEPARTAMENTO DEL CAUCA A SUMINISTRAR BONOS PARA LA ADQUISICIÓN DE DOTACIÓN DE CALZADO Y VESTIDO DE LABOR PARA LOS FUNCIONARIOS DEL NIVEL CENTRAL, SECRETARÍA DE SALUD Y EL PERSONAL DOCENTE, DIRECTIVO DOCENTE Y ADMINISTR"
CO1.REQ.11027525,009327C-26,90,Licitación Abierta (En Ofertas),Oportunidad de Alianza / Cotización,Agua Potable & Saneamiento,"aguas residuales, tratamiento de aguas, plantas de tratamiento","$7,665,434,009 COP",EMPRESA DE TRANSPORTE MASIVO DEL VALLE DE ABURRA LTDA,Antioquia,Bello,Contratación régimen especial,No Definido,No Definido,Compartir la oportunidad con clientes aliados para que presenten oferta incluyendo nuestros suministros.,https://community.secop.gov.co/Public/Tendering/OpportunityDetail/Index?noticeUID=CO1.NTC.10881419,"Mantenimiento preventivo y correctivo de los sistemas contra incendio y de los sistemas de presión de agua y plantas de tratamiento de aguas residuales, así como el suministro, instalación, puesta en funcionamiento y soporte del sistema de monitoreo "
CO1.REQ.11019988,REG 2026-044,90,Licitación Abierta (En Ofertas),Oportunidad de Alianza / Cotización,"Construcción & Obra Civil General, Energía Solar & Alumbrado Público",fotovoltaica,"$7,599,653,652 COP",SERVICIOS INTEGRALES DEL ESTADO COLOMBIANO SIEC SAS SOCIEDAD DE ECONOMIA MIXTA1,Distrito Capital de Bogotá,Bogotá,Contratación régimen especial,No Definido,No Definido,Compartir la oportunidad con clientes aliados para que presenten oferta incluyendo nuestros suministros.,https://community.secop.gov.co/Public/Tendering/OpportunityDetail/Index?noticeUID=CO1.NTC.10879371,"EJECUCION - CONSTRUCCIÓN DE SOLUCION FOTOVOLTAICA PARA LA GENERACION DE ENERGIA ELECTRICA EN VIVIENDAS RURALES DISPERSAS EN EL MUNICIPIO DE RIOHACHA, LA GUAJIRA"
CO1.REQ.11018728,LP-1-2026,90,Licitación Abierta (En Ofertas),Oportunidad de Alianza / Cotización,"Construcción & Obra Civil General, Agua Potable & Saneamiento","acueducto, pavimento flexible, alcantarillado","$7,500,127,330 COP",EMPRESA DE ACUEDUCTO Y ALCANTARILLADO DE VILLAVICENCIO E.S.P. 1,Meta,Villavicencio,Licitación pública Obra Publica,No Definido,No Definido,Compartir la oportunidad con clientes aliados para que presenten oferta incluyendo nuestros suministros.,https://community.secop.gov.co/Public/Tendering/OpportunityDetail/Index?noticeUID=CO1.NTC.10873319,"REHABILITACION DE VIAS MEDIANTE PAVIMENTO FLEXIBLE Y CONSTRUCCION DE LA RED DE ACUEDUCTO Y ALCANTARILLADO EN DIFERENTES VIAS DEL BARRIO BOCHICA EN EL MUNICIPIO DE VILLAVICENCIO, META"
CO1.REQ.11059245,4152.010.32.1.1561-2026 (Fase de Selección (Presentación de ofertas)),90,Licitación Abierta (En Ofertas),Oportunidad de Alianza / Cotización,Construcción & Obra Civil General,malla vial,"$6,423,471,650 COP",SANTIAGO DE CALI DISTRITO ESPECIAL - SECRETARIA DE MOVILIDAD,Valle del Cauca,Cali,Licitación pública Obra Publica,No Definido,No Definido,Compartir la oportunidad con clientes aliados para que presenten oferta incluyendo nuestros suministros.,https://community.secop.gov.co/Public/Tendering/OpportunityDetail/Index?noticeUID=CO1.NTC.10918617,SUMINISTRO Y APLICACIÓN DE PINTURA TERMOPLÁSTICA PARA LA DEMARCACIÓN DE LA MALLA VIAL DEL DISTRITO ESPECIAL DE SANTIAGO DE CALI
CO1.REQ.10694409,REG 2026-038,90,Licitación Abierta (En Ofertas),Oportunidad de Alianza / Cotización,"Construcción & Obra Civil General, Agua Potable & Saneamiento","malla vial, alcantarillado, pavimento rígido","$6,104,877,577 COP",SERVICIOS INTEGRALES DEL ESTADO COLOMBIANO SIEC SAS SOCIEDAD DE ECONOMIA MIXTA1,Distrito Capital de Bogotá,Bogotá,Contratación régimen especial,No Definido,No Definido,Compartir la oportunidad con clientes aliados para que presenten oferta incluyendo nuestros suministros.,https://community.secop.gov.co/Public/Tendering/OpportunityDetail/Index?noticeUID=CO1.NTC.10551673,"EJECUCIÓN - MEJORAMIENTO EN PAVIMENTO RÍGIDO Y REPOSICIÓN DE REDES DE ALCANTARILLADO SANITARIO EN LA MALLA VIAL DEL MUNICIPIO DE CIÉNAGA, MAGDALENA"
CO1.REQ.10609176,OBR-SCC-012-2026,90,Licitación Abierta (En Ofertas),Oportunidad de Alianza / Cotización,"Construcción & Obra Civil General, Agua Potable & Saneamiento","aguas residuales, tratamiento de aguas","$5,983,320,810 COP",EMPRESA NACIONAL ESTATAL DE DESARROLLO TERRITORIAL S.A.S.,Santander,Bucaramanga,Contratación régimen especial,No Definido,No Definido,Compartir la oportunidad con clientes aliados para que presenten oferta incluyendo nuestros suministros.,https://community.secop.gov.co/Public/Tendering/OpportunityDetail/Index?noticeUID=CO1.NTC.10463865,"CONSTRUCCIÓN DE UNIDADES SANITARIAS CON SISTEMA DE TRATAMIENTO DE AGUAS RESIDUALES EN EL SECTOR RURAL DEL MUNICIPIO DE MERCADERES, CAUCA"
CO1.REQ.11087273,SVLPOB0006-26 (Fase de Selección (Presentación de ofertas)),90,Licitación Abierta (En Ofertas),Oportunidad de Alianza / Cotización,Construcción & Obra Civil General,pavimento rígido,"$5,982,838,000 COP",GOBERNACION DEL HUILA*,Huila,No Definido,Licitación pública Obra Publica,No Definido,No Definido,Compartir la oportunidad con clientes aliados para que presenten oferta incluyendo nuestros suministros.,https://community.secop.gov.co/Public/Tendering/OpportunityDetail/Index?noticeUID=CO1.NTC.10943257,"MEJORAMIENTO EN PAVIMENTO RÍGIDO DE LA VÍA CRUCE VIA 4505 (LA CABAÑITA) - LAS MERCEDES - LOS MEDIOS - CASCO URBANO RIVERA, EN EL SECTOR LA CABAÑITA, CÓDIGO 41615-10, RED VIAL DE TERCER ORDEN DEL MUNICIPIO DE RIVERA, DEPARTAMENTO DEL HUILA."
CO1.REQ.10577583,SCC-043-2026,90,Licitación Abierta (En Ofertas),Oportunidad de Alianza / Cotización,"Construcción & Obra Civil General, Agua Potable & Saneamiento","aguas residuales, obras complementarias","$5,854,235,744 COP",EMPRESA INDUSTRIAL Y COMERCIAL DEL ESTADO AREA METROPOLITANA DE VALLEDUPAR E.I.C.E. AMV,Cesar,Valledupar,Contratación régimen especial,No Definido,No Definido,Compartir la oportunidad con clientes aliados para que presenten oferta incluyendo nuestros suministros.,https://community.secop.gov.co/Public/Tendering/OpportunityDetail/Index?noticeUID=CO1.NTC.10433068,"OPTIMIZACIÓN DEL SISTEMA DE MANTENIMIENTO DE AGUAS RESIDUALES DE LA LAGUNA EL AZUFRAL MEDIANTE INTERVENCIONES DE CERRAMIENTO, DRAGADO Y OBRAS COMPLEMENTARIAS EN EL MUNICIPIO DE BECERRIL, CESAR."
CO1.REQ.10885550,SASI-CMC-DIR-0128-2026 (Presentación de oferta),90,Licitación Abierta (En Ofertas),Oportunidad de Alianza / Cotización,Tecnología & Equipos de Cómputo,equipos de cómputo,"$5,673,293,094 COP",SENA REGIONAL CUNDINAMARCA Grupo de Apoyo Administrativo Mixto+,Distrito Capital de Bogotá,Bogotá,Selección abreviada subasta inversa,No Definido,No Definido,Compartir la oportunidad con clientes aliados para que presenten oferta incluyendo nuestros suministros.,https://community.secop.gov.co/Public/Tendering/OpportunityDetail/Index?noticeUID=CO1.NTC.10741590,Adquisición de equipos de cómputo y audiovisuales para los centros de formación de la regional Cundinamarca y para la prestación de servicios de la agencia pública de empleo y población víctima del SENA.
CO1.REQ.11106326,LP-015-2026 (Fase de Selección (Presentación de ofertas)),90,Licitación Abierta (En Ofertas),Oportunidad de Alianza / Cotización,Construcción & Obra Civil General,obras complementarias,"$5,630,185,627 COP",GOBERNACION DEL MAGDALENA,Magdalena,Santa Marta,Licitación pública Obra Publica,No Definido,No Definido,Compartir la oportunidad con clientes aliados para que presenten oferta incluyendo nuestros suministros.,https://community.secop.gov.co/Public/Tendering/OpportunityDetail/Index?noticeUID=CO1.NTC.10962519,EJECUCIÓN DE OBRAS COMPLEMENTARIAS EN SEDES UNIVERSITARIAS  CENTRO CAMBIA  EN LOS MUNICIPIOS DE PLATO Y EL BANCO EN EL DEPARTAMENTO DEL MAGDALENA
CO1.REQ.11068129,4162.010.32.1.1246-2026 copia,90,Licitación Abierta (En Ofertas),Oportunidad de Alianza / Cotización,Construcción & Obra Civil General,escenarios deportivos,"$5,363,351,773 COP",SANTIAGO DE CALI DISTRITO ESPECIAL - SECRETARIA DEL DEPORTE Y LA RECREACIÓN,Valle del Cauca,Cali,Licitación pública Obra Publica,No Definido,No Definido,Compartir la oportunidad con clientes aliados para que presenten oferta incluyendo nuestros suministros.,https://community.secop.gov.co/Public/Tendering/OpportunityDetail/Index?noticeUID=CO1.NTC.10925893,"REALIZAR LAS ADECUACIONES DE LA INFRAESTRUCTURA DE LOS ESCENARIOS DEPORTIVOS Y RECREATIVOS DEL DISTRITO ESPECIAL, DEPORTIVO, CULTURAL, TURÍSTICO, EMPRESARIAL Y DE SERVICIOS DE SANTIAGO DE CALI, FINANCIADAS CON RECURSOS PROVENIENTES DEL PRESUPUESTO PA"
CO1.REQ.10676849,REG 2026-040,90,Licitación Abierta (En Ofertas),Oportunidad de Alianza / Cotización,"Construcción & Obra Civil General, Energía Solar & Alumbrado Público","fotovoltaica, energía solar","$5,203,117,571 COP",SERVICIOS INTEGRALES DEL ESTADO COLOMBIANO SIEC SAS SOCIEDAD DE ECONOMIA MIXTA1,Distrito Capital de Bogotá,Bogotá,Contratación régimen especial,No Definido,No Definido,Compartir la oportunidad con clientes aliados para que presenten oferta incluyendo nuestros suministros.,https://community.secop.gov.co/Public/Tendering/OpportunityDetail/Index?noticeUID=CO1.NTC.10551344,EJECUCIÓN - CONSTRUCCIÓN DE SISTEMAS INDIVIDUALES DE ENERGÍA SOLAR FOTOVOLTAICA EN LA ZONA RURAL DEL MUNICIPIO DE SUCRE EN EL DEPARTAMENTO DE SUCRE
CO1.REQ.11061608,No. OB-039-2026,90,Licitación Abierta (En Ofertas),Oportunidad de Alianza / Cotización,"Construcción & Obra Civil General, Energía Solar & Alumbrado Público","fotovoltaica, energía solar","$5,058,459,462 COP",FONER,Valle del Cauca,Cali,Contratación régimen especial,INGENIEROS & ARQUITECTOS CONSTRUCTORES S.A.S,No Definido,Compartir la oportunidad con clientes aliados para que presenten oferta incluyendo nuestros suministros.,https://community.secop.gov.co/Public/Tendering/OpportunityDetail/Index?noticeUID=CO1.NTC.10917086,"CONSTRUCCIÓN DE SISTEMAS AUTÓNOMOS DE GENERACIÓN DE ENERGÍA SOLAR FOTOVOLTAICA PARA LA ENERGIZACIÓN DE VIVIENDAS EN LAS ZONAS RURALES NO INTERCONECTADAS DEL MUNICIPIO DE CÉRTEGUI, CHOCÓ, IDENTIFICADO CON CÓDIGO BPIN NO. 2026271600001"
CO1.REQ.11092906,ICCU-CM-054-2026 (Presentación de oferta),90,Licitación Abierta (En Ofertas),Oportunidad de Alianza / Cotización,Interventoría & Consultoría,interventoría técnica,"$4,965,636,971 COP",INSTITUTO DE CAMINOS Y CONSTRUCCIONES DE CUNDINAMARCA - ICCU,Distrito Capital de Bogotá,Bogotá,Concurso de méritos abierto,No Definido,No Definido,Compartir la oportunidad con clientes aliados para que presenten oferta incluyendo nuestros suministros.,https://community.secop.gov.co/Public/Tendering/OpportunityDetail/Index?noticeUID=CO1.NTC.10948374,"INTERVENTORÍA TÉCNICA, ADMINISTRATIVA, FINANCIERA, JURÍDICA, SOCIAL Y AMBIENTAL AL PROYECTO  CONSTRUCCION DE LA CONEXIÓN VIAL Y DE ESPACIO PUBLICO SOBRE LA QUEBRADA TIBANICA A LA ALTURA DE LA AV. CIUDAD DE CALI ENTRE EL MUNICIPIO DE SOACHA, CUNDINAMA"
CO1.REQ.11095122,FDLBAUN-LP-005-2026 (165004),90,Licitación Abierta (En Ofertas),Oportunidad de Alianza / Cotización,Construcción & Obra Civil General,malla vial,"$4,887,728,461 COP",ALCALDÍA LOCAL DE BARRIOS UNIDOS,Distrito Capital de Bogotá,Bogotá,Licitación pública Obra Publica,No Definido,No Definido,Compartir la oportunidad con clientes aliados para que presenten oferta incluyendo nuestros suministros.,https://community.secop.gov.co/Public/Tendering/OpportunityDetail/Index?noticeUID=CO1.NTC.10952744,"REALIZAR A MONTO AGOTABLE POR EL SISTEMA DE PRECIOS UNITARIOS CON FORMULA DE REAJUSTE POR CAMBIO DE VIGENCIA, LAS OBRAS DE CONSERVACIÓN DE LA MALLA VIAL LOCAL E INTERMEDIA Y DEL ESPACIO PÚBLICO PRIORIZADO EN LA LOCALIDAD DE BARRIOS UNIDOS DE LA CIUDA"
CO1.REQ.10951083,CW394590,90,Licitación Abierta (En Ofertas),Oportunidad de Alianza / Cotización,"Construcción & Obra Civil General, Agua Potable & Saneamiento","aguas residuales, obras civiles","$4,781,472,820 COP",EMPRESAS PUBLICAS DE MEDELLIN E.S.P.,Antioquia,Medellín,Contratación régimen especial,No Definido,No Definido,Compartir la oportunidad con clientes aliados para que presenten oferta incluyendo nuestros suministros.,https://community.secop.gov.co/Public/Tendering/OpportunityDetail/Index?noticeUID=CO1.NTC.10811720,"Suministro, transporte, instalación y puesta en marcha de equipos, servicios y obras civiles complementarias necesarias para las intervenciones en la estación de bombeo de aguas residuales El Águila, en el Municipio de Rionegro"
CO1.REQ.10746504,CW394010,90,Licitación Abierta (En Ofertas),Oportunidad de Alianza / Cotización,Construcción & Obra Civil General,obra civil,"$4,421,217,679 COP",EMPRESAS PUBLICAS DE MEDELLIN E.S.P.,Antioquia,Medellín,Contratación régimen especial,No Definido,No Definido,Compartir la oportunidad con clientes aliados para que presenten oferta incluyendo nuestros suministros.,https://community.secop.gov.co/Public/Tendering/OpportunityDetail/Index?noticeUID=CO1.NTC.10600604,"Contrato de obra civil, potencia eléctrica e iluminación - renovación Edificio EPM fase II"
CO1.REQ.11082666,SDM-LP-102-2026,90,Licitación Abierta (En Ofertas),Oportunidad de Alianza / Cotización,Construcción & Obra Civil General,infraestructura física,"$4,398,765,492 COP",SECRETARÍA DISTRITAL DE MOVILIDAD,Distrito Capital de Bogotá,Bogotá,Licitación pública Obra Publica,No Definido,No Definido,Compartir la oportunidad con clientes aliados para que presenten oferta incluyendo nuestros suministros.,https://community.secop.gov.co/Public/Tendering/OpportunityDetail/Index?noticeUID=CO1.NTC.10948744,REALIZAR A MONTO AGOTABLE A PRECIOS UNITARIOS FIJOS LOS MANTENIMIENTOS REPARACIONES Y ADECUACIONES NECESARIAS A LA INFRAESTRUCTURA FÍSICA DE LAS SEDES ADMINISTRADAS POR LA SECRETARIA DISTRITAL DE MOVILIDAD
CO1.REQ.11066210,CM-SI-001-2026,90,Licitación Abierta (En Ofertas),Oportunidad de Alianza / Cotización,Interventoría & Consultoría,interventoria integral,"$4,347,453,704 COP",MUNICIPIO DE YUMBO VALLE,Valle del Cauca,No Definido,Concurso de méritos abierto,No Definido,No Definido,Compartir la oportunidad con clientes aliados para que presenten oferta incluyendo nuestros suministros.,https://community.secop.gov.co/Public/Tendering/OpportunityDetail/Index?noticeUID=CO1.NTC.10923953,INTERVENTORIA INTEGRAL TECNICA ADMINISTRATIVA JURIDICA AMBIENTAL Y DE CONTROL DE CALIDAD DEL CONTRATO DE OBRA QUE TIENE COMO OBJETO CONSTRUCCION DE LA VIA CALLE DEL ESTUDIANTE Y OBRAS COMPLEMENTARIAS DEL MUNICIPIO DE YUMBO VALLE DEL CAUCA
CO1.REQ.11020566,056 DE 2026,90,Licitación Abierta (En Ofertas),Oportunidad de Alianza / Cotización,"Construcción & Obra Civil General, Agua Potable & Saneamiento","acueducto, alcantarillado","$4,325,962,778 COP",EMPRESA DE SERVICIOS PUBLICOS DOMICILIARIOS DE PITALITO EMPITALITO E.S.P,Huila,Pitalito,Contratación régimen especial,No Definido,No Definido,Compartir la oportunidad con clientes aliados para que presenten oferta incluyendo nuestros suministros.,https://community.secop.gov.co/Public/Tendering/OpportunityDetail/Index?noticeUID=CO1.NTC.10875508,"CONSTRUCCIÓN, OPTIMIZACIÓN Y REPOSICION DE REDES DE ACUEDUCTO, ALCANTARILLADO Y OBRAS CONEXAS EN LA TRANSVERSAL 3RA SUR DEL MUNICIPIO DE PITALITO HUILA"
CO1.REQ.11039090,2026-OBR-001,90,Licitación Abierta (En Ofertas),Oportunidad de Alianza / Cotización,Construcción & Obra Civil General,obras complementarias,"$4,325,432,742 COP",FONDO MIXTO DE LA CULTURA Y LAS ARTES DEL DEPARTAMENTO DEL QUINDIO.,Quindío,Armenia,Contratación régimen especial,No Definido,No Definido,Compartir la oportunidad con clientes aliados para que presenten oferta incluyendo nuestros suministros.,https://community.secop.gov.co/Public/Tendering/OpportunityDetail/Index?noticeUID=CO1.NTC.10930407,"CONSTRUCCIÓN DE OBRAS COMPLEMENTARIAS EN EL ESTADIO  JOSÉ MARÍA HERNÁNDEZ  DE LA CIUDAD DE LETICIA, AMAZONAS"
CO1.REQ.11085327,FDRS-LP-351-2026 (Fase de Selección (Presentación de ofertas)),90,Licitación Abierta (En Ofertas),Oportunidad de Alianza / Cotización,Construcción & Obra Civil General,malla vial,"$4,241,028,355 COP",ALCALDIA LOCAL DE SUMAPAZ,Distrito Capital de Bogotá,Bogotá,Licitación pública Obra Publica,No Definido,No Definido,Compartir la oportunidad con clientes aliados para que presenten oferta incluyendo nuestros suministros.,https://community.secop.gov.co/Public/Tendering/OpportunityDetail/Index?noticeUID=CO1.NTC.10942036,"REALIZAR EL DIAGNOSTICO Y LAS OBRAS DE CONSERVACIÓN DE LA MALLA VIAL EN LA LOCALIDAD DE SUMAPAZ, A TRAVÉS DEL SISTEMA DE PRECIOS UNITARIOS FIJOS Y A MONTO AGOTABLE"
CO1.REQ.10963717,900-CCE-0212-2026 -,90,Licitación Abierta (En Ofertas),Oportunidad de Alianza / Cotización,Agua Potable & Saneamiento,"agua potable, plantas de tratamiento","$4,238,571,200 COP",EMPRESAS MUNICIPALES DE CALI,Valle del Cauca,Cali,Contratación régimen especial,No Definido,No Definido,Compartir la oportunidad con clientes aliados para que presenten oferta incluyendo nuestros suministros.,https://community.secop.gov.co/Public/Tendering/OpportunityDetail/Index?noticeUID=CO1.NTC.10817348,SUMINISTRAR SAL PARA LAS PLANTAS DE TRATAMIENTO DE AGUA POTABLE DE LA UNIDAD DE PRODUCCIÓN DE AGUA POTABLE
CO1.REQ.11035048,2025-11-001,90,Licitación Abierta (En Ofertas),Oportunidad de Alianza / Cotización,Construcción & Obra Civil General,mejoramiento de la vía,"$4,124,359,878 COP",FONDO MIXTO DE LA CULTURA Y LAS ARTES DEL DEPARTAMENTO DEL QUINDIO.,Quindío,Armenia,Contratación régimen especial,No Definido,No Definido,Compartir la oportunidad con clientes aliados para que presenten oferta incluyendo nuestros suministros.,https://community.secop.gov.co/Public/Tendering/OpportunityDetail/Index?noticeUID=CO1.NTC.10930222,"MEJORAMIENTO DE LA VÍA QUE COMUNICA LA VEREDA EL UBE CON LA VEREDA SAN LUIS ENTRE EL K0+000 AL K2+000 Y MEJORAMIENTO DE LA VÍA QUE COMUNICA EL CASCO URBANO CON LA GLORIETA ENTRE EL K0+000 AL K2+000 DEL MUNICIPIO DE YACOPI, CUNDINAMARCA"
CO1.REQ.10784749,HUHMP-CTO-216-2026,90,Licitación Abierta (En Ofertas),Oportunidad de Alianza / Cotización,Tecnología & Equipos de Cómputo,software,"$3,600,000,000 COP",E.S.E. HOSPITAL UNIVERSITARIO HERNANDO MONCALEANO PERDOMO DE NEIVA,Huila,Neiva,Contratación régimen especial,No Definido,No Definido,Compartir la oportunidad con clientes aliados para que presenten oferta incluyendo nuestros suministros.,https://community.secop.gov.co/Public/Tendering/OpportunityDetail/Index?noticeUID=CO1.NTC.10638390,"ACTUALIZACIÓN, IMPLEMENTACIÓN, IMPLEMENTACIÓN, PRODUCCIÓN E INTEGRACIÓN CON SISTEMAS EXISTENTES DE UN SOFTWARE CLINICO, FINANCIERO Y ADMINISTRATIVO INTEGRADO, ADEMAS EL SOPORTE NIVEL 3 Y MANTENIMIENTO DEL SOFTWARE, PARA LA E.S.E. HOSPITAL UNIVERSITAR"
CO1.REQ.11025393,EMPUGI-LOP-0001 DE 2026,90,Licitación Abierta (En Ofertas),Oportunidad de Alianza / Cotización,"Construcción & Obra Civil General, Agua Potable & Saneamiento","aguas residuales, tratamiento de aguas, alcantarillado","$3,299,716,855 COP",EMPUGIGANTE S.A. E.S.P.,Huila,Gigante,Licitación pública Obra Publica,No Definido,No Definido,Compartir la oportunidad con clientes aliados para que presenten oferta incluyendo nuestros suministros.,https://community.secop.gov.co/Public/Tendering/OpportunityDetail/Index?noticeUID=CO1.NTC.10880743,CONSTRUCCIÓN DE ALCANTARILLADO Y SISTEMAS DE TRATAMIENTO DE AGUAS RESIDUALES DOMESTICAS EN EL CENTRO POBLADO RÍOLORO
CO1.REQ.10830474,CHQ-ESAL-007-2026,90,Adjudicado (Contratista Seleccionado),Lead B2B de Venta Directa,Alimentación Escolar (PAE),"pae, alimentación escolar","$3,243,145,832 COP",MUNICIPIO DE CHIQUINQUIRA+,Boyacá,Chiquinquirá,Contratación régimen especial (con ofertas),FUNDACION COLOMBIA EMPRENDE V. I.,900493853,Contactar al contratista ganador/consorcio para ofrecer suministro y cotización inmediata.,https://community.secop.gov.co/Public/Tendering/OpportunityDetail/Index?noticeUID=CO1.NTC.10685029,"AUNAR ESFUERZOS TÉCNICOS, ADMINISTRATIVOS Y FINANCIEROS EN LA IMPLEMENTACIÓN Y EJECUCIÓN DEL PROGRAMA DE ALIMENTACIÓN ESCOLAR PAE, PARA LOS ESTUDIANTES MATRICULADOS EN LAS INSTITUCIONES EDUCATIVAS OFICIALES DEL MUNICIPIO DE CHIQUINQUIRA DURANTE EL SE"
CO1.REQ.10798125,CD-GB-2655-2026,90,Adjudicado (Contratista Seleccionado),Lead B2B de Venta Directa,Alimentación Escolar (PAE),"pae, alimentación escolar","$3,243,145,832 COP",GOBERNACIÓN DE BOYACÁ,Boyacá,Tunja,Contratación Directa (con ofertas),MUNICIPIO DE CHIQUINQUIRA+,891800475,Contactar al contratista ganador/consorcio para ofrecer suministro y cotización inmediata.,https://community.secop.gov.co/Public/Tendering/OpportunityDetail/Index?noticeUID=CO1.NTC.10651944,"AUNAR ESFUERZOS TÉCNICOS, ADMINISTRATIVOS Y FINANCIEROS EN LA IMPLEMENTACIÓN Y EJECUCIÓN DEL PROGRAMA DE ALIMENTACIÓN ESCOLAR PAE, ENTRE EL DEPARTAMENTO DE BOYACÁ Y EL MUNICIPIO DE CHIQUINQUIRA, PARA GARANTIZAR EL PROGRAMA DE ALIMENTACIÓN ESCOLAR  PA"
CO1.REQ.10805869,CD-GB-2682-2026,90,Adjudicado (Contratista Seleccionado),Lead B2B de Venta Directa,Alimentación Escolar (PAE),"pae, alimentación escolar","$3,235,020,092 COP",GOBERNACIÓN DE BOYACÁ,Boyacá,Tunja,Contratación Directa (con ofertas),ALCALDIA MUNICIPAL DE PUERTO BOYACA - BOYACA,891800466,Contactar al contratista ganador/consorcio para ofrecer suministro y cotización inmediata.,https://community.secop.gov.co/Public/Tendering/OpportunityDetail/Index?noticeUID=CO1.NTC.10659820,"AUNAR ESFUERZOS TÉCNICOS, ADMINISTRATIVOS Y FINANCIEROS EN LA IMPLEMENTACIÓN Y EJECUCIÓN DEL PROGRAMA DE ALIMENTACIÓN ESCOLAR PAE, ENTRE EL DEPARTAMENTO DE BOYACÁ Y EL MUNICIPIO DE PUERTO BOYACA, PARA GARANTIZAR EL PROGRAMA DE ALIMENTACIÓN ESCOLAR  P"
CO1.REQ.10701666,MD-SGR-CDO-026-2026,90,Licitación Abierta (En Ofertas),Oportunidad de Alianza / Cotización,"Construcción & Obra Civil General, Agua Potable & Saneamiento",acueducto,"$3,234,775,657 COP",EMPRESA DE DESARROLLO TERRITORIAL MASDESARROLLO,Chocó,Lloró,Contratación régimen especial,No Definido,No Definido,Compartir la oportunidad con clientes aliados para que presenten oferta incluyendo nuestros suministros.,https://community.secop.gov.co/Public/Tendering/OpportunityDetail/Index?noticeUID=CO1.NTC.10555974,"CONSTRUCCIÓN, MEJORAMIENTO Y OPTIMIZACIÓN DEL SISTEMA DE ACUEDUCTO MUNICIPAL DE CAPITANEJO, SANTANDER."
CO1.REQ.11034299,ESAL-002-2026-2,90,Adjudicado (Contratista Seleccionado),Lead B2B de Venta Directa,Alimentación Escolar (PAE),"pae, alimentación escolar","$3,149,207,403 COP",ALCALDIA DE CAUCASIA,Antioquia,Caucasia,Contratación régimen especial (con ofertas),FUNDACION PROTEGER,900242855,Contactar al contratista ganador/consorcio para ofrecer suministro y cotización inmediata.,https://community.secop.gov.co/Public/Tendering/OpportunityDetail/Index?noticeUID=CO1.NTC.10888480,"PRESTACIÓN DE SERVICIOS PARA LA IMPLEMENTACIÓN DEL PROGRAMA DE
ALIMENTACIÓN ESCOLAR PAE-, PARA LOS NIÑOS, NIÑAS Y ADOLESCENTES DE LA 
MATRICULA OFICIAL DEL MUNICIPIO DE CAUCASIA - ANTIOQUIA, PARA LA VIGENCIA
2026-2"
CO1.REQ.11049990,BS119-2026,90,Licitación Abierta (En Ofertas),Oportunidad de Alianza / Cotización,Construcción & Obra Civil General,infraestructura física,"$3,098,628,811 COP",UNIVERSIDAD DE PAMPLONA,Norte de Santander,Pamplona,Contratación régimen especial,CSA SOLUTION COMPANY S.A.S.,No Definido,Compartir la oportunidad con clientes aliados para que presenten oferta incluyendo nuestros suministros.,https://community.secop.gov.co/Public/Tendering/OpportunityDetail/Index?noticeUID=CO1.NTC.10906209,CONTRATAR EL FORTALECIMIENTO DE LA INFRAESTRUCTURA FÍSICA MEDIANTE EL MEJORAMIENTO DE ESPACIOS URBANÍSTICOS Y ÁREAS DE APOYO DEL CAMPUS PRINCIPAL DE LA UNIVERSIDAD DE PAMPLONA
CO1.REQ.11091450,LP-007-2026 (Fase de Selección (Presentación de ofertas)),90,Licitación Abierta (En Ofertas),Oportunidad de Alianza / Cotización,Construcción & Obra Civil General,obras complementarias,"$2,835,836,769 COP",ALCALDIA MUNICIPIO DE CAJICA,Cundinamarca,Cajicá,Licitación pública Obra Publica,No Definido,No Definido,Compartir la oportunidad con clientes aliados para que presenten oferta incluyendo nuestros suministros.,https://community.secop.gov.co/Public/Tendering/OpportunityDetail/Index?noticeUID=CO1.NTC.10947040,"CONSTRUCCIÓN Y ADECUACIÓN, REPARACIONES ESTRUCTURALES Y OBRAS COMPLEMENTARIAS PARA LA CULMINACIÓN DE LA ETAPA 1 DEL COLEGIO AGUSTÍN GUERRICABEITIA CON ENFOQUE AGROINDUSTRIAL EN EL MUNICIPIO DE CAJICÁ, CUNDINAMARCA"
CO1.REQ.11005582,029-2026-OC,90,Licitación Abierta (En Ofertas),Oportunidad de Alianza / Cotización,"Construcción & Obra Civil General, Agua Potable & Saneamiento","aguas residuales, alcantarillado, obras complementarias","$2,832,666,960 COP",EMPRESA DE DESARROLLO SOSTENIBLE,No Definido,No Definido,Contratación régimen especial,No Definido,No Definido,Compartir la oportunidad con clientes aliados para que presenten oferta incluyendo nuestros suministros.,https://community.secop.gov.co/Public/Tendering/OpportunityDetail/Index?noticeUID=CO1.NTC.10859782,"EJECUCIÓN DE OBRAS COMPLEMENTARIAS PARA LA PUESTA EN FUNCIONAMIENTO DEL COLECTOR DE AGUAS RESIDUALES MARGEN IZQUIERDA A LA QUEBRADA CIMARRONAS, REDES DE IMPULSIÓN, TRANSPORTE Y RECOLECCIÓN, ESTACIÓN DE BOMBEO DE AGUA RESIDUAL EBAR Y DEMÁS OBRAS NECES"
CO1.REQ.10552241,Invitacion Cerrada EAV IC 001 2026,90,Licitación Abierta (En Ofertas),Oportunidad de Alianza / Cotización,"Agua Potable & Saneamiento, Interventoría & Consultoría","alcantarillado, aguas residuales, interventoría técnica, tratamiento de aguas, ptar, planta de tratamiento","$2,728,805,006 COP",PATRIMONIO AUTONOMO FONDO MINIGUALDAD,Distrito Capital de Bogotá,Bogotá,Contratación régimen especial,INTERVENTORIA Y CONSTRUCCIONES PARRA SAS,901193215,Compartir la oportunidad con clientes aliados para que presenten oferta incluyendo nuestros suministros.,https://community.secop.gov.co/Public/Tendering/OpportunityDetail/Index?noticeUID=CO1.NTC.10408527,"Interventoría técnica, administrativa, financiera, contable, ambiental, social y jurídica del contrato de obra que tiene por objeto: Realizar la construcción de la obra para el sistema de alcantarillado y planta de tratamiento de aguas residuales PTA"
CO1.REQ.11099566,SSM-CD-2429-2026,90,Adjudicado (Contratista Seleccionado),Lead B2B de Venta Directa,Salud: Insumos & Equipos Médicos,"laboratorio clinico, biomédicos","$2,597,029,358 COP",DEPARTAMENTO DEL META,Meta,Villavicencio,Contratación Directa (con ofertas),ESE  HOSPITAL MUNICIPAL DE EL DORADO,900081643,Contactar al contratista ganador/consorcio para ofrecer suministro y cotización inmediata.,https://community.secop.gov.co/Public/Tendering/OpportunityDetail/Index?noticeUID=CO1.NTC.10955099,"TRANSFERIR RECURSOS PARA LA ADQUISICIÓN DE EQUIPOS, DISPOSITIVOS Y ELEMENTOS BIOMÉDICOS PARA LOS SERVICIOS DE MEDICINA GENERAL, ENFERMERIA, HOSPITALIZACIÓN, ATENCIÓN AL PARTO, IMÁGENES DIAGNOSTICAS, LABORATORIO CLINICO, ODONTOLOGÍA Y FARMACIA A LA E."
CO1.REQ.10523003,055-2026,90,Licitación Abierta (En Ofertas),Oportunidad de Alianza / Cotización,Construcción & Obra Civil General,,"$2,578,290,545 COP",EMPRESAS PUBLICAS DE PENSILVANIA E.S.P,Caldas,Pensilvania,Contratación régimen especial,No Definido,No Definido,Compartir la oportunidad con clientes aliados para que presenten oferta incluyendo nuestros suministros.,https://community.secop.gov.co/Public/Tendering/OpportunityDetail/Index?noticeUID=CO1.NTC.10914199,"CONSTRUCCIÓN DE LA CANCHA MULTIPROPÓSITO DEL CORREGIMIENTO DE ARBOLEDA EN EL MUNICIPIO DE PENSILVANIA, CALDAS"
CO1.REQ.11099522,AMJI LP 001 DE 2026,90,Licitación Abierta (En Ofertas),Oportunidad de Alianza / Cotización,Construcción & Obra Civil General,obras complementarias,"$2,401,992,349 COP",ALCALDIA MUNICIPAL DE LA JAGUA DE IBIRICO,Cesar,La Jagua De Ibirico,Licitación pública Obra Publica,No Definido,No Definido,Compartir la oportunidad con clientes aliados para que presenten oferta incluyendo nuestros suministros.,https://community.secop.gov.co/Public/Tendering/OpportunityDetail/Index?noticeUID=CO1.NTC.10954976,"ADECUACIÓN DEL CENTRO CULTURAL CASA DE LA JUVENTUD Y CONSTRUCCIÓN DE OBRAS COMPLEMENTARIAS EN EL MUNICIPIO DE LA JAGUA DE IBIRICO, CESAR"
CO1.REQ.11092658,IP014-2026,90,Licitación Abierta (En Ofertas),Oportunidad de Alianza / Cotización,Construcción & Obra Civil General,"pavimentación, obras complementarias","$2,354,545,071 COP",EMPRESA DE DESARROLLO TERRITORIAL DE DON MATIAS,Antioquia,Don Matías,Contratación régimen especial,No Definido,No Definido,Compartir la oportunidad con clientes aliados para que presenten oferta incluyendo nuestros suministros.,https://community.secop.gov.co/Public/Tendering/OpportunityDetail/Index?noticeUID=CO1.NTC.10948104,"PAVIMENTACIÓN EN CONCRETO Y OBRAS COMPLEMENTARIAS DE 7 VÍAS URBANAS EN EL MUNICIPIO ABEJORRAL, ANTIOQUIA."
CO1.REQ.10929035,DC-IN-LP- 011-2026 (Fase de Selección (Presentación de ofertas)),90,Licitación Abierta (En Ofertas),Oportunidad de Alianza / Cotización,Construcción & Obra Civil General,,"$2,230,117,147 COP",GOBERNACION DEL CAQUETA**,Caquetá,No Definido,Licitación pública Obra Publica,No Definido,No Definido,Compartir la oportunidad con clientes aliados para que presenten oferta incluyendo nuestros suministros.,https://community.secop.gov.co/Public/Tendering/OpportunityDetail/Index?noticeUID=CO1.NTC.10948713,MEJORAMIENTO URBANO FLORENCIA
CO1.REQ.11086135,CMA-0008-2026 (Presentación de oferta),90,Licitación Abierta (En Ofertas),Oportunidad de Alianza / Cotización,Interventoría & Consultoría,interventoria tecnica,"$2,223,516,227 COP",DEPARTAMENTO DEL ATLANTICO**,Atlántico,Barranquilla,Concurso de méritos abierto,No Definido,No Definido,Compartir la oportunidad con clientes aliados para que presenten oferta incluyendo nuestros suministros.,https://community.secop.gov.co/Public/Tendering/OpportunityDetail/Index?noticeUID=CO1.NTC.10941580,"INTERVENTORIA TECNICA, ADMINISTRATIVA, FINANCIERA Y JURIDICA PARA EL PROYECTO FORTALECIMIENTO DEL PROGRAMA DE ALIMENTACION ESCOLAR - PAE PARA LA ATENCION DE NIÑOS, NIÑAS Y ADOLESCENTES MATRICULADOS EN LOS ESTABLECIMIENTOS EDUCATIVOS OFICIALES DE LOS "
CO1.REQ.10760743,OBR-SMC-011-2026,90,Licitación Abierta (En Ofertas),Oportunidad de Alianza / Cotización,"Construcción & Obra Civil General, Agua Potable & Saneamiento","pavimento rígido, alcantarillado, mejoramiento de vías","$2,133,998,959 COP",FOMCOLOMBIA,Santander,Bucaramanga,Contratación régimen especial,No Definido,No Definido,Compartir la oportunidad con clientes aliados para que presenten oferta incluyendo nuestros suministros.,https://community.secop.gov.co/Public/Tendering/OpportunityDetail/Index?noticeUID=CO1.NTC.10645841,"MEJORAMIENTO DE VÍAS URBANAS A TRAVÉS DE PAVIMENTO RÍGIDO, ALCANTARILLADO SANITARIO Y PLUVIAL EN EL MUNICIPIO DE ZETAQUIRA, BOYACÁ"
CO1.REQ.10945218,LP-004-2026,90,Licitación Abierta (En Ofertas),Oportunidad de Alianza / Cotización,Construcción & Obra Civil General,,"$2,031,876,712 COP",ESCUELA TALLER CARTAGENA DE INDIAS,No Definido,No Definido,Licitación pública Obra Publica,No Definido,No Definido,Compartir la oportunidad con clientes aliados para que presenten oferta incluyendo nuestros suministros.,https://community.secop.gov.co/Public/Tendering/OpportunityDetail/Index?noticeUID=CO1.NTC.10804136,"CONTRATAR EL SUMINISTRO E INSTALACIÓN DE LOS SISTEMAS DE ILUMINACIÓN, ELECTROACÚSTICA, INSTALACIONES ELÉCTRICAS, EXTINCIÓN DE INCENDIOS, DETECCIÓN DE INCENDIOS, SEGURIDAD Y CONTROL CCTV, PARA LA SALA MUSEO DE CIFORT CENTRO DE INTERPRETACIÓN FORTIFICA"
CO1.REQ.10626794,OB-024-2026,90,Licitación Abierta (En Ofertas),Oportunidad de Alianza / Cotización,"Construcción & Obra Civil General, Agua Potable & Saneamiento",alcantarillado,"$2,027,567,393 COP",FONDO MIXTO DE ETNOCULTURA Y DESARROLLO SOCIAL -FONPACIFICO,Distrito Capital de Bogotá,Bogotá,Contratación régimen especial,No Definido,No Definido,Compartir la oportunidad con clientes aliados para que presenten oferta incluyendo nuestros suministros.,https://community.secop.gov.co/Public/Tendering/OpportunityDetail/Index?noticeUID=CO1.NTC.10482143,"AMPLIACION DE ALCANTARILLADO SANITARIO EN LA VEREDA SAN MARCOS DEL MUNICIPIO DE ACEVEDO, HUILA"
CO1.REQ.10921149,ESAL MP 011 2026,90,Adjudicado (Contratista Seleccionado),Lead B2B de Venta Directa,Alimentación Escolar (PAE),"pae, alimentación escolar","$1,986,985,290 COP",MUNICIPIO DE PAIPA,Boyacá,No Definido,Contratación régimen especial (con ofertas),FUNDACION SOMOS MANOS UNIDAS,900402667,Contactar al contratista ganador/consorcio para ofrecer suministro y cotización inmediata.,https://community.secop.gov.co/Public/Tendering/OpportunityDetail/Index?noticeUID=CO1.NTC.10777442,"AUNAR ESFUERZOS TECNICOS ADMINSTRATIVOS Y FINANCIEROS EN LA IMPLEMENTACIÓN Y EJECUCIÓN DEL PROGRAMA DE ALIMENTACIÓN ESCOLAR - PAE, PARA LOS ESTUDIANTES MATRICULADOS EN LAS INSTITUCIONES EDUCATIVAS OFICIALES DEL MUNICIPIO DE PAIPA DURANTE EL SEGUNDO S"
CO1.REQ.10805748,CD-GB-2680-2026,90,Adjudicado (Contratista Seleccionado),Lead B2B de Venta Directa,Alimentación Escolar (PAE),"pae, alimentación escolar","$1,986,985,290 COP",GOBERNACIÓN DE BOYACÁ,Boyacá,Tunja,Contratación Directa (con ofertas),MUNICIPIO DE PAIPA,891801240,Contactar al contratista ganador/consorcio para ofrecer suministro y cotización inmediata.,https://community.secop.gov.co/Public/Tendering/OpportunityDetail/Index?noticeUID=CO1.NTC.10658876,"AUNAR ESFUERZOS TÉCNICOS, ADMINISTRATIVOS Y FINANCIEROS EN LA IMPLEMENTACIÓN Y EJECUCIÓN DEL PROGRAMA DE ALIMENTACIÓN ESCOLAR PAE, ENTRE EL DEPARTAMENTO DE BOYACÁ Y EL MUNICIPIO DE PAIPA, PARA GARANTIZAR EL PROGRAMA DE ALIMENTACIÓN ESCOLAR  PAE, DURA"
CO1.REQ.10711000,009351C-26,90,Licitación Abierta (En Ofertas),Oportunidad de Alianza / Cotización,"Construcción & Obra Civil General, Interventoría & Consultoría","obras civiles, interventoria integral","$1,942,646,507 COP",EMPRESA DE TRANSPORTE MASIVO DEL VALLE DE ABURRA LTDA,Antioquia,Bello,Contratación régimen especial,No Definido,No Definido,Compartir la oportunidad con clientes aliados para que presenten oferta incluyendo nuestros suministros.,https://community.secop.gov.co/Public/Tendering/OpportunityDetail/Index?noticeUID=CO1.NTC.10567329,"Interventoria integral al contrato de diseño, intervención y obras civiles de protección para la estabilización y salvaguarda de la banca de la vía férrea, las estructuras de contención y la infraestructura asociada del sistema férreo del valle de ab"
CO1.REQ.10642299,IP011-2026,90,Licitación Abierta (En Ofertas),Oportunidad de Alianza / Cotización,"Construcción & Obra Civil General, Agua Potable & Saneamiento","acueducto, alcantarillado, obras complementarias","$1,929,763,491 COP",EMPRESA DE DESARROLLO TERRITORIAL DE DON MATIAS,Antioquia,Don Matías,Contratación régimen especial,No Definido,No Definido,Compartir la oportunidad con clientes aliados para que presenten oferta incluyendo nuestros suministros.,https://community.secop.gov.co/Public/Tendering/OpportunityDetail/Index?noticeUID=CO1.NTC.10497437,"OBRAS DE REPOSICIÓN DE REDES DE ACUEDUCTO, ALCANTARILLADO Y OBRASCOMPLEMENTARIAS, EN VÍAS DEL ÁREA URBANA DEL MUNICIPIO DE JARDÍN  ANTIOQUIA."
CO1.REQ.10918173,CA-005-2026,90,Adjudicado (Contratista Seleccionado),Lead B2B de Venta Directa,Alimentación Escolar (PAE),"pae, alimentación escolar","$1,904,857,251 COP",MUNICIPIO DE TARAZA+,Antioquia,Tarazá,Contratación régimen especial (con ofertas),FUNDACION PROTEGER,900242855,Contactar al contratista ganador/consorcio para ofrecer suministro y cotización inmediata.,https://community.secop.gov.co/Public/Tendering/OpportunityDetail/Index?noticeUID=CO1.NTC.10772393,"INTEGRAR ESFUERZOS INSTITUCIONALES, TÉCNICOS, ADMINSITRATIVOS Y FINACIEROS PARA LA GARANTÍA DEL DESARECHO A LA EDUCACIÓN A TRAVÉS DEL DESARROLLO DEL PROGRAMA DE ALIMENTACIÓN ESCOLAR-PAE-DIRIGIDO A LOS ÑIÑOS, NIÑAS, ADOLESCENTES Y JÓVENES CON MATRICUL"
CO1.REQ.11078001,FDLT-LP-379-2026 (163980),90,Licitación Abierta (En Ofertas),Oportunidad de Alianza / Cotización,Construcción & Obra Civil General,malla vial,"$1,851,248,134 COP",ALCALDIA LOCAL DE TUNJUELITO,Distrito Capital de Bogotá,Bogotá,Licitación pública Obra Publica,No Definido,No Definido,Compartir la oportunidad con clientes aliados para que presenten oferta incluyendo nuestros suministros.,https://community.secop.gov.co/Public/Tendering/OpportunityDetail/Index?noticeUID=CO1.NTC.10933970,"EJECUTAR A MONTO AGOTABLE Y POR EL SISTEMA DE PRECIOS UNITARIOS, MEDIANTE BRIGADAS DE MANTENIMIENTO, ACTIVIDADES PUNTUALES PARA LA ATENCIÓN DE DAÑOS EN LA MALLA VIAL LOCAL E INTERMEDIA Y EN EL ESPACIO PÚBLICO DE COMPETENCIA DEL FONDO DE DESARROLLO LO"
CO1.REQ.11082034,CMA-DEO-SGI-052-2026,90,Licitación Abierta (En Ofertas),Oportunidad de Alianza / Cotización,Interventoría & Consultoría,interventoría integral,"$1,800,000,000 COP",INVIAS,Distrito Capital de Bogotá,Bogotá,Concurso de méritos abierto,No Definido,No Definido,Compartir la oportunidad con clientes aliados para que presenten oferta incluyendo nuestros suministros.,https://community.secop.gov.co/Public/Tendering/OpportunityDetail/Index?noticeUID=CO1.NTC.10941762,"INTERVENTORÍA INTEGRAL PARA LA GESTIÓN VIAL INTEGRAL DE LA RUTA NACIONAL 45A - TRONCAL CENTRAL, INCLUYENDO SUS VARIANTES, DESDE EL MUNICIPIO DE ZIPAQUIRÁ HASTA EL MUNICIPIO DE SAN ALBERTO, EN LOS DEPARTAMENTOS DE CUNDINAMARCA, BOYACÁ, SANTANDER, NORT"
CO1.REQ.10900435,IP012-2026,90,Licitación Abierta (En Ofertas),Oportunidad de Alianza / Cotización,"Construcción & Obra Civil General, Agua Potable & Saneamiento","acueducto, alcantarillado, obras complementarias","$1,796,323,466 COP",EMPRESA DE DESARROLLO TERRITORIAL DE DON MATIAS,Antioquia,Don Matías,Contratación régimen especial,No Definido,No Definido,Compartir la oportunidad con clientes aliados para que presenten oferta incluyendo nuestros suministros.,https://community.secop.gov.co/Public/Tendering/OpportunityDetail/Index?noticeUID=CO1.NTC.10754399,"REPOSICIÓN DE REDES DE ACUEDUCTO, ALCANTARILLADO Y OBRAS COMPLEMENTARIAS FASE 1 DEL MUNICIPIO DE ABEJORRAL."
CO1.REQ.11100022,330-331-23.18-115 DE 2026,90,Licitación Abierta (En Ofertas),Oportunidad de Alianza / Cotización,Energía Solar & Alumbrado Público,"alumbrado público, luminarias led","$1,722,861,969 COP",SERVICIO PUBLICO DE ALUMBRADO DE PASTO S.A. - SEPAL S.A.,Nariño,Pasto,Contratación régimen especial,M&O DISTRIBUCIONES Y TECNOLOGIA S.A.S.,900968536,Compartir la oportunidad con clientes aliados para que presenten oferta incluyendo nuestros suministros.,https://community.secop.gov.co/Public/Tendering/OpportunityDetail/Index?noticeUID=CO1.NTC.10955748,"SUMINISTRO DE LUMINARIAS LED PARA ALUMBRADO
PÚBLICO DEL MUNICIPIO DE PASTO DE POTENCIA
MÁXIMA 46W - 52W."
CO1.REQ.11073275,I.P.010-2026,90,Licitación Abierta (En Ofertas),Oportunidad de Alianza / Cotización,Construcción & Obra Civil General,"placa huella, vía terciaria","$1,700,496,269 COP",EMPRESA DE DESARROLLO SOSTENIBLE DEL MUNICIPIO DE LA UNION,Antioquia,La Unión,Contratación régimen especial,No Definido,No Definido,Compartir la oportunidad con clientes aliados para que presenten oferta incluyendo nuestros suministros.,https://community.secop.gov.co/Public/Tendering/OpportunityDetail/Index?noticeUID=CO1.NTC.10934084,"CONSTRUCCIÓN DE PLACA HUELLA DE LA VÍA TERCIARIA DE LA VEREDA PANTALIO EN EL MUNICIPIO DE EL RETIRO, ANTIOQUIA"
CO1.REQ.10623893,INVITACIÓN PÚBLICA 005-2026,90,Licitación Abierta (En Ofertas),Oportunidad de Alianza / Cotización,"Construcción & Obra Civil General, Energía Solar & Alumbrado Público","fotovoltaica, energía solar, alumbrado público","$1,685,023,146 COP",EMPRESA DE SERVICIOS PUBLICOS DE TAME,Arauca,Tame,Contratación régimen especial,No Definido,No Definido,Compartir la oportunidad con clientes aliados para que presenten oferta incluyendo nuestros suministros.,https://community.secop.gov.co/Public/Tendering/OpportunityDetail/Index?noticeUID=CO1.NTC.10479341,"CONSTRUCCIÓN DE SISTEMAS DE ENERGÍA SOLAR FOTOVOLTAICA PARA LA OPTIMIZACIÓN DEL ALUMBRADO PÚBLICO EN LA ZONA URBANA DEL MUNICIPIO DE TAME, DEPARTAMENTO DE ARAUCA."
CO1.REQ.10733727,2026-019,90,Licitación Abierta (En Ofertas),Oportunidad de Alianza / Cotización,"Construcción & Obra Civil General, Energía Solar & Alumbrado Público","fotovoltaica, energía solar, alumbrado público","$1,682,023,140 COP",EMPRESA DE SERVICIOS PUBLICOS DE TAME,Arauca,Tame,Contratación régimen especial,No Definido,No Definido,Compartir la oportunidad con clientes aliados para que presenten oferta incluyendo nuestros suministros.,https://community.secop.gov.co/Public/Tendering/OpportunityDetail/Index?noticeUID=CO1.NTC.10588209,"CONSTRUCCIÓN DE SISTEMAS DE ENERGÍA SOLAR FOTOVOLTAICA PARA LA OPTIMIZACIÓN DEL ALUMBRADO PÚBLICO EN LA ZONA URBANA DEL MUNICIPIO DE TAME, DEPARTAMENTO DE ARAUCA."
CO1.REQ.11097765,FDLCB-CMA-001-2026 (Presentación de oferta),90,Licitación Abierta (En Ofertas),Oportunidad de Alianza / Cotización,Interventoría & Consultoría,"interventoría técnica, estudios y diseños","$1,653,121,296 COP",ALCALDIA LOCAL DE CIUDAD BOLIVAR //,Distrito Capital de Bogotá,Bogotá,Concurso de méritos abierto,No Definido,No Definido,Compartir la oportunidad con clientes aliados para que presenten oferta incluyendo nuestros suministros.,https://community.secop.gov.co/Public/Tendering/OpportunityDetail/Index?noticeUID=CO1.NTC.10953495,"REALIZAR LA INTERVENTORÍA TÉCNICA, ADMINISTRATIVA, FINANCIERA, ECONÓMICA, SOCIAL, JURÍDICA, AMBIENTAL, Y SST, DEL CONTRATO CUYO OBJETO ES: EJECUTAR A PRECIOS UNITARIOS Y A MONTO AGOTABLE LA ACTUALIZACIÓN Y/O COMPLEMENTACIÓN Y/O AJUSTES A LOS ESTUDIOS"
CO1.REQ.11103641,INVITACION PRIVADA No. 003 DE 2026,90,Licitación Abierta (En Ofertas),Oportunidad de Alianza / Cotización,"Construcción & Obra Civil General, Energía Solar & Alumbrado Público","sistemas fotovoltaicos, alumbrado publico","$1,637,444,457 COP",EMPRESAS PUBLICAS EL HOBO S.A E.S.P,No Definido,No Definido,Contratación régimen especial,No Definido,No Definido,Compartir la oportunidad con clientes aliados para que presenten oferta incluyendo nuestros suministros.,https://community.secop.gov.co/Public/Tendering/OpportunityDetail/Index?noticeUID=CO1.NTC.10959142,"CONTRATAR EL MANTENIMIENTO CORRECTIVO, PREVENTIVO Y AMPLIACION DEL SISTEMA DE ALUMBRADO PUBLICO INCLUYENDO LA ILUMINACION DE NUEVOS ESPACIOS VIALES Y DE ACCESO AL PUBLICO MEDIANTE SISTEMAS FOTOVOLTAICOS EN EL MUNICIPIO DE HOBO HUILA"
CO1.REQ.11110107,I.P.009-2026,90,Licitación Abierta (En Ofertas),Oportunidad de Alianza / Cotización,Construcción & Obra Civil General,"pavimento flexible, obras complementarias","$1,602,136,341 COP",EMPRESA DE DESARROLLO SOSTENIBLE DEL MUNICIPIO DE LA UNION,Antioquia,La Unión,Contratación régimen especial,CORPORACION ECOLOGICA  UNIDOS POR EL MEDIO AMBIENTE,No Definido,Compartir la oportunidad con clientes aliados para que presenten oferta incluyendo nuestros suministros.,https://community.secop.gov.co/Public/Tendering/OpportunityDetail/Index?noticeUID=CO1.NTC.10964941,"CONSTRUCCIÓN Y MEJORAMIENTO DE LA INFRAESTRUCTURA VIAL URBANA MEDIANTE LA EJECUCIÓN DE PAVIMENTO FLEXIBLE, ADECUACIÓN DE ANDENES Y OBRAS COMPLEMENTARIAS EN LA CARRERA 10 ENTRE CALLES 11 Y 13, CARRERA 9 ENTRE CALLES 9 Y 10, Y CALLE 9 ENTRE CARRERAS 8 "
CO1.REQ.10732485,2026-018,90,Licitación Abierta (En Ofertas),Oportunidad de Alianza / Cotización,"Construcción & Obra Civil General, Energía Solar & Alumbrado Público","alumbrado público, alumbrado publico","$1,593,873,570 COP",EMPRESA DE SERVICIOS PUBLICOS DE TAME,Arauca,Tame,Contratación régimen especial,No Definido,No Definido,Compartir la oportunidad con clientes aliados para que presenten oferta incluyendo nuestros suministros.,https://community.secop.gov.co/Public/Tendering/OpportunityDetail/Index?noticeUID=CO1.NTC.10587235,"MEJORAMIENTO DE LA RED DE ALUMBRADO PUBLICO DEL MUNICIPIO DE TAME, DEPARTAMENTO DE ARAUCA"
CO1.REQ.10781072,FT-MEV-005-2026,90,Licitación Abierta (En Ofertas),Oportunidad de Alianza / Cotización,"Construcción & Obra Civil General, Acero & Metalmecánica","escenarios deportivos, estructura metálica","$1,520,150,835 COP","FONDO MIXTO DE GESTION TERRITORIAL, CIENCIA, TECNOLOGIA Y CULTURA",Cauca,Santander De Quilichao,Contratación régimen especial,No Definido,No Definido,Compartir la oportunidad con clientes aliados para que presenten oferta incluyendo nuestros suministros.,https://community.secop.gov.co/Public/Tendering/OpportunityDetail/Index?noticeUID=CO1.NTC.10634853,"MEJORAMIENTO DE ESCENARIOS DEPORTIVOS MEDIANTE EL MEJORAMIENTO DE LAS LOSAS Y LA CONSTRUCCIÓN DE DOS CUBIERTAS EN ESTRUCTURA METÁLICA, UNA UBICADA EN LA CABECERA CORREGIMENTAL DE LA CARBONERA Y OTRA EN LA VEREDA MAZAMORRAS, SAN MIGUEL DEL MUNICIPIO D"
CO1.REQ.11045469,FDLSUBA-SASI-001-2026 (155642) (Presentación de oferta),90,Licitación Abierta (En Ofertas),Oportunidad de Alianza / Cotización,Tecnología & Equipos de Cómputo,equipos de cómputo,"$1,500,000,000 COP",ALCALDÍA LOCAL DE SUBA,Distrito Capital de Bogotá,Bogotá,Selección abreviada subasta inversa,No Definido,No Definido,Compartir la oportunidad con clientes aliados para que presenten oferta incluyendo nuestros suministros.,https://community.secop.gov.co/Public/Tendering/OpportunityDetail/Index?noticeUID=CO1.NTC.10903776,ADQUIRIR EQUIPOS DE CÓMPUTO Y PERIFÉRICOS PARA LAS INSTITUCIONES EDUCATIVAS DISTRITALES PRIORIZADAS DE LA LOCALIDAD DE SUBA
CO1.REQ.10806456,CD-GB-2687-2026,90,Adjudicado (Contratista Seleccionado),Lead B2B de Venta Directa,Alimentación Escolar (PAE),"pae, alimentación escolar","$1,480,605,897 COP",GOBERNACIÓN DE BOYACÁ,Boyacá,Tunja,Contratación Directa (con ofertas),MUNICIPIO DE SAMACA,800016757,Contactar al contratista ganador/consorcio para ofrecer suministro y cotización inmediata.,https://community.secop.gov.co/Public/Tendering/OpportunityDetail/Index?noticeUID=CO1.NTC.10659981,"AUNAR ESFUERZOS TÉCNICOS, ADMINISTRATIVOS Y FINANCIEROS EN LA IMPLEMENTACIÓN Y EJECUCIÓN DEL PROGRAMA DE ALIMENTACIÓN ESCOLAR PAE, ENTRE EL DEPARTAMENTO DE BOYACÁ Y EL MUNICIPIO DE SAMACA, PARA GARANTIZAR EL PROGRAMA DE ALIMENTACIÓN ESCOLAR  PAE, DUR"
CO1.REQ.11099553,IT-CM-26-03 (Presentación de oferta),90,Licitación Abierta (En Ofertas),Oportunidad de Alianza / Cotización,Interventoría & Consultoría,"estudios y diseños, estudios y disenos","$1,458,208,972 COP",DEPARTAMENTO DE SANTANDER,Santander,Bucaramanga,Concurso de méritos abierto,No Definido,No Definido,Compartir la oportunidad con clientes aliados para que presenten oferta incluyendo nuestros suministros.,https://community.secop.gov.co/Public/Tendering/OpportunityDetail/Index?noticeUID=CO1.NTC.10955764,"REALIZAR LOS ESTUDIOS Y DISEÑOS PARA EL DESARROLLO DE LAS SIGUIENTES CONSULTORÍA: 1)
ESTUDIOS Y DISENOS PARA EL MEJORAMIENTO DE LAS VIAS TERCIARIAS EN LOS MUNICIPIOS DE
CHIM, CONFINES,VILLANUEVA Y SIMACOTA, EN SANTANDER; 2) ESTUDIOS Y DISEÑOS PARA EL"
CO1.REQ.10489157,SOLICITUD PÚBLICA DE OFERTAS No. 003-2026,90,Licitación Abierta (En Ofertas),Oportunidad de Alianza / Cotización,"Agua Potable & Saneamiento, Interventoría & Consultoría","estudios y diseños, aguas residuales, tratamiento de aguas, planta de tratamiento","$1,446,176,789 COP",EMPRESA DE SERVICIOS PUBLICOS DE TABIO S A,Cundinamarca,Tabio,Contratación régimen especial,No Definido,No Definido,Compartir la oportunidad con clientes aliados para que presenten oferta incluyendo nuestros suministros.,https://community.secop.gov.co/Public/Tendering/OpportunityDetail/Index?noticeUID=CO1.NTC.10345729,"ESTUDIOS Y DISEÑOS PARA LA OPTIMIZACIÓN, AMPLIACIÓN DE LA PLANTA DE TRATAMIENTO DE AGUAS RESIDUALES Y ESTUDIOS COMPLEMENTARIOS DEL MUNICIPIO DE TABIO, CUNDINAMARCA, EN EL MARCO DEL CONVENIO INTERADMINISTRATIVO CAR-CONV- INT-3366-2025, SUSCRITO ENTRE "
CO1.REQ.11100185,LP-SI-002-2026 (Fase de Selección (Presentación de ofertas)),90,Licitación Abierta (En Ofertas),Oportunidad de Alianza / Cotización,Construcción & Obra Civil General,"pavimento rigido, pavimentacion","$1,441,097,801 COP",MUNICIPIO DE MARIQUTA,Tolima,Mariquita,Licitación pública Obra Publica,No Definido,No Definido,Compartir la oportunidad con clientes aliados para que presenten oferta incluyendo nuestros suministros.,https://community.secop.gov.co/Public/Tendering/OpportunityDetail/Index?noticeUID=CO1.NTC.10962429,CONSTRUCCIÓN EN PAVIMENTO RIGIDO E INTERVENCION DE ANDENES EN LA CALLE 4 ENTRE CARRERA 3 Y 2 Y PAVIMENTACION EN CONCRETO RIGIDO DE LA CALLE 9 ENTRE CARRERA 4 Y 3 EN LA ZONA URBANA DEL MUNICIPIO DE SAN SEBASTIAN DE MARIQUITA
CO1.REQ.10805054,CD-GB-2677-2026,90,Adjudicado (Contratista Seleccionado),Lead B2B de Venta Directa,Alimentación Escolar (PAE),"pae, alimentación escolar","$1,430,177,323 COP",GOBERNACIÓN DE BOYACÁ,Boyacá,Tunja,Contratación Directa (con ofertas),ALCALDIA MUNICIPIO DE MONIQUIRA+,800099662,Contactar al contratista ganador/consorcio para ofrecer suministro y cotización inmediata.,https://community.secop.gov.co/Public/Tendering/OpportunityDetail/Index?noticeUID=CO1.NTC.10658819,"AUNAR ESFUERZOS TÉCNICOS, ADMINISTRATIVOS Y FINANCIEROS EN LA IMPLEMENTACIÓN Y EJECUCIÓN DEL PROGRAMA DE ALIMENTACIÓN ESCOLAR PAE, ENTRE EL DEPARTAMENTO DE BOYACÁ Y EL MUNICIPIO DE MONIQUIRA, PARA GARANTIZAR EL PROGRAMA DE ALIMENTACIÓN ESCOLAR  PAE, "
CO1.REQ.10665519,OBR-SCC-VUP-003-2026,90,Licitación Abierta (En Ofertas),Oportunidad de Alianza / Cotización,"Construcción & Obra Civil General, Agua Potable & Saneamiento",acueducto,"$1,406,137,130 COP","FONCOLOMBIA, FONDO MIXTO PARA EL DESARROLLO INTEGRAL Y LA GESTION SOCIAL DE COLOMBIA",Santander,Bucaramanga,Contratación régimen especial,No Definido,No Definido,Compartir la oportunidad con clientes aliados para que presenten oferta incluyendo nuestros suministros.,https://community.secop.gov.co/Public/Tendering/OpportunityDetail/Index?noticeUID=CO1.NTC.10519457,AMPLIACIÓN Y OPTIMIZACIÓN DEL SISTEMA DE ACUEDUCTO DE LA VEREDA ARENAS BLANCAS EN EL MUNICIPIO DE CHIRIGUANÁ
CO1.REQ.11054666,SDO 007-2026,90,Licitación Abierta (En Ofertas),Oportunidad de Alianza / Cotización,"Construcción & Obra Civil General, Agua Potable & Saneamiento","acueducto, alcantarillado, obras complementarias","$1,384,935,409 COP",EMPRESA DE SERVICIOS PUBLICOS DE LA VIRGINIA E.S.P**,Risaralda,La Virginia,Contratación régimen especial,No Definido,No Definido,Compartir la oportunidad con clientes aliados para que presenten oferta incluyendo nuestros suministros.,https://community.secop.gov.co/Public/Tendering/OpportunityDetail/Index?noticeUID=CO1.NTC.10910858,"REALIZAR LA REPOSICIÓN, REHABILITACION, AMPLIACIÓN Y OBRAS COMPLEMENTARIAS DE LOS SISTEMAS DE ACUEDUCTO Y ALCANTARILLADO DE LOS TRAMOS QUE COMPRENDEN LA CARRERA 7A ENTRE CALLES 15 Y 14 - BARRIO OBRERO, LA CARRERA 8A ENTRE CALLES 15A Y 16A - BARRIO LO"
CO1.REQ.11027191,DAPRE-SAMC07-2026,90,Licitación Abierta (En Ofertas),Oportunidad de Alianza / Cotización,Construcción & Obra Civil General,obras civiles,"$1,370,824,376 COP",DAPRE,Distrito Capital de Bogotá,Bogotá,Selección Abreviada de Menor Cuantía,No Definido,No Definido,Compartir la oportunidad con clientes aliados para que presenten oferta incluyendo nuestros suministros.,https://community.secop.gov.co/Public/Tendering/OpportunityDetail/Index?noticeUID=CO1.NTC.10951836,"Contratar por el sistema de precios unitarios fijos, sin fórmula de ajuste, las obras civiles para ejecutar la impermeabilización de cubiertas y trabajos de mantenimiento de carpintería de madera, así como, la renovación de pintura de muros y techos "
CO1.REQ.11065866,CM-SV-03307 -2026,90,Licitación Abierta (En Ofertas),Oportunidad de Alianza / Cotización,Interventoría & Consultoría,interventoría técnica,"$1,367,421,213 COP",Gobernación Norte de Santander*,Norte de Santander,Cúcuta,Concurso de méritos abierto,No Definido,No Definido,Compartir la oportunidad con clientes aliados para que presenten oferta incluyendo nuestros suministros.,https://community.secop.gov.co/Public/Tendering/OpportunityDetail/Index?noticeUID=CO1.NTC.10931620,"INTERVENTORÍA TÉCNICA, ADMINISTRATIVA, JURIDICA Y FINANCIERA SOBRE EL CONTRATO DE OBRA PARA EL MEJORAMIENTO DEL CORREDOR VIAL ARBOLEDAS-SALAZAR SECTOR SIRAVITA, EN EL DEPARTAMENTO NORTE DE SANTANDER"
CO1.REQ.11011357,PROCESO COMPETITIVO N° 001 DE 2026,90,Adjudicado (Contratista Seleccionado),Lead B2B de Venta Directa,Alimentación Escolar (PAE),"pae, alimentación escolar","$1,349,652,350 COP",ALCALDIA DE SAN JUAN DE URABA,Antioquia,No Definido,Contratación régimen especial (con ofertas),FUNDACION ILUSION EN GRANDE,900077592,Contactar al contratista ganador/consorcio para ofrecer suministro y cotización inmediata.,https://community.secop.gov.co/Public/Tendering/OpportunityDetail/Index?noticeUID=CO1.NTC.10865716,"AUNAR ESFUERZOS TECNICOS ADMINISTRATIVOS Y FINANCIEROS PARA LA EJECUCIÓN DEL PROGRAMA DE ALIMENTACIÓN ESCOLAR - (PAE), PAR LOS NIÑOS, NIÑAS, ADOLESCENTES Y JÓVENES DE LA MATRICULA OFICIAL DEL MUNICIPIO DE SAN JUAN DE URABA, ANTIOQUIA EN EL AÑO 2026. "
CO1.REQ.11064458,SASIP 009 DE 2026,90,Licitación Abierta (En Ofertas),Oportunidad de Alianza / Cotización,"Dotación, Uniformes & Mobiliario","dotación de calzado, vestido de labor, calzado y vestido","$1,311,410,000 COP",ALCALDIA MUNICIPAL DE IPIALES,Nariño,Ipiales,Selección abreviada subasta inversa,No Definido,No Definido,Compartir la oportunidad con clientes aliados para que presenten oferta incluyendo nuestros suministros.,https://community.secop.gov.co/Public/Tendering/OpportunityDetail/Index?noticeUID=CO1.NTC.10920911,"SUMINISTRO, BAJO LA MODALIDAD DE MONTO AGOTABLE, DE LA DOTACIÓN DE CALZADO Y VESTIDO DE LABOR PARA LOS SERVIDORES PÚBLICOS DEL MUNICIPIO DE IPIALES, MEDIANTE LA ENTREGA DE BONOS Y/O TARJETAS RECARGABLES Y LA ENTREGA DE DOTACIÓN FÍSICA, DE CONFORMIDAD"
CO1.REQ.11057640,CMA-DEO-SGI-051-2026,90,Licitación Abierta (En Ofertas),Oportunidad de Alianza / Cotización,Interventoría & Consultoría,interventoría integral,"$1,260,789,861 COP",INVIAS,Distrito Capital de Bogotá,Bogotá,Concurso de méritos abierto,No Definido,No Definido,Compartir la oportunidad con clientes aliados para que presenten oferta incluyendo nuestros suministros.,https://community.secop.gov.co/Public/Tendering/OpportunityDetail/Index?noticeUID=CO1.NTC.10917521,"INTERVENTORÍA INTEGRAL PARA LA GESTIÓN VIAL INTEGRAL DE LAS CARRETERAS: BOGOTÁ (LOS PATIOS) - GUASCA RUTA 5009, EL SALITRE - SOPÓ RUTA 50CN03 Y BOGOTÁ - CHOACHÍ - UBAQUE RUTA 4006A, EN EL DEPARTAMENTO DE CUNDINAMARCA"
CO1.REQ.11055602,EAAB-ICSC-1313-2026,90,Licitación Abierta (En Ofertas),Oportunidad de Alianza / Cotización,Agua Potable & Saneamiento,"agua potable, acueducto, alcantarillado","$1,253,771,392 COP",EMPRESA DE ACUEDUCTO Y ALCANTARILLADO DE BOGOTÁ - E.S.P.,No Definido,No Definido,Contratación régimen especial,CAUDALES DE COLOMBIA SAS ESP,No Definido,Compartir la oportunidad con clientes aliados para que presenten oferta incluyendo nuestros suministros.,https://community.secop.gov.co/Public/Tendering/OpportunityDetail/Index?noticeUID=CO1.NTC.10911306,"Brindar apoyo operativo y técnico a la Dirección de Apoyo Comercial de la Empresa de Acueducto y Alcantarillado de Bogotá EAAB - ESP en el desarrollo de actividades asociadas a la venta y suministro de agua potable a carrotanque, desde los puntos hab"
CO1.REQ.11104874,CTI-005-2026,90,Licitación Abierta (En Ofertas),Oportunidad de Alianza / Cotización,Construcción & Obra Civil General,pavimentación,"$1,249,974,461 COP",ALCALDÍA MUNICIPAL DE BELMIRA ANTIOQUIA,Antioquia,Belmira,Contratación Directa (con ofertas),No Definido,No Definido,Compartir la oportunidad con clientes aliados para que presenten oferta incluyendo nuestros suministros.,https://community.secop.gov.co/Public/Tendering/OpportunityDetail/Index?noticeUID=CO1.NTC.10966533,"CONTRATO INTERADMINISTRATIVO DE MANDATO SIN REPRESENTACIÓN PARA LA ADMINISTRACIÓN DELEGADA DE RECURSOS PARA LLEVAR A CABO LA PAVIMENTACIÓN DE VÍAS DEL CORREGIMIENTO DE LABORES DEL MUNICIPIO DE BELMIRA, ANTIOQUIA, INCLUIDO OBRA E INTERVENTORIA."
CO1.REQ.11064880,CVC CMA 3 2026,90,Licitación Abierta (En Ofertas),Oportunidad de Alianza / Cotización,Interventoría & Consultoría,interventoría integral,"$1,244,078,619 COP",CVC,Valle del Cauca,Cali,Concurso de méritos abierto,No Definido,No Definido,Compartir la oportunidad con clientes aliados para que presenten oferta incluyendo nuestros suministros.,https://community.secop.gov.co/Public/Tendering/OpportunityDetail/Index?noticeUID=CO1.NTC.10922359,REALIZAR LA INTERVENTORÍA INTEGRAL AL CONTRATO QUE TIENE POR OBJETO: REALIZAR LA CONSTRUCCIÓN DE LA NUEVA SEDE ADMINISTRATIVA DE LA DAR NORTE EN EL MUNICIPIO DE CARTAGO
CO1.REQ.10964839,500-OS- 2197-2026,90,Licitación Abierta (En Ofertas),Oportunidad de Alianza / Cotización,Energía Solar & Alumbrado Público,"alumbrado público, alumbrado publico","$1,240,372,309 COP",EMPRESAS MUNICIPALES DE CALI,Valle del Cauca,Cali,Contratación régimen especial,No Definido,No Definido,Compartir la oportunidad con clientes aliados para que presenten oferta incluyendo nuestros suministros.,https://community.secop.gov.co/Public/Tendering/OpportunityDetail/Index?noticeUID=CO1.NTC.10831940,"Prestación de servicios de cuadrillas para la atención, reparación, adecuación y restablecimiento de las condiciones de funcionamiento del Sistema de Alumbrado Público SALP, mediante la ejecución de actividades operativas y técnicas requeridas para a"
CO1.REQ.10885718,CONVOCATORIA PUBLICA 008-2026,90,Licitación Abierta (En Ofertas),Oportunidad de Alianza / Cotización,Tecnología & Equipos de Cómputo,licenciamiento,"$1,237,189,659 COP",UNIVERSIDAD DISTRITAL FRANCISCO JOSE DE CALDAS,Distrito Capital de Bogotá,No Definido,Contratación régimen especial,No Definido,No Definido,Compartir la oportunidad con clientes aliados para que presenten oferta incluyendo nuestros suministros.,https://community.secop.gov.co/Public/Tendering/OpportunityDetail/Index?noticeUID=CO1.NTC.10740610,"ADQUIRIR EQUIPOS ACTIVOS DE RED SWITCHES Y ACCESS POINTS,
INCLUYENDO HARDWARE, LICENCIAMIENTO, GARANTÍA Y SOPORTE TÉCNICO INTEGRAL, CON EL FIN DE GARANTIZAR LA DISPONIBILIDAD, SEGURIDAD, ESCALABILIDAD Y EL ÓPTIMO RENDIMIENTO DE LOS SERVICIOS DE RED E"
CO1.REQ.10655696,PAF-ATF-I-061-2026,90,Licitación Abierta (En Ofertas),Oportunidad de Alianza / Cotización,"Agua Potable & Saneamiento, Interventoría & Consultoría","interventoría integral, alcantarillado","$1,230,649,471 COP",FINANCIERA DE DESARROLLO TERRITORIAL S.A.,Distrito Capital de Bogotá,Bogotá,Contratación régimen especial,No Definido,No Definido,Compartir la oportunidad con clientes aliados para que presenten oferta incluyendo nuestros suministros.,https://community.secop.gov.co/Public/Tendering/OpportunityDetail/Index?noticeUID=CO1.NTC.10510301,"CONTRATAR LA INTERVENTORÍA INTEGRAL TÉCNICA, ADMINISTRATIVA, FINANCIERA, CONTABLE, AMBIENTAL, SOCIAL Y JURÍDICA PARA LA EJECUCIÓN DE LAS OBRAS DEL PLAN MAESTRO DE ALCANTARILLADO DEL CASCO URBANO DEL MUNICIPIO DE CHIPAQUE OPTIMIZACIÓN DE LOS SISTEMAS "
CO1.REQ.11067268,CM-0004-2026,90,Licitación Abierta (En Ofertas),Oportunidad de Alianza / Cotización,Interventoría & Consultoría,"interventoría técnica, estudios y diseños","$1,199,000,769 COP",MUNICIPIO DE FUNZA - ALCALDÍA DE FUNZA,Cundinamarca,Funza,Concurso de méritos abierto,No Definido,No Definido,Compartir la oportunidad con clientes aliados para que presenten oferta incluyendo nuestros suministros.,https://community.secop.gov.co/Public/Tendering/OpportunityDetail/Index?noticeUID=CO1.NTC.10938829,"INTERVENTORÍA TÉCNICA, ADMINISTRATIVA, FINANCIERA, LEGAL, AMBIENTAL, SOCIAL Y SST PARA EL CONTRATO DE OBRA CUYO OBJETO ES  CONTRATAR BAJO LA MODALIDAD LLAVE EN MANO A PRECIO GLOBAL FIJO, EL AJUSTE Y/O ACTUALIZACIÓN A ESTUDIOS Y DISEÑOS TÉCNICOS A NIV"
CO1.REQ.11048427,SA-011-2026 (Presentación de oferta),90,Adjudicado (Contratista Seleccionado),Lead B2B de Venta Directa,Alimentación Escolar (PAE),"pae, alimentación escolar","$1,188,342,171 COP",MUNICIPIO DE ZARAGOZA,Antioquia,Zaragoza,Selección abreviada subasta inversa,FUNDACION CONSTRUYENDO VIDA SANA,900540697,Contactar al contratista ganador/consorcio para ofrecer suministro y cotización inmediata.,https://community.secop.gov.co/Public/Tendering/OpportunityDetail/Index?noticeUID=CO1.NTC.10905487,"SUMINISTRO DE ALIMENTACIÓN ESCOLAR PAE-, PARA LOS NIÑOS, NIÑAS Y ADOLESCENTES DE LA MATRICULA OFICIAL DEL MUNICIPIO DE ZARAGOZA - ANTIOQUIA, PARA LA VIGENCIA 2026-2"
CO1.REQ.10951194,RE-ESAL-009-2026.,90,Adjudicado (Contratista Seleccionado),Lead B2B de Venta Directa,Alimentación Escolar (PAE),"pae, alimentación escolar","$1,178,910,849 COP",MUNICIPIO DE SAMACA,Boyacá,Samacá,Contratación régimen especial (con ofertas),FUNDACIÓN HUELLA PARA EL FUTURO,900149641,Contactar al contratista ganador/consorcio para ofrecer suministro y cotización inmediata.,https://community.secop.gov.co/Public/Tendering/OpportunityDetail/Index?noticeUID=CO1.NTC.10805446,"AUNAR ESFUERZOS TECNICOS, ADMINISTRATIVOS Y FINANCIEROS EN LA EJECUCION DEL PROGRAMA DE ALIMENTACIÓN ESCOLAR - PAE PARA LAS INSTITUCIONES PUBLICAS DEL MUNICIPIO DE SAMACÁ, SEGUNDO SEMESTRE 2026"
CO1.REQ.10513717,C.OBRA-238-2026,90,Licitación Abierta (En Ofertas),Oportunidad de Alianza / Cotización,"Construcción & Obra Civil General, Agua Potable & Saneamiento","acueducto, aguas residuales, alcantarillado","$1,141,792,153 COP",LAS CEIBAS EMPRESAS PUBLICAS DE NEIVA E.S.P.,Huila,Neiva,Contratación régimen especial,No Definido,No Definido,Compartir la oportunidad con clientes aliados para que presenten oferta incluyendo nuestros suministros.,https://community.secop.gov.co/Public/Tendering/OpportunityDetail/Index?noticeUID=CO1.NTC.10369480,OPTIMIZACIÓN DE LA RED DE ACUEDUCTO Y ALCANTARILLADO DE AGUAS RESIDUALES EN ALGUNOS SECTORES DE LA COMUNA 6 DE LA CIUDAD DE NEIVA.
CO1.REQ.11057387,CM-01-2026 (Presentación de oferta),90,Licitación Abierta (En Ofertas),Oportunidad de Alianza / Cotización,Interventoría & Consultoría,interventoria tecnica,"$1,136,363,635 COP",MUNICIPIO DE CHOCONTÁ,Cundinamarca,Chocontá,Concurso de méritos abierto,No Definido,No Definido,Compartir la oportunidad con clientes aliados para que presenten oferta incluyendo nuestros suministros.,https://community.secop.gov.co/Public/Tendering/OpportunityDetail/Index?noticeUID=CO1.NTC.10913831,"INTERVENTORIA 
TECNICA, ADMINISTRATIVA, FINANCIERA, SST Y AMBIENTAL PARA EL 
CONTRATO DE MEJORAMIENTO DEL ESTADIO MUNICIPAL DE CHOCONTÁ, 
CUNDINAMARCA EN EL MARCO DEL CONVENIO No. 752 DE 2025 SUSCRITO 
CON EL INSTITUTO DE CAMINOS Y CONSTRUCCIONES"
CO1.REQ.11093221,MSQ-CMA-010-2026,90,Licitación Abierta (En Ofertas),Oportunidad de Alianza / Cotización,Interventoría & Consultoría,interventoría técnica,"$1,132,029,507 COP",ALCALDIA MUNICIPIO DE SANTANDER DE QUILICHAO,Cauca,Santander De Quilichao,Concurso de méritos abierto,No Definido,No Definido,Compartir la oportunidad con clientes aliados para que presenten oferta incluyendo nuestros suministros.,https://community.secop.gov.co/Public/Tendering/OpportunityDetail/Index?noticeUID=CO1.NTC.10948773,"EL CONTRATISTA SE OBLIGA CON EL MUNICIPIO DE SANTANDER DE QUILICHAO A REALIZAR LA INTERVENTORÍA TÉCNICA, ADMINISTRATIVA, FINANCIERA, AMBIENTAL Y JURÍDICA AL CONTRATO DE OBRA QUE TIENE POR OBJETO:  MEJORAMIENTO DE VÍA CON LA PAVIMENTACIÓN DE UN TRAMO "
CO1.REQ.11099862,LO-06-IN-004-2026,90,Licitación Abierta (En Ofertas),Oportunidad de Alianza / Cotización,Construcción & Obra Civil General,infraestructura fisica,"$1,121,580,830 COP",DEPARTAMENTO DEL ARAUCA,Arauca,Arauca,Licitación pública Obra Publica,No Definido,No Definido,Compartir la oportunidad con clientes aliados para que presenten oferta incluyendo nuestros suministros.,https://community.secop.gov.co/Public/Tendering/OpportunityDetail/Index?noticeUID=CO1.NTC.10955374,MEJORAMIENTO Y ADECUACION DE LA INFRAESTRUCTURA FISICA DE SEDES EDUCATIVAS EN EL DEPARTAMENTO DE ARAUCA
CO1.REQ.11059557,2000.46.03.004-2026,90,Licitación Abierta (En Ofertas),Oportunidad de Alianza / Cotización,Interventoría & Consultoría,interventoría técnica,"$1,111,129,303 COP",VALLECAUCANA DE AGUAS S.A. E.S.P,Valle del Cauca,Cali,Concurso de méritos abierto,No Definido,No Definido,Compartir la oportunidad con clientes aliados para que presenten oferta incluyendo nuestros suministros.,https://community.secop.gov.co/Public/Tendering/OpportunityDetail/Index?noticeUID=CO1.NTC.10919315,"REALIZAR LA INTERVENTORÍA TÉCNICA, ADMINISTRATIVA, FINANCIERA Y AMBIENTALES SOBRE EL OBJETO DEL CONTRATO SUSCRITOS COMO RESULTADOS DE LA LICITACION PÚBLICA N°. 2000.46.01.005-2026 CUYO OBJETO CONSISTEN EN: EJECUTAR EL PLAN DE OBRAS PÚBLICAS, BAJO LA "
CO1.REQ.10886117,094-2026,90,Licitación Abierta (En Ofertas),Oportunidad de Alianza / Cotización,"Construcción & Obra Civil General, Agua Potable & Saneamiento","alcantarillado, obras complementarias","$1,101,549,069 COP",COMPRADOR - EMPRESA CARTAGUEÑA DE DESARROLLO - EMCADE,Valle del Cauca,Cartago,Contratación régimen especial,No Definido,No Definido,Compartir la oportunidad con clientes aliados para que presenten oferta incluyendo nuestros suministros.,https://community.secop.gov.co/Public/Tendering/OpportunityDetail/Index?noticeUID=CO1.NTC.10740961,"EJECUCIÓN DE LAS OBRAS DE OPTIMIZACIÓN Y/O MEJORAMIENTO DEL SISTEMA DE ALCANTARILLADO Y OBRAS COMPLEMENTARIAS, CRA 12 ENTRE CALLES 13 Y 14 - MUNICIPIO DE ZARZAL, VALLE DEL CAUCA."
CO1.REQ.10501515,059-2026,90,Licitación Abierta (En Ofertas),Oportunidad de Alianza / Cotización,"Construcción & Obra Civil General, Agua Potable & Saneamiento, Interventoría & Consultoría","estudios y diseños, alcantarillado","$1,100,000,000 COP",COMPRADOR - EMPRESA CARTAGUEÑA DE DESARROLLO - EMCADE,Valle del Cauca,Cartago,Contratación régimen especial,No Definido,No Definido,Compartir la oportunidad con clientes aliados para que presenten oferta incluyendo nuestros suministros.,https://community.secop.gov.co/Public/Tendering/OpportunityDetail/Index?noticeUID=CO1.NTC.10358631,EJECUCION DE LAS OBRAS Y ELABORACION DE ESTUDIOS Y DISEÑOS PARA LA OPTIMIZACION DEL SISTEMA DE ALCANTARILLADO EN LA ZONA URBANA DEL MUNICIPIO DE ANSERMANUEVO VALLE DEL CAUCA
CO1.REQ.10676724,C-104-2026,90,Licitación Abierta (En Ofertas),Oportunidad de Alianza / Cotización,"Construcción & Obra Civil General, Agua Potable & Saneamiento","acueducto, pavimento flexible, alcantarillado","$1,099,870,316 COP",ACUEDUCTO METROPOLITANO DE BUCARAMANGA S.A. E.S.P.,Santander,Bucaramanga,Contratación régimen especial,No Definido,No Definido,Compartir la oportunidad con clientes aliados para que presenten oferta incluyendo nuestros suministros.,https://community.secop.gov.co/Public/Tendering/OpportunityDetail/Index?noticeUID=CO1.NTC.10531241,Reparcheo de las vías en pavimento flexible intervenidas por la reparación de daños en las redes de acueducto y/o alcantarillado en el área de influencia del amb S.A. ESP
CO1.REQ.11084878,PN MEBAR SA SI 010 2026,90,Licitación Abierta (En Ofertas),Oportunidad de Alianza / Cotización,Vehículos & Maquinaria,"vehículos, motocicletas, parque automotor","$1,076,642,876 COP",POLICIA METROPOLITANA DE BARRANQUILLA,Atlántico,Barranquilla,Selección abreviada subasta inversa,No Definido,No Definido,Compartir la oportunidad con clientes aliados para que presenten oferta incluyendo nuestros suministros.,https://community.secop.gov.co/Public/Tendering/OpportunityDetail/Index?noticeUID=CO1.NTC.10948078,"CONTRATAR EL SUMINISTRO E INSTALACIÓN DE LLANTAS NUEVAS PARA EL PARQUE AUTOMOTOR VEHÍCULOS Y MOTOCICLETAS ASIGNADO A LA POLICÍA METROPOLITANA DE BARRANQUILLA, DEPARTAMENTO DE POLICÍA ATLÁNTICO, UNIDADES ADSCRITAS A LA ORDENACIÓN DEL GASTO Y DEMÁS VEH"
CO1.REQ.10798715,CD-GB-2637-2026,90,Adjudicado (Contratista Seleccionado),Lead B2B de Venta Directa,Alimentación Escolar (PAE),"pae, alimentación escolar","$1,074,374,319 COP",GOBERNACIÓN DE BOYACÁ,Boyacá,Tunja,Contratación Directa (con ofertas),MUNICIPIO DE VILLA DE LEYVA//,891801268,Contactar al contratista ganador/consorcio para ofrecer suministro y cotización inmediata.,https://community.secop.gov.co/Public/Tendering/OpportunityDetail/Index?noticeUID=CO1.NTC.10654192,"AUNAR ESFUERZOS TÉCNICOS, ADMINISTRATIVOS Y FINANCIEROS EN LA IMPLEMENTACIÓN Y EJECUCIÓN DEL PROGRAMA DE ALIMENTACIÓN ESCOLAR PAE, ENTRE EL DEPARTAMENTO DE BOYACÁ Y EL MUNICIPIO DE VILLA DE LEYVA, PARA GARANTIZAR EL PROGRAMA DE ALIMENTACIÓN ESCOLAR -"
CO1.REQ.10348891,CO-2026-006,90,Licitación Abierta (En Ofertas),Oportunidad de Alianza / Cotización,"Construcción & Obra Civil General, Agua Potable & Saneamiento","acueducto, alcantarillado","$1,069,597,850 COP",AGUAS DE MALAMBO S.A.E.S.P.,Atlántico,Malambo,Contratación régimen especial,No Definido,No Definido,Compartir la oportunidad con clientes aliados para que presenten oferta incluyendo nuestros suministros.,https://community.secop.gov.co/Public/Tendering/OpportunityDetail/Index?noticeUID=CO1.NTC.10643803,No definido
CO1.REQ.10890915,LICITACION PRIVADA LP-260010,90,Licitación Abierta (En Ofertas),Oportunidad de Alianza / Cotización,Tecnología & Equipos de Cómputo,equipos de computo,"$1,059,100,000 COP",UNIVERSIDAD FRANCISCO DE PAULA SANTANDER,Norte de Santander,Cúcuta,Contratación régimen especial,No Definido,No Definido,Compartir la oportunidad con clientes aliados para que presenten oferta incluyendo nuestros suministros.,https://community.secop.gov.co/Public/Tendering/OpportunityDetail/Index?noticeUID=CO1.NTC.10749471,ADQUISICION DE EQUIPOS DE COMPUTO DESTINADOS A LAS SALAS DE INFORMATICA SA412 SC401 SC402 Y SD402 DEL BLOQUE SA SC SD 4 PISO DEL CUARTO PISO DE LA UNIVERSIDAD FRANCISCO DE PAULA SANTANDER
CO1.REQ.10797384,CD-GB-2641-2026,90,Adjudicado (Contratista Seleccionado),Lead B2B de Venta Directa,Alimentación Escolar (PAE),"pae, alimentación escolar","$1,049,016,828 COP",GOBERNACIÓN DE BOYACÁ,Boyacá,Tunja,Contratación Directa (con ofertas),ALCALDÍA MUNICIPAL DE AQUITANIA,800077545,Contactar al contratista ganador/consorcio para ofrecer suministro y cotización inmediata.,https://community.secop.gov.co/Public/Tendering/OpportunityDetail/Index?noticeUID=CO1.NTC.10651806,"AUNAR ESFUERZOS TÉCNICOS, ADMINISTRATIVOS Y FINANCIEROS EN LA IMPLEMENTACIÓN Y EJECUCIÓN DEL PROGRAMA DE ALIMENTACIÓN ESCOLAR PAE, ENTRE EL DEPARTAMENTO DE BOYACÁ Y EL MUNICIPIO DE AQUITANIA, PARA GARANTIZAR EL PROGRAMA DE ALIMENTACIÓN ESCOLAR  PAE, "
CO1.REQ.10988098,CI-011-2026,90,Adjudicado (Contratista Seleccionado),Lead B2B de Venta Directa,Alimentación Escolar (PAE),"pae, alimentación escolar","$1,043,921,154 COP",ALCALDIA MUNICIPAL SAN CARLOS,Antioquia,San Carlos,Contratación Directa (con ofertas),La Provincia de La Paz,901250504,Contactar al contratista ganador/consorcio para ofrecer suministro y cotización inmediata.,https://community.secop.gov.co/Public/Tendering/OpportunityDetail/Index?noticeUID=CO1.NTC.10842382,"EJECUTAR EL PROGRAMA DE ALIMENTACIÓN ESCOLAR EN EL MARCO DEL CONVENIO INTERADMINISTRATIVO No. 4600019333 CUYO OBJETO CONTRACTUAL ES:  INTEGRAR ESFUERZOS PARA LA EJECUCIÓN DEL PROGRAMA DE   ALIMENTACIÓN ESCOLAR - PAE, PARA LOS NIÑOS, NIÑAS Y ADOLESCEN"
CO1.REQ.11037225,SPO-001-2026,90,Licitación Abierta (En Ofertas),Oportunidad de Alianza / Cotización,"Construcción & Obra Civil General, Energía Solar & Alumbrado Público","fotovoltaica, energia solar","$1,034,392,900 COP",COMPAÑIA ENERGETICA DEL CARIBE S.A.S. ESP,Córdoba,Montería,Contratación régimen especial,No Definido,No Definido,Compartir la oportunidad con clientes aliados para que presenten oferta incluyendo nuestros suministros.,https://community.secop.gov.co/Public/Tendering/OpportunityDetail/Index?noticeUID=CO1.NTC.10891535,"CONSTRUCCIÓN DE SISTEMAS DE ENERGIA SOLAR FOTOVOLTAICA EN ZONAS RURALES DEL MUNICIPIO DE SAN ANTONIO DE PALMITO, DEPARTAMENTO DE SUCRE."
CO1.REQ.11065865,20260115,90,Licitación Abierta (En Ofertas),Oportunidad de Alianza / Cotización,"Construcción & Obra Civil General, Agua Potable & Saneamiento","ptar, aguas residuales, tratamiento de aguas","$1,019,633,877 COP",AGUAS DE MANIZALES,Caldas,Manizales,Contratación régimen especial,No Definido,No Definido,Compartir la oportunidad con clientes aliados para que presenten oferta incluyendo nuestros suministros.,https://community.secop.gov.co/Public/Tendering/OpportunityDetail/Index?noticeUID=CO1.NTC.10922126,"OPTIMIZACIÓN, ADECUACIÓN Y MANTENIMIENTO DE SISTEMAS DE TRATAMIENTO DE AGUAS RESIDUALES LOCALIZADOS EN ZONA RURAL DEL MUNICIPIO DE MANIZALES EN CUMPLIMIENTO DEL FALLO DE LA AP 2023-00265 Y EN EL MARCO DEL CONTRATO INTERADMINISTRATIVO 2509241073 SUSCR"
CO1.REQ.10864420,MD-SGR-CDO-066-2026,90,Licitación Abierta (En Ofertas),Oportunidad de Alianza / Cotización,"Construcción & Obra Civil General, Agua Potable & Saneamiento","acueducto, alcantarillado","$1,012,580,732 COP",EMPRESA DE DESARROLLO TERRITORIAL MASDESARROLLO,Chocó,Lloró,Contratación régimen especial,No Definido,No Definido,Compartir la oportunidad con clientes aliados para que presenten oferta incluyendo nuestros suministros.,https://community.secop.gov.co/Public/Tendering/OpportunityDetail/Index?noticeUID=CO1.NTC.10719518,"CONSTRUCCION DE LAS VIAS CALLE 6 ENTRE CARRERAS 3 Y 4 Y LA VIA EN LA CARRERA 3 ENTRE CALLE 8 Y TRANSVERSAL 9, CONSTRUCCION Y OPTIMIZACION DE REDES DEL SISTEMA DE ACUEDUCTO Y ALCANTARILLADO DEL MUNICIPIO DE CORRALES DEPARTAMENTO DE BOYACA"
CO1.REQ.10589636,CONTRATO DE OBRAS DE EMERGENCIA No. 040 DEL 2026,90,Licitación Abierta (En Ofertas),Oportunidad de Alianza / Cotización,"Construcción & Obra Civil General, Agua Potable & Saneamiento",aguas residuales,"$1,011,048,180 COP",EMPRESA DE SERVICIOS PUBLICOS DE VALLEDUPAR EMDUPAR S.A. E.S.P.,Cesar,Valledupar,Contratación directa,No Definido,No Definido,Compartir la oportunidad con clientes aliados para que presenten oferta incluyendo nuestros suministros.,https://community.secop.gov.co/Public/Tendering/OpportunityDetail/Index?noticeUID=CO1.NTC.10458032,"EJECUTAR LAS OBRAS Y ACTIVIDADES NECESARIAS PARA
LA ATENCIÓN, MITIGACIÓN Y SOLUCIÓN DE LA
AFECTACIÓN PRESENTADA EN EL COLECTOR SANITARIO
UBICADO EN LA AVENIDA ADALBERTO OVALLE DE LA
CIUDAD DE VALLEDUPAR, INCLUYENDO EXCAVACIONES,
REPOSICIÓN Y/O REHABI"
CO1.REQ.10819716,MV-RE-ESAL-003-2026,90,Adjudicado (Contratista Seleccionado),Lead B2B de Venta Directa,Alimentación Escolar (PAE),"pae, alimentación escolar","$1,002,511,992 COP",MUNICIPO DE VENTAQUEMADA,No Definido,No Definido,Contratación régimen especial (con ofertas),FUNDACION MAS,900722425,Contactar al contratista ganador/consorcio para ofrecer suministro y cotización inmediata.,https://community.secop.gov.co/Public/Tendering/OpportunityDetail/Index?noticeUID=CO1.NTC.10673650,"AUNAR ESFUERZOS TÉCNICOS, ADMINISTRATIVOS Y FINANCIEROS, PARA BRINDAR ALIMENTACIÓN ESCOLAR A LOS ESTUDIANTES MATRICULADOS EN INSTITUCIONES EDUCATIVAS OFICIALES DEL MUNICIPIO DE VENTAQUEMADA, DURANTE EL SEGUNDO SEMESTRE DE 2026"
CO1.REQ.10798268,CD-GB-2636-2026,90,Adjudicado (Contratista Seleccionado),Lead B2B de Venta Directa,Alimentación Escolar (PAE),"pae, alimentación escolar","$1,002,511,992 COP",GOBERNACIÓN DE BOYACÁ,Boyacá,Tunja,Contratación Directa (con ofertas),MUNICIPO DE VENTAQUEMADA,891800986,Contactar al contratista ganador/consorcio para ofrecer suministro y cotización inmediata.,https://community.secop.gov.co/Public/Tendering/OpportunityDetail/Index?noticeUID=CO1.NTC.10653830,"AUNAR ESFUERZOS TÉCNICOS, ADMINISTRATIVOS Y FINANCIEROS EN LA IMPLEMENTACIÓN Y EJECUCIÓN DEL PROGRAMA DE ALIMENTACIÓN ESCOLAR PAE, ENTRE EL DEPARTAMENTO DE BOYACÁ Y EL MUNICIPIO DE VENTAQUEMADA, PARA GARANTIZAR EL PROGRAMA DE ALIMENTACIÓN ESCOLAR - P"
CO1.REQ.11073448,LP-002-2026,88,Licitación Abierta (En Ofertas),Oportunidad de Alianza / Cotización,Agua Potable & Saneamiento,"acueducto, alcantarillado","$65,349,744,176 COP",ALCALDIA DE CAUCASIA,Antioquia,Caucasia,Licitación pública,No Definido,No Definido,Compartir la oportunidad con clientes aliados para que presenten oferta incluyendo nuestros suministros.,https://community.secop.gov.co/Public/Tendering/OpportunityDetail/Index?noticeUID=CO1.NTC.10929983,"ADMINISTRACION, OPERACIÓN Y MANTENIMIENTO DE LOS SISTEMAS DE ACUEDUCTO Y ALCANTARILLADO DEL MUNICIPIO DE CAUCASIA"
CO1.REQ.10932475,CW397102,88,Licitación Abierta (En Ofertas),Oportunidad de Alianza / Cotización,Agua Potable & Saneamiento,"acueducto, alcantarillado","$16,744,736,220 COP",EMPRESAS PUBLICAS DE MEDELLIN E.S.P.,Antioquia,Medellín,Contratación régimen especial,No Definido,No Definido,Compartir la oportunidad con clientes aliados para que presenten oferta incluyendo nuestros suministros.,https://community.secop.gov.co/Public/Tendering/OpportunityDetail/Index?noticeUID=CO1.NTC.10786065,"AE10- Construcción y suministros para proyectos de expansión, ampliación, reposición y modernización de redes de acueducto y alcantarillado - Colector La Heliodora"
CO1.REQ.11083145,199-2026,88,Licitación Abierta (En Ofertas),Oportunidad de Alianza / Cotización,"Construcción & Obra Civil General, Agua Potable & Saneamiento","acueducto, obras civiles, alcantarillado","$6,500,000,000 COP",EMPRESA DE ACUEDUCTO Y ALCANTARILLADO DE PEREIRA S.A.S. E.S.P.,Risaralda,Pereira,Contratación régimen especial,Armando Marulanda Fernandez,No Definido,Compartir la oportunidad con clientes aliados para que presenten oferta incluyendo nuestros suministros.,https://community.secop.gov.co/Public/Tendering/OpportunityDetail/Index?noticeUID=CO1.NTC.10938484,"OBRAS CIVILES DE ATENCION Y MITIGACION DE RIESGOS CON OCASION DEL SISMO DE GRAN MAGNITUD PARA LA PROTECCION DE LA INFRAESTRUCTURA SENSIBLE Y ESENCIAL DE LOS COMPONENTES DEL SISTEMA DE ADUCCION  TRATAMIENTO Y CONDUCCION  ALMACENAMIENTO Y DISTRIBUCION,"
CO1.REQ.10491658,ICSA-001-2026,88,Licitación Abierta (En Ofertas),Oportunidad de Alianza / Cotización,Tecnología & Equipos de Cómputo,"software, licenciamiento","$4,883,512,736 COP",PATRIMONIO AUTONOMO FONDO NACIONAL DE PRESTACIONES SOCIALES DEL MAGISTERIO,Distrito Capital de Bogotá,Bogotá,Contratación régimen especial,No Definido,No Definido,Compartir la oportunidad con clientes aliados para que presenten oferta incluyendo nuestros suministros.,https://community.secop.gov.co/Public/Tendering/OpportunityDetail/Index?noticeUID=CO1.NTC.10347900,"SUMINISTRO, IMPLEMENTACIÓN Y PUESTA EN OPERACIÓN DE UNA SOLUCIÓN DE SOFTWARE INTEGRAL EN MODALIDAD SOFTWARE AS A SERVICE (SAAS) PARA LA GESTIÓN DE LOS SERVICIOS DE SALUD DEL FOMAG, INCLUYENDO PARAMETRIZACIÓN, PERSONALIZACIÓN, MIGRACIÓN, LICENCIAMIENT"
CO1.REQ.10870070,CW394435,88,Licitación Abierta (En Ofertas),Oportunidad de Alianza / Cotización,Agua Potable & Saneamiento,"acueducto, alcantarillado","$4,685,304,895 COP",EMPRESAS PUBLICAS DE MEDELLIN E.S.P.,Antioquia,Medellín,Contratación régimen especial,No Definido,No Definido,Compartir la oportunidad con clientes aliados para que presenten oferta incluyendo nuestros suministros.,https://community.secop.gov.co/Public/Tendering/OpportunityDetail/Index?noticeUID=CO1.NTC.10725223,R2 - Actualización del Modelo Digital Aguas a partir de la referenciación de elementos de los sistemas de acueducto y alcantarillado operados por EPM en los municipios del área metropolitana del Valle de Aburrá y Valle San Nicolás 5 etapa
CO1.REQ.11068623,IDU-SASI-SGGC-008-2026 (Presentación de oferta),88,Licitación Abierta (En Ofertas),Oportunidad de Alianza / Cotización,Tecnología & Equipos de Cómputo,"seguridad perimetral, licenciamiento","$4,286,478,999 COP",INSTITUTO DE DESARROLLO URBANO,Distrito Capital de Bogotá,Bogotá,Selección abreviada subasta inversa,No Definido,No Definido,Compartir la oportunidad con clientes aliados para que presenten oferta incluyendo nuestros suministros.,https://community.secop.gov.co/Public/Tendering/OpportunityDetail/Index?noticeUID=CO1.NTC.10925738,"ADQUISICIÓN, RENOVACIÓN, ACTUALIZACIÓN, SOPORTE Y MANTENIMIENTO DEL LICENCIAMIENTO DE LA PLATAFORMA DE SEGURIDAD PERIMETRAL DEL IDU"
CO1.REQ.11075523,OBR-SCC-VUP-010-2026,88,Licitación Abierta (En Ofertas),Oportunidad de Alianza / Cotización,"Construcción & Obra Civil General, Agua Potable & Saneamiento","acueducto, alcantarillado","$4,208,114,876 COP","FONCOLOMBIA, FONDO MIXTO PARA EL DESARROLLO INTEGRAL Y LA GESTION SOCIAL DE COLOMBIA",Santander,Bucaramanga,Contratación régimen especial,No Definido,No Definido,Compartir la oportunidad con clientes aliados para que presenten oferta incluyendo nuestros suministros.,https://community.secop.gov.co/Public/Tendering/OpportunityDetail/Index?noticeUID=CO1.NTC.10931400,"CONTRATAR LA EJECUCIÓN DE LAS OBRAS ORIENTADAS A LA OPTIMIZACIÓN DE LAS REDES DE ACUEDUCTO Y ALCANTARILLADO EN EL ÁREA URBANA DEL MUNICIPIO DE VILLA DEL ROSARIO, DEPARTAMENTO DE NORTE DE SANTANDER"
CO1.REQ.10849469,CO-2026-039,88,Licitación Abierta (En Ofertas),Oportunidad de Alianza / Cotización,"Construcción & Obra Civil General, Agua Potable & Saneamiento","acueducto, alcantarillado","$3,863,122,114 COP",AGUAS REGIONALES EPM SA ESP,Antioquia,Apartadó,Contratación régimen especial,No Definido,No Definido,Compartir la oportunidad con clientes aliados para que presenten oferta incluyendo nuestros suministros.,https://community.secop.gov.co/Public/Tendering/OpportunityDetail/Index?noticeUID=CO1.NTC.10704241,"Construcción y optimización de redes y acometidas de acueducto y alcantarillado requeridas por el cliente o la empresa, en los sistemas operados por aguas regionales EPM S.A. E.S.P. Subregión Occidente."
CO1.REQ.10655167,OP-038-2026,88,Licitación Abierta (En Ofertas),Oportunidad de Alianza / Cotización,"Construcción & Obra Civil General, Agua Potable & Saneamiento","acueducto, alcantarillado","$3,175,239,374 COP","EMPRESA MUNICIPAL DE DESARROLLO URBANO, RURAL Y MINERO DE REMEDIOS",Antioquia,Remedios,Contratación régimen especial,No Definido,No Definido,Compartir la oportunidad con clientes aliados para que presenten oferta incluyendo nuestros suministros.,https://community.secop.gov.co/Public/Tendering/OpportunityDetail/Index?noticeUID=CO1.NTC.10509524,"REPOSICIÓN DE REDES DE ACUEDUCTO Y ALCANTARILLADO Y DEMÁS OBRAS CONEXAS EN LA ZONA URBANA DEL MUNICIPIO DE CAICEDO, ANTIOQUIA"
CO1.REQ.11059877,188-2026,88,Licitación Abierta (En Ofertas),Oportunidad de Alianza / Cotización,"Construcción & Obra Civil General, Agua Potable & Saneamiento","acueducto, alcantarillado","$2,786,736,141 COP",EMPRESA DE ACUEDUCTO Y ALCANTARILLADO DE PEREIRA S.A.S. E.S.P.,Risaralda,Pereira,Contratación régimen especial,Armando Marulanda Fernandez,No Definido,Compartir la oportunidad con clientes aliados para que presenten oferta incluyendo nuestros suministros.,https://community.secop.gov.co/Public/Tendering/OpportunityDetail/Index?noticeUID=CO1.NTC.10935623,CONSTRUCCION VIADUCTO DE REDUNDANCIA Y OBRAS DE MITIGACION DE RIESGO PARA LA RED DE ACUEDUCTO DE LA COMUNA DEL CAFÉ Y ZONAS CONEXAS DE LA EMPRESA DE ACUEDUCTO Y ALCANTARILLADO DE PEREIRA SAS ESP INCLUYE ACTIVIDADES COMPLEMENTARIAS
CO1.REQ.10690859,CO-2026-036,88,Licitación Abierta (En Ofertas),Oportunidad de Alianza / Cotización,"Construcción & Obra Civil General, Agua Potable & Saneamiento","acueducto, alcantarillado","$2,638,730,527 COP",AGUAS REGIONALES EPM SA ESP,Antioquia,Apartadó,Contratación régimen especial,No Definido,No Definido,Compartir la oportunidad con clientes aliados para que presenten oferta incluyendo nuestros suministros.,https://community.secop.gov.co/Public/Tendering/OpportunityDetail/Index?noticeUID=CO1.NTC.10545550,Construcción de redes de acueducto y alcantarillado en los municipios donde opera Aguas Regionales EPM S.A.E.S.P.
CO1.REQ.11099725,SASI-CQT-0003-2026 (Presentación de oferta),88,Licitación Abierta (En Ofertas),Oportunidad de Alianza / Cotización,Tecnología & Equipos de Cómputo,"equipos de computo, computadores","$2,609,230,000 COP",SENA REGIONAL CAQUETA,Caquetá,No Definido,Selección abreviada subasta inversa,No Definido,No Definido,Compartir la oportunidad con clientes aliados para que presenten oferta incluyendo nuestros suministros.,https://community.secop.gov.co/Public/Tendering/OpportunityDetail/Index?noticeUID=CO1.NTC.10955082,"Adquisición de equipos de sistemas, incluyendo computadores portátiles y video beam con el fin de fortalecer las capacidades técnicas de las regionales Caquetá, Amazonas, Guaviare, Putumayo y Vaupés del SENA."
CO1.REQ.11099527,SASI-NDS-0045-2026 (Presentación de oferta),88,Licitación Abierta (En Ofertas),Oportunidad de Alianza / Cotización,Tecnología & Equipos de Cómputo,"equipos de computo, equipos de cómputo","$2,168,400,000 COP",SENA REGIONAL NORTE DE SANTANDER Grupo de Apoyo Administrativo Mixto,Norte de Santander,Cúcuta,Selección abreviada subasta inversa,No Definido,No Definido,Compartir la oportunidad con clientes aliados para que presenten oferta incluyendo nuestros suministros.,https://community.secop.gov.co/Public/Tendering/OpportunityDetail/Index?noticeUID=CO1.NTC.10954863,54_281 CONTRATAR LA ADQUISICIÓN DE EQUIPOS DE CÓMPUTO Y AUDIOVISUALES PARA LOS CENTROS DE FORMACIÓN DEL SENA EN LA REGIONAL NORTE DE SANTANDER.
CO1.REQ.10842119,CONTRATO 033 DE 2026,88,Licitación Abierta (En Ofertas),Oportunidad de Alianza / Cotización,"Construcción & Obra Civil General, Agua Potable & Saneamiento","acueducto, alcantarillado","$2,002,146,289 COP",EMPRESAS PUBLICAS DE PALERMO ESP,Huila,Palermo,Contratación régimen especial,No Definido,No Definido,Compartir la oportunidad con clientes aliados para que presenten oferta incluyendo nuestros suministros.,https://community.secop.gov.co/Public/Tendering/OpportunityDetail/Index?noticeUID=CO1.NTC.10696541,"REALIZAR PARA EMPRESAS PÚBLICAS DE PALERMO E.S.P. BAJO LA MODALIDAD DE PRECIOS UNITARIOS LAS OBRAS DE OPTIMIZACIÓN DE REDES DE ALCANTARILLADO SANITARIO, ACUEDUCTO, CONSTRUCCIÓN DE TRAMOS DE RED DE ALCANTARILLADO PLUVIAL Y REHABILITACIÓN DE VÍAS EN LA"
CO1.REQ.10898964,C.OBRA-262-2026,88,Licitación Abierta (En Ofertas),Oportunidad de Alianza / Cotización,"Construcción & Obra Civil General, Agua Potable & Saneamiento","agua potable, planta de tratamiento","$1,983,453,539 COP",LAS CEIBAS EMPRESAS PUBLICAS DE NEIVA E.S.P.,Huila,Neiva,Contratación régimen especial,No Definido,No Definido,Compartir la oportunidad con clientes aliados para que presenten oferta incluyendo nuestros suministros.,https://community.secop.gov.co/Public/Tendering/OpportunityDetail/Index?noticeUID=CO1.NTC.10753385,OBJETO:                                         	OPTIMIZACIÓN DE LA INFRAESTRUCTURA DE LA PLANTA DE TRATAMIENTO DE AGUA POTABLE EL JARDÍN DE LAS CEIBAS EMPRESAS PÚBLICAS DE NEIVA E.S.P.
CO1.REQ.10691961,051 DE 2026,88,Licitación Abierta (En Ofertas),Oportunidad de Alianza / Cotización,"Construcción & Obra Civil General, Agua Potable & Saneamiento","acueducto, alcantarillado","$1,964,203,789 COP",EMPRESA DE SERVICIOS PUBLICOS DOMICILIARIOS DE PITALITO EMPITALITO E.S.P,Huila,Pitalito,Contratación régimen especial,No Definido,No Definido,Compartir la oportunidad con clientes aliados para que presenten oferta incluyendo nuestros suministros.,https://community.secop.gov.co/Public/Tendering/OpportunityDetail/Index?noticeUID=CO1.NTC.10684863,"CONSTRUCCIÓN, OPTIMIZACIÓN Y REPOSICIÓN DE REDES Y COMPONENTES HIDRÁULICOS DE LOS SISTEMAS DE ACUEDUCTO Y ALCANTARILLADO DEL MUNICIPIO DE PITALITO, HUILA"
CO1.REQ.11073369,SASI-QDO-0115-2026 (Presentación de oferta),88,Licitación Abierta (En Ofertas),Oportunidad de Alianza / Cotización,Tecnología & Equipos de Cómputo,"computadores, equipos de cómputo","$1,915,334,432 COP",SENA REGIONAL QUINDIO Grupo de Apoyo Administrativo Mixto,Quindío,Armenia,Selección abreviada subasta inversa,No Definido,No Definido,Compartir la oportunidad con clientes aliados para que presenten oferta incluyendo nuestros suministros.,https://community.secop.gov.co/Public/Tendering/OpportunityDetail/Index?noticeUID=CO1.NTC.10931088,ADQUISICIÓN DE EQUIPOS DE CÓMPUTO Y TECNOLOGÍA PARA FORTALECER LOS PROCESOS DE FORMACIÓN PROFESIONAL INTEGRAL EN EL SENA REGIONAL QUINDÍO.
CO1.REQ.10503963,900-IPU-0158-2026,88,Licitación Abierta (En Ofertas),Oportunidad de Alianza / Cotización,Agua Potable & Saneamiento,"agua potable, plantas de tratamiento","$1,764,703,191 COP",EMPRESAS MUNICIPALES DE CALI,Valle del Cauca,Cali,Contratación régimen especial,No Definido,No Definido,Compartir la oportunidad con clientes aliados para que presenten oferta incluyendo nuestros suministros.,https://community.secop.gov.co/Public/Tendering/OpportunityDetail/Index?noticeUID=CO1.NTC.10360069,"REALIZAR EL SERVICIO DE MANTENIMIENTO MEDIANTE EL MECANIZADO DE PIEZAS EN ACERO, BRONCE U OTROS MATERIALES PARA PLANTAS DE TRATAMIENTO Y ESTACIONES DE BOMBEO DE AGUA POTABLE."
CO1.REQ.11095053,STD-SA-CV-002-2026,88,Licitación Abierta (En Ofertas),Oportunidad de Alianza / Cotización,Tecnología & Equipos de Cómputo,"infraestructura tecnológica, equipos de cómputo","$1,670,364,312 COP",SECRETARIA DE TRANSFORMACIÓN DIGITAL - GOBERNACIÓN DE CUNDINAMARCA,Distrito Capital de Bogotá,Bogotá,Selección abreviada subasta inversa,No Definido,No Definido,Compartir la oportunidad con clientes aliados para que presenten oferta incluyendo nuestros suministros.,https://community.secop.gov.co/Public/Tendering/OpportunityDetail/Index?noticeUID=CO1.NTC.10961416,ADQUIRIR EQUIPOS DE CÓMPUTO PARA ACTUALIZAR LA INFRAESTRUCTURA TECNOLÓGICA DE LOS CENTROS INTERACTIVOS DEL DEPARTAMENTO.
CO1.REQ.11103447,SPPO 003 DE 2026,88,Licitación Abierta (En Ofertas),Oportunidad de Alianza / Cotización,"Construcción & Obra Civil General, Agua Potable & Saneamiento","ptap, acueducto","$1,437,456,876 COP",EMPRESA DE OBRAS SANITARIAS DE CALDAS S.A E.S.P.,Caldas,Manizales,Contratación régimen especial,No Definido,No Definido,Compartir la oportunidad con clientes aliados para que presenten oferta incluyendo nuestros suministros.,https://community.secop.gov.co/Public/Tendering/OpportunityDetail/Index?noticeUID=CO1.NTC.10958921,"CONSTRUCCION DE LA PRIMERA FASE DE SISTEMAS DE TRATAMIENTO DE LODOS EN LA PTAP EL LLANO, PARA EL ACUEDUCTO DEL MUNICIPIO DE LA DORADA CALDAS"
CO1.REQ.11097914,343-GINREDCE-2026 (Manifestación de interés (Menor Cuantía)) (Presentación de oferta),88,Licitación Abierta (En Ofertas),Oportunidad de Alianza / Cotización,Tecnología & Equipos de Cómputo,"cableado estructurado, infraestructura tecnológica","$1,298,489,061 COP",DIRECCION GENERAL MARITIMA - SUBDIRECCION ADMINISTRATIVA Y FINANCIERA - SUBAFIN,Distrito Capital de Bogotá,No Definido,Selección Abreviada de Menor Cuantía,No Definido,No Definido,Compartir la oportunidad con clientes aliados para que presenten oferta incluyendo nuestros suministros.,https://community.secop.gov.co/Public/Tendering/OpportunityDetail/Index?noticeUID=CO1.NTC.10962414,"ADQUISICIÓN, INSTALACIÓN, Y PUESTA EN FUNCIONAMIENTO A TODO COSTO DE LA INFRAESTRUCTURA TECNOLÓGICA Y DE TELECOMUNICACIONES, INCLUYENDO CABLEADO ESTRUCTURADO, INFRAESTRUCTURA ELÉCTRICA DE SOPORTE TECNOLÓGICO Y COMPONENTES ASOCIADOS, PARA LAS UNIDADES"
CO1.REQ.11073619,SOLICITUD PRIVADA 069-2026,88,Licitación Abierta (En Ofertas),Oportunidad de Alianza / Cotización,"Construcción & Obra Civil General, Agua Potable & Saneamiento","alcantarillados, acueductos","$1,296,777,624 COP",SIIESS,Nariño,Pasto,Contratación régimen especial,No Definido,No Definido,Compartir la oportunidad con clientes aliados para que presenten oferta incluyendo nuestros suministros.,https://community.secop.gov.co/Public/Tendering/OpportunityDetail/Index?noticeUID=CO1.NTC.10929979,"OPTIMIZACIÓN Y AMPLIACIÓN DE ACUEDUCTOS EN LAS VEREDAS SAN JOSE VILLA DEL NORTE, CORDOBA, SECTOR LA BELEN- CALDERAS, SAN MARTIN, LA MANGA, LA PALMERA SECTOR TABLÓN, SAN ANDRES, PIRAMIDE, SAN FRANCISCO, ALTO DE LA CRUZ, LAGUINITA Y OPTIMIZACIÓN Y MANT"
CO1.REQ.10822595,1180 DE 2026,88,Licitación Abierta (En Ofertas),Oportunidad de Alianza / Cotización,"Construcción & Obra Civil General, Agua Potable & Saneamiento","acueducto, alcantarillado","$1,283,854,722 COP",UNIVERSIDAD DE LOS LLANOS,Meta,Villavicencio,Contratación régimen especial,No Definido,No Definido,Compartir la oportunidad con clientes aliados para que presenten oferta incluyendo nuestros suministros.,https://community.secop.gov.co/Public/Tendering/OpportunityDetail/Index?noticeUID=CO1.NTC.10677107,"FASE I DE LA OPTIMIZACIÓN DE LA INFRAESTRUCTURA EXISTENTE DE ACUEDUCTO Y ALCANTARILLADO DEL CAMPUS BARCELONA DE LA UNIVERSIDAD DE LOS LLANOS, MUNICIPIO DE VILLAVICENCIO META."
CO1.REQ.10783741,IPE-008-2026,88,Licitación Abierta (En Ofertas),Oportunidad de Alianza / Cotización,Agua Potable & Saneamiento,"agua potable, planta de tratamiento","$1,172,456,997 COP",EMPRESA DE SERVICIOS PUBLICOS DE VALLEDUPAR EMDUPAR S.A. E.S.P.,Cesar,Valledupar,Contratación régimen especial,No Definido,No Definido,Compartir la oportunidad con clientes aliados para que presenten oferta incluyendo nuestros suministros.,https://community.secop.gov.co/Public/Tendering/OpportunityDetail/Index?noticeUID=CO1.NTC.10649353,"CONSTRUCCIÓN DE CIERRE DE CIRCUITO DE LA PLANTA DE TRATAMIENTO DE AGUA POTABLE, ZONA NORTE DE LA CIUDAD DE VALLEDUPAR - INVERSIÓN POIR"
CO1.REQ.10390256,CTO-072-2026,88,Licitación Abierta (En Ofertas),Oportunidad de Alianza / Cotización,Agua Potable & Saneamiento,"agua potable, plantas de tratamiento","$1,164,840,000 COP",EMPRESA DE SERVICIOS PUBLICOS DE COTA SA ESP,Cundinamarca,Cota,Contratación régimen especial,INTERBOMBAS SAS,830504614,Compartir la oportunidad con clientes aliados para que presenten oferta incluyendo nuestros suministros.,https://community.secop.gov.co/Public/Tendering/OpportunityDetail/Index?noticeUID=CO1.NTC.10246732,"ADQUISICIÓN DE LOS EQUIPOS DE BOMBEO PARA REPOSICIÓN EN LOS POZOS, LAS PLANTAS DE TRATAMIENTO DE AGUA POTABLE, ESTACIONES DE BOMBEO EN LINEA, BOSTERS PARA EL SUMINISTRO DE AGUA POTABLE DEL SISTEMA OPERADO POR LA EMPRESA DE SERVICIOS PÚBLICOS DE COTA "
CO1.REQ.10745051,900-IP-0178-2026,88,Licitación Abierta (En Ofertas),Oportunidad de Alianza / Cotización,Agua Potable & Saneamiento,"agua potable, planta de tratamiento","$1,120,071,718 COP",EMPRESAS MUNICIPALES DE CALI,Valle del Cauca,Cali,Contratación régimen especial,No Definido,No Definido,Compartir la oportunidad con clientes aliados para que presenten oferta incluyendo nuestros suministros.,https://community.secop.gov.co/Public/Tendering/OpportunityDetail/Index?noticeUID=CO1.NTC.10599167,SUMINISTRO DE UNIDADES DE BOMBEO DOSIFICACIÓN CARBÓN ACTIVADO PARA LA PLANTA DE TRATAMIENTO DE AGUA POTABLE
CO1.REQ.10805833,FDLUSA-SASI-006-2026 (Presentación de oferta),88,Adjudicado (Contratista Seleccionado),Lead B2B de Venta Directa,Vehículos & Maquinaria,"motocicletas, parque automotor","$998,354,070 COP",ALCALDIA LOCAL DE USAQUEN,Distrito Capital de Bogotá,Bogotá,Selección abreviada subasta inversa,MOTO WORLD ORIENTE SAS,901372367,Contactar al contratista ganador/consorcio para ofrecer suministro y cotización inmediata.,https://community.secop.gov.co/Public/Tendering/OpportunityDetail/Index?noticeUID=CO1.NTC.10660243,"ADQUISICIÓN DE PARQUE AUTOMOTOR / MOTOCICLETAS PARA EL FORTALECIMIENTO DE LA CAPACIDAD OPERATIVA DE LOS ORGANISMOS DE SEGURIDAD DE LA ESTACIÓN DE POLICÍA DE USAQUÉN, EN EL MARCO DEL PLAN DE DESARROLLO LOCAL 2025-2028, VI-GENCIA 2026"
CO1.REQ.10416111,CVC CMA 002 2026 (Presentación de oferta),88,Adjudicado (Contratista Seleccionado),Lead B2B de Venta Directa,Interventoría & Consultoría,interventoría integral,"$963,263,217 COP",CVC,Valle del Cauca,Cali,Concurso de méritos abierto,R&MCONSTRUCCIONES E INTERVENTORIAS S.A.S,No Definido,Contactar al contratista ganador/consorcio para ofrecer suministro y cotización inmediata.,https://community.secop.gov.co/Public/Tendering/OpportunityDetail/Index?noticeUID=CO1.NTC.10274977,"REALIZAR LA INTERVENTORÍA INTEGRAL AL CONTRATO DE OBRA PÚBLICA CVC No. 0898 de 2025 QUE TIENE POR OBJETO:  REALIZAR LA CONSTRUCCIÓN DE LA ETAPA 3 DEL CORREDOR AMBIENTAL URBANO CRISTO REY - TRAMO 3, PARA LA RECUPERACIÓN AMBIENTAL, PAISAJÍSTICA Y ACTIV"
CO1.REQ.10581984,SASI-MGN-0002-2026 (Presentación de oferta),88,Adjudicado (Contratista Seleccionado),Lead B2B de Venta Directa,Tecnología & Equipos de Cómputo,equipos de cómputo,"$962,900,400 COP",SERVICIO NACIONAL DE APRENDIZAJE - SENA MAGDALENA,Magdalena,Santa Marta,Selección abreviada subasta inversa,UTT 2026,902089439,Contactar al contratista ganador/consorcio para ofrecer suministro y cotización inmediata.,https://community.secop.gov.co/Public/Tendering/OpportunityDetail/Index?noticeUID=CO1.NTC.10437117,"Contratar la adquisición de equipos de cómputo de escritorio para fortalecer las actividades de formación del SENA Regional Magdalena, incluyendo ambientes de formación, uso por parte de instructores y demás necesidades asociadas al cumplimiento de l"
CO1.REQ.10525665,LP-SILOS-01-2026 (Fase de Selección (Presentación de ofertas)),88,Adjudicado (Contratista Seleccionado),Lead B2B de Venta Directa,"Construcción & Obra Civil General, Agua Potable & Saneamiento","agua potable, ptap, planta de tratamiento","$913,343,151 COP",MUNICIPIO DE SILOS,Norte de Santander,Silos,Licitación pública Obra Publica,UT PTAP SILOS 2026,902106153,Contactar al contratista ganador/consorcio para ofrecer suministro y cotización inmediata.,https://community.secop.gov.co/Public/Tendering/OpportunityDetail/Index?noticeUID=CO1.NTC.10384929,"MEJORAMIENTO Y MANTENIMIENTO DE LA PLANTA DE TRATAMIENTO DE AGUA POTABLE (PTAP) DEL CASCO URBANO DEL MUNICIPIO DE SILOS, DEPARTAMENTO NORTE DE SANTANDER....."
CO1.REQ.10797181,CD-STD-CIMI-0060-2026,88,Adjudicado (Contratista Seleccionado),Lead B2B de Venta Directa,Tecnología & Equipos de Cómputo,"software, licenciamiento","$899,985,576 COP",SENA REGIONAL SANTANDER Grupo de Apoyo Administrativo Mixto,Santander,Bucaramanga,Contratación Directa (con ofertas),CASYBER SAS,800052954,Contactar al contratista ganador/consorcio para ofrecer suministro y cotización inmediata.,https://community.secop.gov.co/Public/Tendering/OpportunityDetail/Index?noticeUID=CO1.NTC.10652164,"CONTRATAR LA COMPRA DE SOFTWARE Y LICENCIAMIENTO  AUTOMATION STUDIO EDUCACIONAL  PARA LA ENSEÑANZA Y EL APRENDIZAJE DE LOS APRENDICES DE TECNOLOGÍAS DE LA AUTOMATIZACIÓN, MECATRÓNICA, INGENIERÍA ELÉCTRICA Y POTENCIA FLUIDA ENTRE OTROS PROGRAMAS OFERT"
CO1.REQ.10889021,DNP-SI-005-2026 (Presentación de oferta),88,Adjudicado (Contratista Seleccionado),Lead B2B de Venta Directa,Tecnología & Equipos de Cómputo,"licenciamiento, infraestructura tecnológica","$897,812,000 COP",DEPARTAMENTO NACIONAL DE PLANEACIÓN,Distrito Capital de Bogotá,Bogotá,Selección abreviada subasta inversa,DATASEC S.A.S.,901223827,Contactar al contratista ganador/consorcio para ofrecer suministro y cotización inmediata.,https://community.secop.gov.co/Public/Tendering/OpportunityDetail/Index?noticeUID=CO1.NTC.10747113,"110407626 110409126 - Adquirir la renovación del licenciamiento por suscripción en su modalidad Enterprise de la Suite de Seguridad Trellix que incluye la actualización (upgrade) y soporte especializado de esta herramienta de gestión, con el propósit"
CO1.REQ.10879369,CVC LP 7 2026 (Presentación de oferta),88,Adjudicado (Contratista Seleccionado),Lead B2B de Venta Directa,"Dotación, Uniformes & Mobiliario",vestido de labor,"$869,275,960 COP",CVC,Valle del Cauca,Cali,Licitación pública,SURAMERICANA DE GUANTES SAS,800182390,Contactar al contratista ganador/consorcio para ofrecer suministro y cotización inmediata.,https://community.secop.gov.co/Public/Tendering/OpportunityDetail/Index?noticeUID=CO1.NTC.10734594,"ADQUISICIÓN DE LA DOTACIÓN DE VESTIDO DE LABOR E INSTITUCIONAL DE CAMPO Y LABORATORIO AMBIENTAL, PARA LOS FUNCIONARIOS DE LA CORPORACION AUTONOMA REGIONAL DEL VALLE DEL CAUCA - CVC, DE ACUERDO CON LA RESOLUCIÓN 0100 No. 0100-0456-2007 Y DEL ACUERDO C"
CO1.REQ.10959068,CDC-CAM-004-2026 (Presentación de oferta),88,Adjudicado (Contratista Seleccionado),Lead B2B de Venta Directa,Interventoría & Consultoría,consultoría especializada,"$855,000,000 COP",CONTRALORIA DE CUNDINAMARCA,Distrito Capital de Bogotá,Bogotá,Concurso de méritos abierto,No Definido,No Definido,Contactar al contratista ganador/consorcio para ofrecer suministro y cotización inmediata.,https://community.secop.gov.co/Public/Tendering/OpportunityDetail/Index?noticeUID=CO1.NTC.10813558,"REALIZAR LA CONSULTORÍA ESPECIALIZADA PARA EL DIAGNÓSTICO Y LA DEFINICIÓN DE LA RUTA DE MODERNIZACIÓN DIGITAL Y TECNOLÓGICA DE LA CONTRALORÍA DE CUNDINAMARCA, QUE COMPRENDA EL DISEÑO DE LA ARQUITECTURA EMPRESARIAL INSTITUCIONAL, EL DIMENSIONAMIENTO D"
CO1.REQ.10583853,SID-CMA-009-2026 (Presentación de oferta),88,Adjudicado (Contratista Seleccionado),Lead B2B de Venta Directa,Interventoría & Consultoría,interventoría técnica,"$831,203,619 COP",GOBERNACIÓN DEPARTAMENTO DEL PUTUMAYO,Putumayo,Mocoa,Concurso de méritos abierto,UNIÓN TEMPORAL INTERVENTORÍA PANELES SOLARES 2026,No Definido,Contactar al contratista ganador/consorcio para ofrecer suministro y cotización inmediata.,https://community.secop.gov.co/Public/Tendering/OpportunityDetail/Index?noticeUID=CO1.NTC.10438982,"INTERVENTORÍA TÉCNICA, ADMINISTRATIVA Y FINANCIERA AL CONTRATO DE OBRA CUYO OBJETO ES: CONSTRUCCIÓN INTEGRAL DE SOLUCIONES INDIVIDUALES FOTOVOLTAICAS PARA LA GENERACIÓN DE ENERGÍA ELÉCTRICA EN VIVIENDA RURAL DISPERSA DEL MUNICIPIO DE PUERTO ASÍS EN E"
CO1.REQ.10944512,MP-LOP-002 DE 2026 (Fase de Selección (Presentación de ofertas)),88,Adjudicado (Contratista Seleccionado),Lead B2B de Venta Directa,"Construcción & Obra Civil General, Acero & Metalmecánica",estructura metalica,"$815,296,808 COP",MUNICIPIO DE PAYA,Boyacá,Paya,Licitación pública Obra Publica,SEPI LTDA,9000537522,Contactar al contratista ganador/consorcio para ofrecer suministro y cotización inmediata.,https://community.secop.gov.co/Public/Tendering/OpportunityDetail/Index?noticeUID=CO1.NTC.10798128,"CONSTRUCCION DE CORRALES GANADEROS COMUNITARIOS CON ESTRUCTURA METALICA Y CUBIERTA EN LAS VEREDAS LA UNION Y ABEJON, ASÍ COMO EL MANTENIMIENTO DE LA MANGA DE COLEO Y LA PLAZA DE FERIAS DEL MUNICIPIO DE PAYA - BOYACA."
CO1.REQ.10612733,GOB-AMA-CM-007-2026 (Presentación de oferta),88,Adjudicado (Contratista Seleccionado),Lead B2B de Venta Directa,Interventoría & Consultoría,estudios y diseños,"$799,895,000 COP",GOBERNACION DEL AMAZONAS,Amazonas,Leticia,Concurso de méritos abierto,UT PMA Puerto Nariño,902103339,Contactar al contratista ganador/consorcio para ofrecer suministro y cotización inmediata.,https://community.secop.gov.co/Public/Tendering/OpportunityDetail/Index?noticeUID=CO1.NTC.10468664,"ESTUDIOS Y DISEÑOS PARA LA ELABORACIÓN DEL PLAN MAESTRO DEL ACUEDUCTO DEL CASCO URBANO DEL MUNICIPIO DE PUERTO NARIÑO E INCLUSIÓN AL SISTEMA DE LAS COMUNIDADES PATRULLEROS, 20 DE JULIO Y PUERTO ESPERANZA EN EL DEPARTAMENTO DE AMAZONAS"
CO1.REQ.10944600,408-2026-IP,88,Adjudicado (Contratista Seleccionado),Lead B2B de Venta Directa,Energía Solar & Alumbrado Público,alumbrado público,"$775,697,730 COP",ESO RIONEGRO S.A.S.,Antioquia,Rionegro,Contratación régimen especial (con ofertas),INTERNACIONAL DE ELECTRICOS SAS,809002625,Contactar al contratista ganador/consorcio para ofrecer suministro y cotización inmediata.,https://community.secop.gov.co/Public/Tendering/OpportunityDetail/Index?noticeUID=CO1.NTC.10797894,"ADQUISICIÓN DE MATERIALES ELÉCTRICOS E INSUMOS PARA EL MANTENIMIENTO, REPOSICIONES Y EXPANSIONES PROPIAS DE LA DESCONCENTRACIÓN DEL ALUMBRADO PÚBLICO DEL MUNICIPIO DE RIONEGRO."
CO1.REQ.11014161,CD-CLD-1010-005-2026,88,Adjudicado (Contratista Seleccionado),Lead B2B de Venta Directa,Energía Solar & Alumbrado Público,"fotovoltaico, eficiencia energética","$753,580,800 COP",SENA REGIONAL CALDAS Grupo de Apoyo Administrativo Mixto,Caldas,No Definido,Contratación Directa (con ofertas),PROMOTORA ENERGÉTICA DEL CENTRO S.A.S E.S.P,900221459,Contactar al contratista ganador/consorcio para ofrecer suministro y cotización inmediata.,https://community.secop.gov.co/Public/Tendering/OpportunityDetail/Index?noticeUID=CO1.NTC.10868233,"IMPLEMENTAR UNA SOLUCIÓN INTEGRAL DE EFICIENCIA ENERGÉTICA MEDIANTE EL DISEÑO, SUMINISTRO, INSTALACIÓN, MONTAJE, PUESTA EN OPERACIÓN Y MANTENIMIENTO DE UN SISTEMA SOLAR FOTOVOLTAICO CONECTADO A LA RED ELÉCTRICA EN EL CENTRO DE DESARROLLO MINERO AMBIE"
CO1.REQ.10901378,0191-ARC-CBNL06-2026 (Presentación de oferta),88,Adjudicado (Contratista Seleccionado),Lead B2B de Venta Directa,Vehículos & Maquinaria,motocicletas,"$745,739,619 COP",ARMADA NACIONAL BASE NAVAL No. 6 ARC BOGOTA,Distrito Capital de Bogotá,Bogotá,Selección abreviada subasta inversa,FANALCA S.A.S.,890301886,Contactar al contratista ganador/consorcio para ofrecer suministro y cotización inmediata.,https://community.secop.gov.co/Public/Tendering/OpportunityDetail/Index?noticeUID=CO1.NTC.10756067,"ADQUISICIÓN DE MOTOCICLETAS Y SUS ACCESORIOS, CONFORME A LAS ESPECIFICACIONES TÉCNICAS, CON DESTINO A LOS ESQUEMAS DE SEGURIDAD DE LA ARMADA NACIONAL"
CO1.REQ.10361018,SA-MC-01-2026 (Manifestación de interés (Menor Cuantía)) (Presentación de oferta),88,Adjudicado (Contratista Seleccionado),Lead B2B de Venta Directa,Energía Solar & Alumbrado Público,"fotovoltaica, energía solar","$737,042,388 COP",Rama Judicial  Dirección Seccional de Administración Judicial de Pereira,Risaralda,Pereira,Selección Abreviada de Menor Cuantía,VHZ INGENIERIA S.A.S,900151289,Contactar al contratista ganador/consorcio para ofrecer suministro y cotización inmediata.,https://community.secop.gov.co/Public/Tendering/OpportunityDetail/Index?noticeUID=CO1.NTC.10217921,"Contratar, en nombre de la Nación - Consejo Superior de la Judicatura - Dirección Seccional de Administración Judicial de Pereira - Risaralda, el suministro, instalación, pruebas y puesta en funcionamiento de los sistemas de energía solar fotovoltaic"
CO1.REQ.11007204,SI-011-2026 (Presentación de oferta),88,Adjudicado (Contratista Seleccionado),Lead B2B de Venta Directa,"Alimentación Escolar (PAE), Eventos, Logística & Víveres","pae, víveres, alimentación escolar","$629,554,392 COP",ALCALDIA DE EL PEÑOL,Antioquia,Peñol,Selección abreviada subasta inversa,JORGE ARMANDO OSORIO VALLEJO,1041228221,Contactar al contratista ganador/consorcio para ofrecer suministro y cotización inmediata.,https://community.secop.gov.co/Public/Tendering/OpportunityDetail/Index?noticeUID=CO1.NTC.10862734,SUMINISTRO RACIÓN TIPO ALMUERZO Y VÍVERES PARA GARANTIZAR LA DEBIDA EJECUCIÓN DEL PROGRAMA DE ALIMENTACIÓN ESCOLAR PAE EN EL MUNICIPIO DE EL PEÑOL COMO ESTRATEGIA DE ACCESO Y PERMANENCIA AL SISTEMA EDUCATIVO
CO1.REQ.10942213,TMSA-SASI-04-2026 (Presentación de oferta),88,Adjudicado (Contratista Seleccionado),Lead B2B de Venta Directa,"Dotación, Uniformes & Mobiliario",elementos de protección personal,"$597,742,000 COP",TRANSMILENIO S.A.,Distrito Capital de Bogotá,Bogotá,Selección abreviada subasta inversa,SUMINISTROS 2020 SAS,901356386,Contactar al contratista ganador/consorcio para ofrecer suministro y cotización inmediata.,https://community.secop.gov.co/Public/Tendering/OpportunityDetail/Index?noticeUID=CO1.NTC.10796740,"Contratar el suministro de elementos de protección personal conforme al sistema de gestión de seguridad y salud en el trabajo, para el personal que labora en TRANSMILENIO S.A."
CO1.REQ.10752119,LP-003-2026 (Fase de Selección (Presentación de ofertas)),88,Adjudicado (Contratista Seleccionado),Lead B2B de Venta Directa,"Construcción & Obra Civil General, Acero & Metalmecánica",puente vehicular,"$581,598,504 COP",MUNICIPIO DE ASTREA,Cesar,Astrea,Licitación pública Obra Publica,CONSTRUCCIONES UNIVERSAL RLM S.A.S.,900614707,Contactar al contratista ganador/consorcio para ofrecer suministro y cotización inmediata.,https://community.secop.gov.co/Public/Tendering/OpportunityDetail/Index?noticeUID=CO1.NTC.10605714,CONSTRUCCIÓN DE PUENTE VEHICULAR Y MEJORAMIENTO Y REHABILITACIÓN DE VÍAS RURALES EN EL MUNICIPIO DE ASTREA DEPARTAMENTO DE CESAR
CO1.REQ.10852540,ENAJENACION-001-2026  (Presentación de oferta),88,Adjudicado (Contratista Seleccionado),Lead B2B de Venta Directa,Vehículos & Maquinaria,parque automotor,"$556,500,000 COP",MUNICIPIO DE COGUA,Cundinamarca,Cogua,Enajenación de bienes con subasta,ESPALA SAS,901005128,Contactar al contratista ganador/consorcio para ofrecer suministro y cotización inmediata.,https://community.secop.gov.co/Public/Tendering/OpportunityDetail/Index?noticeUID=CO1.NTC.10707043,"Enajenación a título oneroso, mediante subasta pública electrónica, de un lote compuesto por los bienes muebles usados del parque automotor y de maquinaria oficial del Municipio de Cogua, dados de baja, individualizados en el Anexo Técnico e Inventar"
CO1.REQ.10571441,290.20.3.104-2026 (Presentación de oferta),88,Adjudicado (Contratista Seleccionado),Lead B2B de Venta Directa,Vehículos & Maquinaria,"vehiculos, parque automotor","$540,000,000 COP","Secretaría de Gobierno, Convivencia y Seguridad - Alcaldía de Tuluá",Valle del Cauca,Tuluá,Selección abreviada subasta inversa,GAMA,800023917,Contactar al contratista ganador/consorcio para ofrecer suministro y cotización inmediata.,https://community.secop.gov.co/Public/Tendering/OpportunityDetail/Index?noticeUID=CO1.NTC.10427825,"COMPRAVENTA DE DOS (2) VEHICULOS TIPO VAN UNIFORMADAS PARA EL TRASLADO DE PERSONAS PRIVADAS DE LA LIBERTAD O PARA LA ATENCION DE MOTIVOS DE LA POLICIA, EN EL MARCO DEL PROYECTO FORTALECIMIENTO DE LOS MECANISMOS DE SEGURIDAD EN EL MUNICIPIO DE TULUA F"
CO1.REQ.10975786,SI 015 2026 (Presentación de oferta),88,Adjudicado (Contratista Seleccionado),Lead B2B de Venta Directa,"Dotación, Uniformes & Mobiliario","vestido de labor, uniformes","$504,000,000 COP",MUNICIPIO DE LA ESTRELLA,Antioquia,La Estrella,Selección abreviada subasta inversa,prixadiseño,901144999,Contactar al contratista ganador/consorcio para ofrecer suministro y cotización inmediata.,https://community.secop.gov.co/Public/Tendering/OpportunityDetail/Index?noticeUID=CO1.NTC.10829727,"SUMINISTRO DE CALZADO, VESTIDO DE LABOR Y ACCESORIOS PARA LA DOTACIÓN DE LOS AGENTES DE TRÁNSITO, GUARDIANES DE LA CÁRCEL MUNICIPAL Y TRABAJADORES OFICIALES, PERSONAL ADMINISTRATIVO Y DE SERVICIOS GENERALES DE LOS ESTABLECIMIENTOS EDUCATIVOS OFICIALE"
CO1.REQ.10989531,AI-SASI-3483-2026 (Presentación de oferta),88,Adjudicado (Contratista Seleccionado),Lead B2B de Venta Directa,"Dotación, Uniformes & Mobiliario",uniformes,"$500,000,000 COP",ALCALDIA  MUNICIPIO DE IBAGUE*,Tolima,Ibagué,Selección abreviada subasta inversa,COMVALORES SAS,900306448,Contactar al contratista ganador/consorcio para ofrecer suministro y cotización inmediata.,https://community.secop.gov.co/Public/Tendering/OpportunityDetail/Index?noticeUID=CO1.NTC.10843476,AGR01- CONTRATAR LA COMPRA DE UNIFORMES PARA EL PERSONAL DE LA DIRECCION DEL CUERPO OFICIAL DE BOMBEROS DEL MUNICIPIO DE IBAGUE.
CO1.REQ.10935695,PN DISAN SA 010 2026_3,88,Adjudicado (Contratista Seleccionado),Lead B2B de Venta Directa,"Dotación, Uniformes & Mobiliario",mobiliario,"$499,926,674 COP",DIRECCION DE SANIDAD DE LA POLICIA NACIONAL - DISAN PONAL,Distrito Capital de Bogotá,No Definido,Selección abreviada subasta inversa,No Definido,No Definido,Contactar al contratista ganador/consorcio para ofrecer suministro y cotización inmediata.,https://community.secop.gov.co/Public/Tendering/OpportunityDetail/Index?noticeUID=CO1.NTC.10790228,ADQUISICIÓN E INSTALACIÓN DE MOBILIARIO ADMINISTRATIVO PARA LA DIRECCIÓN DE SANIDAD DE LA POLICÍA NACIONAL
CO1.REQ.10588939,126-2026,88,Adjudicado (Contratista Seleccionado),Lead B2B de Venta Directa,"Agua Potable & Saneamiento, Vehículos & Maquinaria","retroexcavadora, alcantarillado","$491,450,000 COP",EMPRESA DE SERVICIOS PÚBLICOS DE FUSAGASUGÁ,Cundinamarca,Fusagasugá,Contratación régimen especial (con ofertas),DINISSAN,860001307,Contactar al contratista ganador/consorcio para ofrecer suministro y cotización inmediata.,https://community.secop.gov.co/Public/Tendering/OpportunityDetail/Index?noticeUID=CO1.NTC.10444897,ADQUISICIÓN DE UNA MAQUINARIA TIPO RETROEXCAVADORA PARA LA DIVISIÓN DE ALCANTARILLADO DE LA EMPRESA DE SERVICIOS PÚBLICOS DE FUSAGASUGÁ EMSERFUSA E.S.P.
CO1.REQ.10849598,CP 003-2026,88,Adjudicado (Contratista Seleccionado),Lead B2B de Venta Directa,Vehículos & Maquinaria,ambulancia,"$480,000,000 COP",HOSPITAL DE AGUAZUL JUAN HERNANDO URREGO E.S.E,Casanare,Aguazul,Contratación régimen especial (con ofertas),No Definido,No Definido,Contactar al contratista ganador/consorcio para ofrecer suministro y cotización inmediata.,https://community.secop.gov.co/Public/Tendering/OpportunityDetail/Index?noticeUID=CO1.NTC.10709976,ADQUISICIÓN Y DOTACIÓN DE AMBULANCIA PARA TRANSPORTE ASISTENCIAL MEDICALIZADO (TAM) DEL HOSPITAL DE AGUAZUL JUAN HERNANDO URREGO E.S.E
CO1.REQ.11034988,CONV-PUB-008-2026,88,Adjudicado (Contratista Seleccionado),Lead B2B de Venta Directa,Vehículos & Maquinaria,ambulancia,"$465,580,000 COP",EMPRESA SOCIAL DEL ESTADO SANTA MARIA DE MOMPOX,No Definido,No Definido,Contratación régimen especial (con ofertas),Mar 10 SAS,900284069,Contactar al contratista ganador/consorcio para ofrecer suministro y cotización inmediata.,https://community.secop.gov.co/Public/Tendering/OpportunityDetail/Index?noticeUID=CO1.NTC.10889430,"ADQUISICIÓN DE UNA (01) AMBULANCIA ACUÁTICA DE TRASLADO ASISTENCIAL BÁSICO (TAB), DESTINADA A FORTALECER LA CAPACIDAD DE TRANSPORTE ASISTENCIAL Y LA PRESTACIÓN DE LOS SERVICIOS DE SALUD DE LA E.S.E. HOSPITAL LOCAL SANTA MARÍA DEL DISTRITO DE MOMPOX -"
CO1.REQ.10499306,OGRSAMECOB0003-26 (Manifestación de interés (Menor Cuantía)) (Presentación de oferta),88,Adjudicado (Contratista Seleccionado),Lead B2B de Venta Directa,"Construcción & Obra Civil General, Acero & Metalmecánica","puente metálico, obras complementarias","$446,362,490 COP",GOBERNACION DEL HUILA*,Huila,No Definido,Selección Abreviada de Menor Cuantía,ARMELCO SAS,901192425,Contactar al contratista ganador/consorcio para ofrecer suministro y cotización inmediata.,https://community.secop.gov.co/Public/Tendering/OpportunityDetail/Index?noticeUID=CO1.NTC.10355136,"CONSTRUIR LA SUBESTRUCTURA Y LAS OBRAS COMPLEMENTARIAS NECESARIAS PARA LA INSTALACIÓN DEL PUENTE METÁLICO MODULAR TIPO ACROW PARA GARANTIZAR LA ESTABILIDAD, FUNCIONALIDAD Y SEGURIDAD DE LA ESTRUCTURA, EN EL MUNICIPIO DE ISNOS  HUILA, COMO MEDIDA DE R"
CO1.REQ.10586247,SASI 007-2026 (Presentación de oferta),88,Adjudicado (Contratista Seleccionado),Lead B2B de Venta Directa,"HORECA & Maquinaria Gastronómica, Alimentación Escolar (PAE)","restaurantes escolares, menaje","$381,645,605 COP",ALCALDIA MUNICIPIO DE APARTADO,Antioquia,Apartadó,Selección abreviada subasta inversa,ECOURBANISMOS SAS,901343544,Contactar al contratista ganador/consorcio para ofrecer suministro y cotización inmediata.,https://community.secop.gov.co/Public/Tendering/OpportunityDetail/Index?noticeUID=CO1.NTC.10441660,ADQUISICIÓN DE EQUIPOS Y MENAJE PARA LA DOTACIÓN DE RESTAURANTES ESCOLARES EN LAS INSTITUCIONES EDUCATIVAS OFICIALES DEL MUNICIPIO DE APARTADÓ VIGENCIA 2026
CO1.REQ.10934672,SASI 004 MT 2026 (Presentación de oferta),88,Adjudicado (Contratista Seleccionado),Lead B2B de Venta Directa,Salud: Insumos & Equipos Médicos,medicamentos,"$366,973,693 COP",MUNICIPIO DE TOCANCIPA,Cundinamarca,Tocancipá,Selección abreviada subasta inversa,COPRAGRO S.A.S.,832003296,Contactar al contratista ganador/consorcio para ofrecer suministro y cotización inmediata.,https://community.secop.gov.co/Public/Tendering/OpportunityDetail/Index?noticeUID=CO1.NTC.10788814,"SUMINISTRO DE MATERIAL VEGETAL, MATERIAL GENÉTICO BOVINO, INSUMOS AGROPECUARIOS, MEDICAMENTOS VETERINARIOS, ALIMENTO SECO Y SUPLEMENTOS NUTRICIONALES REQUERIDOS POR LA SECRETARÍA DE DESARROLLO ECONÓMICO PARA LA PRESTACIÓN DEL SERVICIO DE EXTENSIÓN RU"
CO1.REQ.10925348,SAMC-SED-021-2026 (Manifestación de interés (Menor Cuantía)) (Presentación de oferta),88,Adjudicado (Contratista Seleccionado),Lead B2B de Venta Directa,"Dotación, Uniformes & Mobiliario","dotación de calzado, vestido de labor, calzado y vestido","$344,403,154 COP",GOBERNACION DE CALDAS,Caldas,No Definido,Selección Abreviada de Menor Cuantía,ROOTT CO SAS,809007132,Contactar al contratista ganador/consorcio para ofrecer suministro y cotización inmediata.,https://community.secop.gov.co/Public/Tendering/OpportunityDetail/Index?noticeUID=CO1.NTC.10778743,"Suministro de bonos, para la adquisición de la primera, segunda y tercera dotación de calzado y vestido de labor para el personal administrativo y docente de la Secretaría de Educación del Departamento de Caldas que de conformidad con las normas lega"
CO1.REQ.10668758,IC-086-2026,88,Adjudicado (Contratista Seleccionado),Lead B2B de Venta Directa,Salud: Insumos & Equipos Médicos,médico quirúrgicos,"$344,228,251 COP",SUBRED INTEGRADA DE SERVICIOS DE SALUD NORTE E.S.E. (OFICIAL),Distrito Capital de Bogotá,No Definido,Contratación régimen especial (con ofertas),JOHNSON & JOHNSON MEDTECH COLOMBIA SAS,901550788,Contactar al contratista ganador/consorcio para ofrecer suministro y cotización inmediata.,https://community.secop.gov.co/Public/Tendering/OpportunityDetail/Index?noticeUID=CO1.NTC.10533646,SUMINISTRO DE DISPOSITIVOS MÉDICO QUIRÚRGICOS - SUTURAS PARA LA OPORTUNA ATENCIÓN DE LOS PACIENTES DE LAS DIFERENTES UNIDADES ASISTENCIALES DE LA SUBRED INTEGRADA DE SERVICIOS DE SALUD NORTE E S E
CO1.REQ.10716474,SE-LP-002-2026,85,Licitación Abierta (En Ofertas),Oportunidad de Alianza / Cotización,Alimentación Escolar (PAE),"pae, alimentación escolar","$46,171,655,466 COP",DEPARTAMENTO DE CORDOBA,Córdoba,Montería,Licitación pública,No Definido,No Definido,Compartir la oportunidad con clientes aliados para que presenten oferta incluyendo nuestros suministros.,https://community.secop.gov.co/Public/Tendering/OpportunityDetail/Index?noticeUID=CO1.NTC.10572556,"IMPLEMENTACIÓN DEL PROGRAMA DE ALIMENTACIÓN ESCOLAR - PAE- EN LOS ESTABLECIMIENTOS EDUCATIVOS OFICIALES DE LOS 27 MUNICIPIOS NO
CERTIFICADOS DEL DEPARTAMENTO DE CÓRDOBA"
CO1.REQ.11073451,LP-SEG-03292-2026,85,Licitación Abierta (En Ofertas),Oportunidad de Alianza / Cotización,Alimentación Escolar (PAE),"pae, alimentación escolar","$8,860,068,000 COP",Gobernación Norte de Santander*,Norte de Santander,Cúcuta,Licitación pública,No Definido,No Definido,Compartir la oportunidad con clientes aliados para que presenten oferta incluyendo nuestros suministros.,https://community.secop.gov.co/Public/Tendering/OpportunityDetail/Index?noticeUID=CO1.NTC.10935665,"SUMINISTRO DE ALIMENTACIÓN ESCOLAR A NIÑOS, NIÑAS, ADOLESCENTES Y JÓVENES DE INSTITUCIONES EDUCATIVAS OFICIALES DEL DEPARTAMENTO NORTE DE SANTANDER, DURANTE EL RECESO ESTUDIANTIL CORRESPONDIENTE AL MES DE DICIEMBRE DE LA VIGENCIA 2026, EN CUMPLIMIENT"
CO1.REQ.11059923,000116-2026,85,Licitación Abierta (En Ofertas),Oportunidad de Alianza / Cotización,Salud: Insumos & Equipos Médicos,"laboratorio clinico, reactivos","$3,000,000,000 COP",BOLIVAR - ESE HOSPITAL UNIVERSITARIO DEL CARIBE,Bolívar,Cartagena,Contratación régimen especial,Technomedical S.A.S.,No Definido,Compartir la oportunidad con clientes aliados para que presenten oferta incluyendo nuestros suministros.,https://community.secop.gov.co/Public/Tendering/OpportunityDetail/Index?noticeUID=CO1.NTC.10915745,"SUMINISTRAR LOS REACTIVOS E INSUMOS O CONSUMIBLES , AL LABORATORIO CLINICO DE LA E.S.E. HOSPITAL UNIVERSITARIO DEL CARIBE, PARA EL DESARROLLO DE LAS PRUEBAS CLINICAS DE LOS PACIENTES O USUARIOS HOSPITALIZADOS O POR URGENCIA , CON EL APOYO TECNOLOGICO"
CO1.REQ.11082919,HUHMP-CTO-240-2026,85,Licitación Abierta (En Ofertas),Oportunidad de Alianza / Cotización,Salud: Insumos & Equipos Médicos,"material medico quirurgico, medico quirurgico","$2,600,000,000 COP",E.S.E. HOSPITAL UNIVERSITARIO HERNANDO MONCALEANO PERDOMO DE NEIVA,Huila,Neiva,Contratación régimen especial,No Definido,No Definido,Compartir la oportunidad con clientes aliados para que presenten oferta incluyendo nuestros suministros.,https://community.secop.gov.co/Public/Tendering/OpportunityDetail/Index?noticeUID=CO1.NTC.10938436,SUMINISTRO DE MATERIAL MEDICO QUIRURGICO PARA LA ATENCIÓN DE PACIENTES EN LOS DIFERENTES SERVICIOS DE LA E.S.E. HOSPITAL UNIVERSITARIO HERNANDO MONCALEANO PERDOMO DE NEIVA
CO1.REQ.11090591,CONVOCATORIA PÚBLICA DE MENOR CUANTÍA 008 DE 2026,85,Licitación Abierta (En Ofertas),Oportunidad de Alianza / Cotización,Salud: Insumos & Equipos Médicos,"dispositivos medicos, dispositivos médicos","$2,500,000,000 COP",HOSPITAL FEDERICO LLERAS ACOSTA DE IBAGUE TOLIMA - EMPRESA SOCIAL DEL ESTADO,Tolima,Ibagué,Contratación régimen especial (con ofertas),No Definido,No Definido,Compartir la oportunidad con clientes aliados para que presenten oferta incluyendo nuestros suministros.,https://community.secop.gov.co/Public/Tendering/OpportunityDetail/Index?noticeUID=CO1.NTC.10955144,CONTRATAR LA ADQUISICION DE DISPOSITIVOS MÉDICOS PARA LA ATENCIÓN INTEGRAL DE LOS PACIENTES DE LA SEDE FRANCIA Y SEDE LIMONAR DEL HOSPITAL FEDERICO LLERAS ACOSTA E.S.E. FINANCIADOS CON RECURSOS ASIGNADOS MEDIANTE LA RESOLUCION 001285 DEL 3 DE JULIO D
CO1.REQ.11029020,FDLCB-SASI-004-2026 (Presentación de oferta),85,Adjudicado (Contratista Seleccionado),Lead B2B de Venta Directa,"Vehículos & Maquinaria, Dotación, Uniformes & Mobiliario",motocicletas,"$2,039,085,289 COP",ALCALDIA LOCAL DE CIUDAD BOLIVAR //,Distrito Capital de Bogotá,Bogotá,Selección abreviada subasta inversa,FANALCA S.A.S.,890301886,Contactar al contratista ganador/consorcio para ofrecer suministro y cotización inmediata.,https://community.secop.gov.co/Public/Tendering/OpportunityDetail/Index?noticeUID=CO1.NTC.10883547,"ADQUISICIÓN DE MOTOCICLETAS Y ACCESORIOS PARA EL FORTALECIMIENTO DE LA CAPACIDAD OPERATIVA DE LA POLICIA DE LA LOCALIDAD DE CIUDAD BOLÍVAR EN EL MARCO DEL PLAN DE DESARROLLO LOCAL 2025-2028, EN VIRTUD DEL PROYECTO DE INVERSIÓN 2242"
CO1.REQ.10923898,SA-SV-03195-2026 (Presentación de oferta),85,Adjudicado (Contratista Seleccionado),Lead B2B de Venta Directa,Vehículos & Maquinaria,,"$1,799,999,950 COP",Gobernación Norte de Santander*,Norte de Santander,Cúcuta,Selección abreviada subasta inversa,ICOMMERCE SAS,830081246,Contactar al contratista ganador/consorcio para ofrecer suministro y cotización inmediata.,https://community.secop.gov.co/Public/Tendering/OpportunityDetail/Index?noticeUID=CO1.NTC.10778709,"FORTALECIMIENTO DE LA CAPACIDAD OPERATIVA PARA LA ATENCIÓN Y MANTENIMIENTO DE LA RED VIAL TERCIARIA EN EL MUNICIPIO DE HACARÍ, NORTE DE SANTANDER"
CO1.REQ.11007815,AI-SASI-3666-2026 (Presentación de oferta),85,Adjudicado (Contratista Seleccionado),Lead B2B de Venta Directa,"Dotación, Uniformes & Mobiliario",,"$1,579,525,616 COP",ALCALDIA  MUNICIPIO DE IBAGUE*,Tolima,Ibagué,Selección abreviada subasta inversa,ROOTT CO SAS,809007132,Contactar al contratista ganador/consorcio para ofrecer suministro y cotización inmediata.,https://community.secop.gov.co/Public/Tendering/OpportunityDetail/Index?noticeUID=CO1.NTC.10861972,"THP02 - CONTRATAR LA ADQUISICIÓN DE PRENDAS, INSIGNIAS, DISTINTIVOS Y EQUIPOS NECESARIOS PARA LOS AGENTES DE TRÁNSITO ADSCRITOS A LA SECRETARÍA DE MOVILIDAD DEL
MUNICIPIO DE IBAGUÉ"
CO1.REQ.11009643,SAMC-STD-CIMI-049-2026 (Manifestación de interés (Menor Cuantía)) (Presentación de oferta),85,Adjudicado (Contratista Seleccionado),Lead B2B de Venta Directa,"Construcción & Obra Civil General, Acero & Metalmecánica",soldadura,"$1,490,351,599 COP",SENA REGIONAL SANTANDER Grupo de Apoyo Administrativo Mixto,Santander,Bucaramanga,Selección Abreviada de Menor Cuantía,CONSORCIO CIMI 26,No Definido,Contactar al contratista ganador/consorcio para ofrecer suministro y cotización inmediata.,https://community.secop.gov.co/Public/Tendering/OpportunityDetail/Index?noticeUID=CO1.NTC.10868837,"CONTRATAR BAJO LA MODALIDAD DE LLAVE EN MANO LA CONSULTORIA, ESTUDIOS, DISEÑOS, ADECUACIONES LOCATIVAS, CIVILES Y ELECTRICAS DEL SISTEMA DE EXTRACCION DE HUMOS PARA LOS AMBIENTES DE SOLDADURA DEL CIMI, VIGENCIA 2026"
CO1.REQ.10532431,CS-939-2026,85,Licitación Abierta (En Ofertas),Oportunidad de Alianza / Cotización,"Tecnología & Equipos de Cómputo, Salud: Insumos & Equipos Médicos","software, laboratorio clínico, reactivos","$1,400,000,000 COP",E.S.E HOSPITAL PEDRO LEON ALVAREZ DIAZ,No Definido,No Definido,Contratación régimen especial,No Definido,No Definido,Compartir la oportunidad con clientes aliados para que presenten oferta incluyendo nuestros suministros.,https://community.secop.gov.co/Public/Tendering/OpportunityDetail/Index?noticeUID=CO1.NTC.10392072,"SUMINISTRO DE REACTIVOS, INSUMOS Y SOFTWARE PARA EL FUNCIONAMIENTO DEL SERVICIO DE TOMA DE MUESTRAS, LABORATORIO CLÍNICO Y SERVICIO PRE-TRANSFUSIONAL DE LA E.S.E. HOSPITAL PEDRO LEÓN ÁLVAREZ DÍAZ DE LA MESA."
CO1.REQ.10899187,LP-IUB-001-2026 (Presentación de oferta),85,Adjudicado (Contratista Seleccionado),Lead B2B de Venta Directa,"Energía Solar & Alumbrado Público, Vehículos & Maquinaria",eficiencia energética,"$1,399,950,000 COP",INSTITUCION UNIVERSITARIA DE BARRANQUILLA-IUB,Atlántico,Barranquilla,Licitación pública,CONSORCIO ROGA,No Definido,Contactar al contratista ganador/consorcio para ofrecer suministro y cotización inmediata.,https://community.secop.gov.co/Public/Tendering/OpportunityDetail/Index?noticeUID=CO1.NTC.10753878,"ADQUISICIÓN BUSES ELÉCTRICOS Y SUS SISTEMAS DE ESTACIÓN DE CARGA, DESTINADOS A LA MOVILIZACIÓN DE ESTUDIANTES Y PERSONAL DE LA INSTITUCIÓN UNIVERSITARIA DE BARRANQUILLA - IUB, EN EL MARCO DE ESTRATEGIAS DE MOVILIDAD SOSTENIBLE Y EFICIENCIA ENERGÉTICA"
CO1.REQ.10435772,LP-003-2026 (Fase de Selección (Presentación de ofertas)),85,Adjudicado (Contratista Seleccionado),Lead B2B de Venta Directa,"Construcción & Obra Civil General, Acero & Metalmecánica",estructura metalica,"$1,326,596,388 COP",MUNICIPIO DE AGUA DE DIOS,Cundinamarca,Agua De Dios,Licitación pública Obra Publica,CONSORCIO CONSTRUCCIONES HYM 2026,No Definido,Contactar al contratista ganador/consorcio para ofrecer suministro y cotización inmediata.,https://community.secop.gov.co/Public/Tendering/OpportunityDetail/Index?noticeUID=CO1.NTC.10292970,"CONSTRUCCION DE CUBIERTA EN ESTRUCTURA METALICA PARA EL POLIDEPORTIVO QUINCE LETRAS EN EL MUNICIPIO DE AGUA DE DIOS, CUNDINAMARCA DE ACUERDO CON EL CONVENIO NO. ICCU 843 DE 2025"
CO1.REQ.10654511,MUNVILLETALP-001-2026 (Presentación de oferta),85,Adjudicado (Contratista Seleccionado),Lead B2B de Venta Directa,"Energía Solar & Alumbrado Público, Vehículos & Maquinaria",alumbrado publico,"$1,295,910,000 COP",ALCALDIA MUNICIPAL DE VILLETA,Cundinamarca,Villeta,Licitación pública,INVERSIONES JORTER SAS,901824060,Contactar al contratista ganador/consorcio para ofrecer suministro y cotización inmediata.,https://community.secop.gov.co/Public/Tendering/OpportunityDetail/Index?noticeUID=CO1.NTC.10510745,ADQUISICIÓN DE EQUIPOS ESPECIALIZADOS DE TRANSPORTE Y EQUIPOS DE DOTACIÓN DESTINADOS A FORTALECER LA CAPACIDAD OPERATIVA Y OPTIMIZACIÓN DEL SERVICIO DE ALUMBRADO PUBLICO EN EL MUNICIPIO DE VILLETA CUNDINAMARCA
CO1.REQ.10944123,IC-082-2026,85,Adjudicado (Contratista Seleccionado),Lead B2B de Venta Directa,Salud: Insumos & Equipos Médicos,,"$1,236,117,156 COP",SUBRED INTEGRADA DE SERVICIO DE SALUD CENTRO ORIENTE E.S.E 1,Distrito Capital de Bogotá,No Definido,Contratación régimen especial (con ofertas),PRAXIS,900514360,Contactar al contratista ganador/consorcio para ofrecer suministro y cotización inmediata.,https://community.secop.gov.co/Public/Tendering/OpportunityDetail/Index?noticeUID=CO1.NTC.10799018,"CONTRATAR EL SUMINISTRO DE DISPOSITIVOS DE ASISTENCIA PERSONAL DAP- (AYUDAS TÉCNICAS) NO INCLUIDAS EN EL PLAN DE BENEFICIOS EN SALUD, PARA PERSONAS CON DISCAPACIDAD IDENTIFICADAS CON LOS CONVENIOS/CONTRATOS INTERADMINISTRATIVOS, SUSCRITOS ENTRE LA SU"
CO1.REQ.10615213,061-SASI-SUADQ-INTR-2026 (Presentación de oferta),85,Adjudicado (Contratista Seleccionado),Lead B2B de Venta Directa,"HORECA & Maquinaria Gastronómica, Dotación, Uniformes & Mobiliario",marmita,"$1,174,254,840 COP",EJERCITO DIRECCION DE ADQUISICIONES,Distrito Capital de Bogotá,No Definido,Selección abreviada subasta inversa,UNIÓN TEMPORAL INTERSAM 2026,No Definido,Contactar al contratista ganador/consorcio para ofrecer suministro y cotización inmediata.,https://community.secop.gov.co/Public/Tendering/OpportunityDetail/Index?noticeUID=CO1.NTC.10470687,ADQUISICIÓN DE DOTACIÓN BASICA INCORPORACIÓN (CINTURÓN CON HEBILLA - CUBIERTOS METALICOS - MARMITA EN ACERO)
CO1.REQ.11092578,INVITACIÓN PN DISAN CD 147 2026,85,Licitación Abierta (En Ofertas),Oportunidad de Alianza / Cotización,Interventoría & Consultoría,"interventoría técnica, estudios y diseños","$1,098,635,000 COP",DIRECCION DE SANIDAD DE LA POLICIA NACIONAL - DISAN PONAL,Distrito Capital de Bogotá,No Definido,Contratación Directa (con ofertas),No Definido,No Definido,Compartir la oportunidad con clientes aliados para que presenten oferta incluyendo nuestros suministros.,https://community.secop.gov.co/Public/Tendering/OpportunityDetail/Index?noticeUID=CO1.NTC.10948076,"INTERVENTORÍA TÉCNICA, ADMINISTRATIVA, JURÍDICA, AMBIENTAL, CONTABLE Y FINANCIERA PARA LA ELABORACIÓN DE LOS ESTUDIOS Y DISEÑOS TÉCNICOS Y TRÁMITE DE LICENCIAS Y PERMISOS PARA LA CONSTRUCCIÓN DE LA CLÍNICA DE SEGUNDO NIVEL EN LA CIUDAD DE MANIZALES D"
CO1.REQ.11035647,PSC-IP-019-2026,85,Licitación Abierta (En Ofertas),Oportunidad de Alianza / Cotización,Alimentación Escolar (PAE),"pae, alimentación escolar","$1,045,361,587 COP",EMPRESA INDUSTRIAL Y COMERCIAL PARA EL DESARROLLO URBANO Y TERRITORIAL - EDUT - DEL MUNICIPIO DE MUTATA,Antioquia,Mutatá,Contratación régimen especial,No Definido,No Definido,Compartir la oportunidad con clientes aliados para que presenten oferta incluyendo nuestros suministros.,https://community.secop.gov.co/Public/Tendering/OpportunityDetail/Index?noticeUID=CO1.NTC.10889543,"EJECUCIÓN DEL PROGRAMA DE ALIMENTACIÓN ESCOLAR - PAE, DIRIGIDO A LOS NIÑOS, NIÑAS Y ADOLESCENTES DE LA MATRÍCULA OFICIAL DEL MUNICIPIO DE MUTATÁ, ENTIDAD TERRITORIAL NO CERTIFICADA EN EDUCACIÓN, PARA LA VIGENCIA 2026-2"
CO1.REQ.11089500,MNSISASISM043-2026,85,Licitación Abierta (En Ofertas),Oportunidad de Alianza / Cotización,"Construcción & Obra Civil General, Vehículos & Maquinaria","malla vial, maquinaria amarilla, vehiculos","$1,000,000,000 COP",MUNICIPIO DE NEIVA,Huila,Neiva,Selección abreviada subasta inversa,No Definido,No Definido,Compartir la oportunidad con clientes aliados para que presenten oferta incluyendo nuestros suministros.,https://community.secop.gov.co/Public/Tendering/OpportunityDetail/Index?noticeUID=CO1.NTC.10945823,"SUMINISTRO DE REPUESTOS, MANTENIMIENTO Y REPARACIÓN DE VEHICULOS Y MAQUINARIA AMARILLA NECESARIOS PARA LA CONSTRUCCION Y MEJORAMIENTO, DE LA MALLA VIAL DEL MUNICIPIO DE NEIVA A PRECIOS UNITARIOS Y MONTO AGOTABLE"
CO1.REQ.10626881,080-26,83,Licitación Abierta (En Ofertas),Oportunidad de Alianza / Cotización,"Construcción & Obra Civil General, Agua Potable & Saneamiento",alcantarillado,"$999,370,052 COP",SOCIEDAD DE ACUEDUCTOS Y ALCANTARILLADOS DEL VALLE DEL CAUCA S.A. - E.S.P.,Valle del Cauca,No Definido,Contratación régimen especial,No Definido,No Definido,Compartir la oportunidad con clientes aliados para que presenten oferta incluyendo nuestros suministros.,https://community.secop.gov.co/Public/Tendering/OpportunityDetail/Index?noticeUID=CO1.NTC.10481822,"REPOSICIÓN REDES DE ALCANTARILLADO EN EL MUNICIPIO DE GUACARI, VALLE DEL CAUCA"
CO1.REQ.10510144,980290,83,Licitación Abierta (En Ofertas),Oportunidad de Alianza / Cotización,Acero & Metalmecánica,perfiles,"$992,005,642 COP",REFINERÍA DE CARTAGENA S.A.S.,Bolívar,Cartagena,Contratación régimen especial,No Definido,No Definido,Compartir la oportunidad con clientes aliados para que presenten oferta incluyendo nuestros suministros.,https://community.secop.gov.co/Public/Tendering/OpportunityDetail/Index?noticeUID=CO1.NTC.10365977,SUMINISTRO DE LAMINAS Y PERFILES REQUERIDOS PARA LOS PROGRAMAS DE MANTENIMIENTO DE LA REFINERIA DE CARTAGENA S.A.S
CO1.REQ.11085879,ICCU-CM-020-2026 (Presentación de oferta),83,Licitación Abierta (En Ofertas),Oportunidad de Alianza / Cotización,Interventoría & Consultoría,"interventoría técnica, estudios y diseños","$942,525,762 COP",INSTITUTO DE CAMINOS Y CONSTRUCCIONES DE CUNDINAMARCA - ICCU,Distrito Capital de Bogotá,Bogotá,Concurso de méritos abierto,No Definido,No Definido,Compartir la oportunidad con clientes aliados para que presenten oferta incluyendo nuestros suministros.,https://community.secop.gov.co/Public/Tendering/OpportunityDetail/Index?noticeUID=CO1.NTC.10948068,"INTERVENTORÍA TÉCNICA, ADMINISTRATIVA, FINANCIERA, JURÍDICA, SOCIAL Y AMBIENTAL AL PROYECTO   MEJORAMIENTO DE LA VÍA DESDE EL SECTOR SAN VICENTE HACIA EL CASCO URBANO DEL MUNICIPIO DE CHAGUANÍ, DEPARTAMENTO DE CUNDINAMARCA"
CO1.REQ.10825247,OBR-SCC-011-2026,83,Licitación Abierta (En Ofertas),Oportunidad de Alianza / Cotización,Construcción & Obra Civil General,"pavimentación, pavimentacion","$910,891,210 COP",FINVERPAZ,Norte de Santander,Ocaña,Contratación régimen especial,No Definido,No Definido,Compartir la oportunidad con clientes aliados para que presenten oferta incluyendo nuestros suministros.,https://community.secop.gov.co/Public/Tendering/OpportunityDetail/Index?noticeUID=CO1.NTC.10961406,"MEJORAMIENTO Y PAVIMENTACIÓN EN PIEDRA BARICHARA SOBRE LA CALLE 10 CON CARRERA 1 SUR EN VILLA SANTIAGO, CALLE 7B ZONA BAJA, CALLE 10 CON CARRERA 10 EN SALIDA AL CAUCHO, Y CALLE 3 ENTRE CARRERA 3 Y 2 Y OPTIMIZACIÓN DE REDES HIDRÁULICAS Y SANITARIAS DE"
CO1.REQ.10514248,BS069-2026,83,Licitación Abierta (En Ofertas),Oportunidad de Alianza / Cotización,"Construcción & Obra Civil General, Agua Potable & Saneamiento","ptar, aguas residuales, tratamiento de aguas, planta de tratamiento","$899,652,677 COP",UNIVERSIDAD DE PAMPLONA,Norte de Santander,Pamplona,Contratación régimen especial,No Definido,No Definido,Compartir la oportunidad con clientes aliados para que presenten oferta incluyendo nuestros suministros.,https://community.secop.gov.co/Public/Tendering/OpportunityDetail/Index?noticeUID=CO1.NTC.10370113,CONTRATAR LA CONSTRUCCIÓN PLANTA DE TRATAMIENTO DE AGUAS RESIDUALES (PTAR) EN LA SEDE VILLA DEL ROSARIO DE LA UNIVERSIDAD DE PAMPLONA.
CO1.REQ.11099668,SSM-CD-2427-2026.,83,Adjudicado (Contratista Seleccionado),Lead B2B de Venta Directa,Salud: Insumos & Equipos Médicos,"biomedicos, equipos biomedicos","$898,500,000 COP",DEPARTAMENTO DEL META,Meta,Villavicencio,Contratación Directa (con ofertas),ESE HOSPITAL LOCAL SAN CARLOS DE GUAROA-META,900077520,Contactar al contratista ganador/consorcio para ofrecer suministro y cotización inmediata.,https://community.secop.gov.co/Public/Tendering/OpportunityDetail/Index?noticeUID=CO1.NTC.10955514,TRANSFERIR RECURSOS PARA LA ADQUISICIÓN DE EQUIPOS BIOMEDICOS Y APOYO A LA SUPERVISIÓN AL HOSPITAL LOCAL DE SAN CARLOS DE GUAROA PARA EL FORTALECIMIENTO DEL SERVICIO DE IMÁGENES DIAGNOSTICAS Y MEJORAR LA PRESTACIÓN DEL SERVICIOS DE SALUD DE LA REGIÓN
CO1.REQ.10583863,FP - 146 DE 2026,83,Licitación Abierta (En Ofertas),Oportunidad de Alianza / Cotización,"Energía Solar & Alumbrado Público, Tecnología & Equipos de Cómputo, Dotación, Uniformes & Mobiliario","mobiliario, software, licencias de software, equipos de cómputo","$885,299,985 COP",DAPRE,Distrito Capital de Bogotá,Bogotá,Contratación régimen especial,No Definido,No Definido,Compartir la oportunidad con clientes aliados para que presenten oferta incluyendo nuestros suministros.,https://community.secop.gov.co/Public/Tendering/OpportunityDetail/Index?noticeUID=CO1.NTC.10438892,"Adquisición de mobiliario ergonómico, papelería y elementos de oficina, equipos de cómputo y almacenamiento digital, equipos y accesorios para producción audiovisual, así como licencias de software, entre otros, destinados al fortalecimiento de las c"
CO1.REQ.11013154,4137.010.32.1.511-2026,83,Licitación Abierta (En Ofertas),Oportunidad de Alianza / Cotización,"Dotación, Uniformes & Mobiliario",dotación de calzado,"$884,399,148 COP",SANTIAGO DE CALI DISTRITO ESPECIAL -DEPARTAMENTO ADMINISTRATIVO DE DESARROLLO E INNOVACION INSTITUCIONAL,Valle del Cauca,Cali,Selección Abreviada de Menor Cuantía,No Definido,No Definido,Compartir la oportunidad con clientes aliados para que presenten oferta incluyendo nuestros suministros.,https://community.secop.gov.co/Public/Tendering/OpportunityDetail/Index?noticeUID=CO1.NTC.10964404,"Suministro de bonos para la dotación de calzado y vestuario a los trabajadores oficiales del Distrito Especial de Santiago de Cali, en cumplimiento de lo establecido en la normativa vigente y en la convención colectiva de trabajo suscrita con los sin"
CO1.REQ.10160771,2025-CAD0008,83,Licitación Abierta (En Ofertas),Oportunidad de Alianza / Cotización,"Construcción & Obra Civil General, Acero & Metalmecánica",estructura metalica,"$875,938,581 COP",CENTRAL DE ABASTOS DE BUCARAMANGA S.A.,Santander,Bucaramanga,Contratación régimen especial,No Definido,No Definido,Compartir la oportunidad con clientes aliados para que presenten oferta incluyendo nuestros suministros.,https://community.secop.gov.co/Public/Tendering/OpportunityDetail/Index?noticeUID=CO1.NTC.10486011,No definido
CO1.REQ.10954194,ALC-038-2026,83,Licitación Abierta (En Ofertas),Oportunidad de Alianza / Cotización,"Construcción & Obra Civil General, Agua Potable & Saneamiento, Interventoría & Consultoría","interventoría integral, aguas residuales, tratamiento de aguas, ptar, planta de tratamiento, obras complementarias","$874,078,920 COP",EMPRESA DE SERVICIOS PUBLICOS DE ALCANTARILLADO */,Cundinamarca,Ricaurte,Contratación régimen especial,No Definido,No Definido,Compartir la oportunidad con clientes aliados para que presenten oferta incluyendo nuestros suministros.,https://community.secop.gov.co/Public/Tendering/OpportunityDetail/Index?noticeUID=CO1.NTC.10808632,"CONTRATAR LA INTERVENTORÍA INTEGRAL TÉCNICA, ADMINISTRATIVA, FINANCIERA, JURÍDICA, CONTABLE Y AMBIENTAL PARA LA EJECUCIÓN DE LAS OBRAS COMPLEMENTARIAS DEL SEGUNDO TREN DE LA PLANTA DE TRATAMIENTO DE AGUAS RESIDUALES - PTAR RÍO BOGOTÁ, ASÍ COMO DEL CO"
CO1.REQ.10990169,SS26-540,83,Licitación Abierta (En Ofertas),Oportunidad de Alianza / Cotización,Salud: Insumos & Equipos Médicos,osteosintesis,"$850,000,000 COP",E.S.E. HOSPITAL UNIVERSITARIO ERASMO MEOZ,Norte de Santander,Cúcuta,Contratación régimen especial,No Definido,No Definido,Compartir la oportunidad con clientes aliados para que presenten oferta incluyendo nuestros suministros.,https://community.secop.gov.co/Public/Tendering/OpportunityDetail/Index?noticeUID=CO1.NTC.10843800,"SUMINISTRO DE MATERIAL DE OSTEOSINTESIS: ORTOPEDIA GENERAL EN ACERO O TITANIO; REEMPLAZO DE CADERA Y REVISION; REEMPLAZO DE RODILLA, HOMBRO Y CUPULA RADIAL; REEMPLAZOS DE CADERA ESPECIALES; LINEA BLANDA; MATERIALES ESPECIALES EN TITANIO Ó ACERO; NEUR"
CO1.REQ.10843490,SS26-476,83,Licitación Abierta (En Ofertas),Oportunidad de Alianza / Cotización,Salud: Insumos & Equipos Médicos,osteosintesis,"$850,000,000 COP",E.S.E. HOSPITAL UNIVERSITARIO ERASMO MEOZ,Norte de Santander,Cúcuta,Contratación régimen especial,No Definido,No Definido,Compartir la oportunidad con clientes aliados para que presenten oferta incluyendo nuestros suministros.,https://community.secop.gov.co/Public/Tendering/OpportunityDetail/Index?noticeUID=CO1.NTC.10700868,"SUMINISTRO DE MATERIAL DE OSTEOSINTESIS: ORTOPEDIA GENERAL EN ACERO O TITANIO; REEMPLAZO DE CADERA Y REVISION; REEMPLAZO DE RODILLA, HOMBRO Y CUPULA RADIAL; REEMPLAZOS DE CADERA ESPECIALES; LINEA BLANDA; MATERIALES ESPECIALES EN TITANIO Ó ACERO; NEUR"
CO1.REQ.10664880,SS26-423,83,Licitación Abierta (En Ofertas),Oportunidad de Alianza / Cotización,Salud: Insumos & Equipos Médicos,osteosintesis,"$850,000,000 COP",E.S.E. HOSPITAL UNIVERSITARIO ERASMO MEOZ,Norte de Santander,Cúcuta,Contratación régimen especial,No Definido,No Definido,Compartir la oportunidad con clientes aliados para que presenten oferta incluyendo nuestros suministros.,https://community.secop.gov.co/Public/Tendering/OpportunityDetail/Index?noticeUID=CO1.NTC.10519116,"SUMINISTRO DE MATERIAL DE OSTEOSINTESIS: ORTOPEDIA GENERAL EN ACERO O TITANIO; REEMPLAZO DE CADERA Y REVISION; REEMPLAZO DE RODILLA, HOMBRO Y CUPULA RADIAL; REEMPLAZOS DE CADERA ESPECIALES; LINEA BLANDA; MATERIALES ESPECIALES EN TITANIO Ó ACERO; NEUR"
CO1.REQ.10510460,SS26-342,83,Licitación Abierta (En Ofertas),Oportunidad de Alianza / Cotización,Salud: Insumos & Equipos Médicos,osteosintesis,"$850,000,000 COP",E.S.E. HOSPITAL UNIVERSITARIO ERASMO MEOZ,Norte de Santander,Cúcuta,Contratación régimen especial,No Definido,No Definido,Compartir la oportunidad con clientes aliados para que presenten oferta incluyendo nuestros suministros.,https://community.secop.gov.co/Public/Tendering/OpportunityDetail/Index?noticeUID=CO1.NTC.10366257,"SUMINISTRO DE MATERIAL DE OSTEOSINTESIS: ORTOPEDIA GENERAL EN ACERO O TITANIO; REEMPLAZO DE CADERA Y REVISION; REEMPLAZO DE RODILLA, HOMBRO Y CUPULA RADIAL; REEMPLAZOS DE CADERA ESPECIALES; LINEA BLANDA; MATERIALES ESPECIALES EN TITANIO Ó ACERO; NEUR"
CO1.REQ.11068728,UNIPUTUMAYO CMA-002-2026,83,Licitación Abierta (En Ofertas),Oportunidad de Alianza / Cotización,Interventoría & Consultoría,interventoria tecnica,"$833,987,495 COP",INSTITUCIÓN UNIVERSITARIA DEL PUTUMAYO,Putumayo,Mocoa,Concurso de méritos abierto,No Definido,No Definido,Compartir la oportunidad con clientes aliados para que presenten oferta incluyendo nuestros suministros.,https://community.secop.gov.co/Public/Tendering/OpportunityDetail/Index?noticeUID=CO1.NTC.10928801,"CONTRATAR LA INTERVENTORIA TECNICA, JURIDICA, ADMINISTRATIVA, FINANCIERA, AMBIENTAL Y SST DEL PROYECTO DOTACIÓN DE MOBILIARIO Y EQUIPOS TECNOLÓGICOS DEL BLOQUE DE INGENIERÍA DE LA INSTITUCIÓN UNIVERSITARIA DEL PUTUMAYO - SEDE MOCOA"
CO1.REQ.11076821,LICITACION PÚBLICA 004-2026 (Fase de Selección (Presentación de ofertas)),83,Licitación Abierta (En Ofertas),Oportunidad de Alianza / Cotización,Construcción & Obra Civil General,"pavimentación, obras complementarias","$803,387,865 COP",INSTITUTO UNIVERSITARIO DE LA PAZ,No Definido,No Definido,Licitación pública Obra Publica,No Definido,No Definido,Compartir la oportunidad con clientes aliados para que presenten oferta incluyendo nuestros suministros.,https://community.secop.gov.co/Public/Tendering/OpportunityDetail/Index?noticeUID=CO1.NTC.10933039,PAVIMENTACIÓN Y OBRAS COMPLEMENTARIAS DE LA VÍA DE ACCESO INTERNA DEL INSTITUTO UNIVERSITARIO DE LA PAZ
CO1.REQ.11040208,SAMC 057-CENACTELEMATICA-2026,83,Licitación Abierta (En Ofertas),Oportunidad de Alianza / Cotización,Tecnología & Equipos de Cómputo,licenciamiento,"$714,984,722 COP",CENTRAL ADMINISTRATIVA Y CONTABLE TELEMATICA,Cundinamarca,Facatativá,Selección Abreviada de Menor Cuantía,No Definido,No Definido,Compartir la oportunidad con clientes aliados para que presenten oferta incluyendo nuestros suministros.,https://community.secop.gov.co/Public/Tendering/OpportunityDetail/Index?noticeUID=CO1.NTC.10919287,"RENOVAR EL LICENCIAMIENTO DEL FIREWALL DE APLICACIONES, CON EL FIN DE MANTENER LA CONTINUIDAD, ACTUALIZACIÓN Y PROTECCIÓN DE LAS APLICACIONES INSTITUCIONALES FRENTE A AMENAZAS DE SEGURIDAD, A EJECUTAR"
CO1.REQ.11060981,CM-05-RE-002-2026,83,Licitación Abierta (En Ofertas),Oportunidad de Alianza / Cotización,Interventoría & Consultoría,interventoría técnica,"$707,367,795 COP",DEPARTAMENTO DEL ARAUCA,Arauca,Arauca,Concurso de méritos abierto,No Definido,No Definido,Compartir la oportunidad con clientes aliados para que presenten oferta incluyendo nuestros suministros.,https://community.secop.gov.co/Public/Tendering/OpportunityDetail/Index?noticeUID=CO1.NTC.10918814,"INTERVENTORÍA TÉCNICA, ADMINISTRATIVA, FINANCIERA Y AMBIENTAL A LA ADECUACIÓN Y MEJORAMIENTO DE LAS CONDICIONES DE HABITABILIDAD DE LA POBLACIÓN, EN EL MARCO DEL PROGRAMA NACIONAL  CAMBIA MI CASA  DESARROLLADO A TRAVÉS DEL CONVENIO No. 049 DE 2024 SU"
CO1.REQ.11099934,EPC-014-2026,83,Licitación Abierta (En Ofertas),Oportunidad de Alianza / Cotización,"Construcción & Obra Civil General, Agua Potable & Saneamiento","alcantarillado, obras complementarias","$703,445,960 COP",EMPRESAS PÚBLICAS DE CONCEPCIÓN S.A.S. E.S.P.,Antioquia,Concepción,Contratación régimen especial,No Definido,No Definido,Compartir la oportunidad con clientes aliados para que presenten oferta incluyendo nuestros suministros.,https://community.secop.gov.co/Public/Tendering/OpportunityDetail/Index?noticeUID=CO1.NTC.10955221,"OPTIMIZACIÓN DE ALCANTARILLADO Y OBRAS COMPLEMENTARIAS EN EL SECTOR DE LA CALLE ELOY ALFARO, DEL MUNICIPIO DE CONCEPCIÓN."
CO1.REQ.11081772,CS-0095-2026,83,Licitación Abierta (En Ofertas),Oportunidad de Alianza / Cotización,Salud: Insumos & Equipos Médicos,"reactivos, laboratorio clinico, dispositivos medicos","$700,000,000 COP",ESE HOSPITAL DEPARTAMENTAL UNIVERSITARIO DEL QUINDÍO SAN JUAN DE DIOS,Quindío,Armenia,Contratación régimen especial,CASA DE LA DIABETES CALI LTDA,No Definido,Compartir la oportunidad con clientes aliados para que presenten oferta incluyendo nuestros suministros.,https://community.secop.gov.co/Public/Tendering/OpportunityDetail/Index?noticeUID=CO1.NTC.10937679,"SUMINISTRO DE REACTIVOS DE DIAGNOSTICO IN VITRO, DISPOSITIVOS MEDICOS E INSUMOS PARA EL LABORATORIO CLINICO DE LA E.S.E. HOSPITAL DEPARTAMENTAL UNIVERSITARIO DEL QUINDÍO SAN JUAN DE DIOS PARA LAS AREAS DE INMUNOQUÍMICA, HEMATOLOGÍA, COAGULACIÓN, UROA"
CO1.REQ.11007662,ESESUROCCIDENTE-1161-2026,83,Licitación Abierta (En Ofertas),Oportunidad de Alianza / Cotización,Tecnología & Equipos de Cómputo,"infraestructura tecnológica, equipos de cómputo","$699,958,500 COP",E.S.E. SUROCCIDENTE,Cauca,Patía,Contratación régimen especial,No Definido,No Definido,Compartir la oportunidad con clientes aliados para que presenten oferta incluyendo nuestros suministros.,https://community.secop.gov.co/Public/Tendering/OpportunityDetail/Index?noticeUID=CO1.NTC.10861580,"ADQUISICIÓN DE EQUIPOS DE CÓMPUTO, SERVIDORES Y UPS, DESTINADOS AL FORTALECIMIENTO DE LA INFRAESTRUCTURA TECNOLÓGICA PARA GARANTIZAR EL CORRECTO FUNCIONAMIENTO DE LA SEDE ADMINISTRATIVA DE LA EMPRESA SOCIAL DEL ESTADO SUROCCIDENTE E.S.E."
CO1.REQ.10356550,058-26,83,Licitación Abierta (En Ofertas),Oportunidad de Alianza / Cotización,"Construcción & Obra Civil General, Agua Potable & Saneamiento",acueducto,"$699,789,197 COP",SOCIEDAD DE ACUEDUCTOS Y ALCANTARILLADOS DEL VALLE DEL CAUCA S.A. - E.S.P.,Valle del Cauca,No Definido,Contratación régimen especial,FUNDACION SAAMBIENTAL,900502526,Compartir la oportunidad con clientes aliados para que presenten oferta incluyendo nuestros suministros.,https://community.secop.gov.co/Public/Tendering/OpportunityDetail/Index?noticeUID=CO1.NTC.10213402,"REPOSICIÓN REDES DE ACUEDUCTO EN EL MUNICIPIO DE CANDELARIA, VALLE DEL CAUCA"
CO1.REQ.11100021,CM-AIM-CI-005-2026 (Presentación de oferta),83,Licitación Abierta (En Ofertas),Oportunidad de Alianza / Cotización,Interventoría & Consultoría,estudios y diseños,"$666,160,000 COP",AGENCIA PARA LA INFRAESTRUCTURA DEL META,Meta,Villavicencio,Concurso de méritos abierto,No Definido,No Definido,Compartir la oportunidad con clientes aliados para que presenten oferta incluyendo nuestros suministros.,https://community.secop.gov.co/Public/Tendering/OpportunityDetail/Index?noticeUID=CO1.NTC.10956116,ESTUDIOS Y DISEÑOS PARA LA CONSTRUCCIÓN DEL COMANDO Y/O CENTRO OPERATIVO DE ESPECIALIDADES DE LA POLICIA EN EL MUNICIPIO DE GRANADA DEPARTAMENTO DEL META
CO1.REQ.11005194,20260107,83,Licitación Abierta (En Ofertas),Oportunidad de Alianza / Cotización,"Construcción & Obra Civil General, Agua Potable & Saneamiento","aguas residuales, tratamiento de aguas, planta de tratamiento, alcantarillado","$642,953,861 COP",AGUAS DE MANIZALES,Caldas,Manizales,Contratación régimen especial,No Definido,No Definido,Compartir la oportunidad con clientes aliados para que presenten oferta incluyendo nuestros suministros.,https://community.secop.gov.co/Public/Tendering/OpportunityDetail/Index?noticeUID=CO1.NTC.10859611,VARIACIÓN RED DE ALCANTARILLADO Y OPTIMIZACIÓN PLANTA DE TRATAMIENTO DE AGUAS RESIDUALES DE LA VEREDA LA PALMA SECTOR GETSEMANÍ EN EL MARCO DEL CONTRATO INTERADMINISTRATIVO NO. 2509241073 SUSCRITO ENTRE AGUAS DE MANIZALES S.A. E.S.P.- BIC Y EL MUNICI
CO1.REQ.11076968,MADR-CM-003-2026,83,Licitación Abierta (En Ofertas),Oportunidad de Alianza / Cotización,Interventoría & Consultoría,"estudios y diseños, interventoria integral","$641,850,614 COP",MINISTERIO DE AGRICULTURA Y DESARROLLO RURAL,Distrito Capital de Bogotá,Bogotá,Concurso de méritos abierto,No Definido,No Definido,Compartir la oportunidad con clientes aliados para que presenten oferta incluyendo nuestros suministros.,https://community.secop.gov.co/Public/Tendering/OpportunityDetail/Index?noticeUID=CO1.NTC.10934811,"SA_075, REALIZAR LA INTERVENTORIA INTEGRAL TÉCNICA, ADMINISTRATIVA, JURIDICA, CONTABLE Y FINANCIERA A LOS ESTUDIOS Y DISEÑOS ORIENTADOS A LA RESTAURACIÓN INTEGRAL Y EL REFORZAMIENTO ESTRUCTURAL DEL BIEN DE INTERÉS CULTURAL DEL ÁMBITO NACIONAL DENOMIN"
CO1.REQ.11030572,SAMC_CABP_0024_CONSTRUCCION_PTAP_2026,83,Licitación Abierta (En Ofertas),Oportunidad de Alianza / Cotización,"Construcción & Obra Civil General, Agua Potable & Saneamiento","agua potable, acueducto, planta de tratamiento","$640,488,370 COP",SERVICIO NACIONAL DE APRENDIZAJE SENA REGIONAL CORDOBA,Córdoba,No Definido,Selección Abreviada de Menor Cuantía,No Definido,No Definido,Compartir la oportunidad con clientes aliados para que presenten oferta incluyendo nuestros suministros.,https://community.secop.gov.co/Public/Tendering/OpportunityDetail/Index?noticeUID=CO1.NTC.10884727,CONTRATAR LA CONSTRUCCIÓN FASE 1 DE LA PLANTA DE TRATAMIENTO DE AGUA POTABLE COMPACTA DEL SISTEMA DE ACUEDUCTO DEL CENTRO AGROPECUARIO Y DE BIOTECNOLOGÍA EL PORVENIR
CO1.REQ.10527755,IPLC-02-2026,83,Licitación Abierta (En Ofertas),Oportunidad de Alianza / Cotización,"Construcción & Obra Civil General, Agua Potable & Saneamiento","agua potable, ptap, planta de tratamiento, obras complementarias","$626,780,000 COP","EMPRESA DE ACUEDUCTO, ALCANTARILLADO Y ASEO DE EL ROSAL S.A E.S.P",Cundinamarca,El Rosal,Contratación régimen especial,No Definido,No Definido,Compartir la oportunidad con clientes aliados para que presenten oferta incluyendo nuestros suministros.,https://community.secop.gov.co/Public/Tendering/OpportunityDetail/Index?noticeUID=CO1.NTC.10383927,"SUMINISTRO, INSTALACION Y OBRAS COMPLEMENTARIAS PARA EL MONTAJE Y PUESTA EN MARCHA DE TANQUES DE ALMACENAMIENTO DE AGUA POTABLE Y PLANTA DE TRATAMIENTO DE AGUA POTABLE - PTAP, PARA EL SECTOR CARTAGENA Y SECTOR LOS LAGOS DE EL MUNICIPIO DE EL ROSAL, C"
CO1.REQ.11060037,CVP-590-2026,83,Licitación Abierta (En Ofertas),Oportunidad de Alianza / Cotización,Construcción & Obra Civil General,infraestructura física,"$603,678,418 COP",E.S.E. HOSPITAL OSCAR EMIRO VERGARA CRUZ,No Definido,No Definido,Contratación régimen especial (con ofertas),No Definido,No Definido,Compartir la oportunidad con clientes aliados para que presenten oferta incluyendo nuestros suministros.,https://community.secop.gov.co/Public/Tendering/OpportunityDetail/Index?noticeUID=CO1.NTC.10916314,ADECUACIÓN DE OBRAS MENORES PARA LA INFRAESTRUCTURA FÍSICA DEL PUESTO DE SALUD EL TOMATE DE LA E.S.E. HOSPITAL OSCAR EMIRO VERGARA CRUZ DEL MUNICIPIO DE SAN PEDRO DE URABÁ - ANTIOQUIA.
CO1.REQ.11087624,CONVOCATORIA 023-2026,83,Licitación Abierta (En Ofertas),Oportunidad de Alianza / Cotización,Salud: Insumos & Equipos Médicos,"material médico quirúrgico, médico quirúrgico, dispositivos médicos","$600,000,000 COP",EMPRESA SOCIAL DEL ESTADO HOSPITAL SAN RAFAEL DE FACATATIVA,Cundinamarca,Facatativá,Contratación régimen especial (con ofertas),No Definido,No Definido,Compartir la oportunidad con clientes aliados para que presenten oferta incluyendo nuestros suministros.,https://community.secop.gov.co/Public/Tendering/OpportunityDetail/Index?noticeUID=CO1.NTC.10943343,SUMINISTRO Y DISTRIBUCIÓN DE DISPOSITIVOS MÉDICOS (MATERIAL MÉDICO QUIRÚRGICO ESPECIALIZADO) PARA EL CUIDADO DE HERIDAS Y TERAPIA VAC POR PRESIÓN NEGATIVA PARA LA ESE HOSPITAL SAN RAFAEL DE FACATATIVA
CO1.REQ.10858857,SAMC-159-CENACAVIACION-2026 (Manifestación de interés (Menor Cuantía)) (Presentación de oferta),83,Adjudicado (Contratista Seleccionado),Lead B2B de Venta Directa,"Dotación, Uniformes & Mobiliario","muebles, mobiliario","$598,285,885 COP",CENAC AVIACION,Distrito Capital de Bogotá,No Definido,Selección Abreviada de Menor Cuantía,OFIEXPORT SAS,802023673,Contactar al contratista ganador/consorcio para ofrecer suministro y cotización inmediata.,https://community.secop.gov.co/Public/Tendering/OpportunityDetail/Index?noticeUID=CO1.NTC.10713840,"ADQUISICIÓN DE MOBILIARIO, ENSERES Y MUEBLES TIPO OFICINA PARA LA DIVISIÓN DE AVIACIÓN ASALTO AÉREO Y SUS UNIDADES"
CO1.REQ.10706733,SME-OBR-04-26,83,Licitación Abierta (En Ofertas),Oportunidad de Alianza / Cotización,"Construcción & Obra Civil General, Energía Solar & Alumbrado Público",sistemas fotovoltaicos,"$590,783,561 COP",FONDO DE DESARROLLO COLOMBIANO1,Santander,Bucaramanga,Contratación régimen especial,No Definido,No Definido,Compartir la oportunidad con clientes aliados para que presenten oferta incluyendo nuestros suministros.,https://community.secop.gov.co/Public/Tendering/OpportunityDetail/Index?noticeUID=CO1.NTC.10598201,APOYO A LAS ACTIVIDADES DEL PLAN DE VIDA DE LA COMUNIDAD INDIGENA UWA MEDIANTE LA CONSTRUCCION E INSTALACIONES DE SISTEMAS SOLARES FOTOVOLTAICOS INDIVIDUALES Y AUTONOMOS EN VIVIENDAS TRADICIONALES Y ANCESTRALES UWA DEL MUNICIPIO DE CERRITO DEPARTAMEN
CO1.REQ.11084515,CM-002-2026 (Presentación de oferta),83,Licitación Abierta (En Ofertas),Oportunidad de Alianza / Cotización,Interventoría & Consultoría,interventoría técnica,"$569,350,585 COP",ALCALDIA MUNICIPAL DE GACHETA,Cundinamarca,Gachetá,Concurso de méritos abierto,No Definido,No Definido,Compartir la oportunidad con clientes aliados para que presenten oferta incluyendo nuestros suministros.,https://community.secop.gov.co/Public/Tendering/OpportunityDetail/Index?noticeUID=CO1.NTC.10948110,"INTERVENTORÍA TÉCNICA, ADMINISTRATIVA, FINANCIERA, JURÍDICA, AMBIENTAL Y SOCIAL DEL CONTRATO DE OBRA PUBLICA CUYO OBJETO ES  MEJORAMIENTO DE LAS VÍAS URBANAS COMPRENDIDAS ENTRE CALLE 6ª ENTRE AV. SIMÓN BOLÍVAR Y CRA 3, CALLE 6 ENTRE AV. SIMÓN BOLÍVAR"
CO1.REQ.10494859,CD-001-2026,83,Licitación Abierta (En Ofertas),Oportunidad de Alianza / Cotización,"Construcción & Obra Civil General, Energía Solar & Alumbrado Público","fotovoltaico, sistema fotovoltaico","$569,301,019 COP",CORPORACION MIXTA PARA EL DESARROLLO INTEGRAL LA SOSTENIBILIDAD SOCIAL Y  AMBIENTAL DE LAS REGIONES,Chocó,Quibdó,Contratación régimen especial,No Definido,No Definido,Compartir la oportunidad con clientes aliados para que presenten oferta incluyendo nuestros suministros.,https://community.secop.gov.co/Public/Tendering/OpportunityDetail/Index?noticeUID=CO1.NTC.10350565,"IMPLEMENTACIÓN DE UNA SOLUCIÓN SOSTENIBLE QUE
GARANTICE EL SISTEMA FOTOVOLTAICO DE ILUMINACIÓN
EFICIENTE PARA EL AUMENTO DE LA RESILIENCIA A LA
VARIABILIDAD Y AL CABIO CLIMÁTICO EN EL MUNICIPIO DE
PUERTO RICO META"
CO1.REQ.10934766,CT352645018352,83,Licitación Abierta (En Ofertas),Oportunidad de Alianza / Cotización,Tecnología & Equipos de Cómputo,software,"$561,428,556 COP",BANCO DE LA REPUBLICA,Distrito Capital de Bogotá,Bogotá,Contratación régimen especial,No Definido,No Definido,Compartir la oportunidad con clientes aliados para que presenten oferta incluyendo nuestros suministros.,https://community.secop.gov.co/Public/Tendering/OpportunityDetail/Index?noticeUID=CO1.NTC.10788628,"Suministrarle una solución integral (hardware y software) de Long
Term Archiving de tecnología NAS (Network Attached Storage), incluyendo instalación,
configuración, implementación, migración y capacitación."
CO1.REQ.10509405,20260074,83,Licitación Abierta (En Ofertas),Oportunidad de Alianza / Cotización,"Construcción & Obra Civil General, Agua Potable & Saneamiento","aguas residuales, tratamiento de aguas, planta de tratamiento, alcantarillado","$558,147,821 COP",AGUAS DE MANIZALES,Caldas,Manizales,Contratación régimen especial,No Definido,No Definido,Compartir la oportunidad con clientes aliados para que presenten oferta incluyendo nuestros suministros.,https://community.secop.gov.co/Public/Tendering/OpportunityDetail/Index?noticeUID=CO1.NTC.10364979,"EXTENSIÓN RED DE ALCANTARILLADO Y CONSTRUCCIÓN PLANTA DE TRATAMIENTO DE AGUAS RESIDUALES DOMÉSTICAS DE LA VEREDA ALTO BONITO, CORREGIMIENTO MANANTIAL, ZONA RURAL DEL MUNICIPIO DE MANIZALES EN EL MARCO DEL CONTRATO INTERADMINISTRATIVO NO. 2509241073 S"
CO1.REQ.11059792,917.104.2.481.2026,83,Licitación Abierta (En Ofertas),Oportunidad de Alianza / Cotización,Construcción & Obra Civil General,infraestructura física,"$557,346,148 COP",METRO CALI S.A ACUERDO DE REESTRUCTURACION,Valle del Cauca,Cali,Contratación régimen especial (con ofertas),No Definido,No Definido,Compartir la oportunidad con clientes aliados para que presenten oferta incluyendo nuestros suministros.,https://community.secop.gov.co/Public/Tendering/OpportunityDetail/Index?noticeUID=CO1.NTC.10918676,"REALIZAR LAS OBRAS DE MANTENIMIENTO, ADECUACIÓN, REPARACIÓN Y MEJORAMIENTO DE LA INFRAESTRUCTURA FÍSICA DE LA ESTACIÓN CAÑAVERALEJO DE METRO CALI S.A., INCLUYENDO LA IMPERMEABILIZACIÓN DE CUBIERTAS, LA CONSTRUCCIÓN DE LA UAR Y LAS ACTIVIDADES COMPLEM"
CO1.REQ.10827769,SOLICITUD PRIVADA 056-2026,83,Licitación Abierta (En Ofertas),Oportunidad de Alianza / Cotización,Construcción & Obra Civil General,,"$552,290,697 COP",SIIESS,Nariño,Pasto,Contratación régimen especial,No Definido,No Definido,Compartir la oportunidad con clientes aliados para que presenten oferta incluyendo nuestros suministros.,https://community.secop.gov.co/Public/Tendering/OpportunityDetail/Index?noticeUID=CO1.NTC.10682156,CONSTRUCCION DE CUBIERTA METALICA PARA ESCENARIO DEPORTIVO EN LA VEREDA LA PLANADA MUNICIPIO DE LEIVA DEPARTAMENTO DE NARIÑO
CO1.REQ.11103207,SA-2026-13,83,Licitación Abierta (En Ofertas),Oportunidad de Alianza / Cotización,Construcción & Obra Civil General,malla vial,"$545,457,201 COP",ALCALDIA DE PASTO,Nariño,Pasto,Selección Abreviada de Menor Cuantía,No Definido,No Definido,Compartir la oportunidad con clientes aliados para que presenten oferta incluyendo nuestros suministros.,https://community.secop.gov.co/Public/Tendering/OpportunityDetail/Index?noticeUID=CO1.NTC.10959145,"EL CONTRATISTA SE COMPROMETE PARA CON EL MUNICIPIO DE PASTO - SECRETARÍA DE INFRAESTRUCTURA Y VALORIZACIÓN, A REALIZAR LA OBRA DE MANTENIMIENTO DE LA MALLA VIAL URBANA EN EL MUNICIPIO DE PASTO 2026 - COMUNAS 1 A 7, A PRECIOS UNITARIOS FIJOS"
CO1.REQ.10764681,INT-SMC-003-2025,83,Licitación Abierta (En Ofertas),Oportunidad de Alianza / Cotización,"Energía Solar & Alumbrado Público, Interventoría & Consultoría","fotovoltaica, energía solar, interventoria integral","$525,430,700 COP",EMPRESA NACIONAL ESTATAL DE DESARROLLO TERRITORIAL S.A.S.,Santander,Bucaramanga,Contratación régimen especial,No Definido,No Definido,Compartir la oportunidad con clientes aliados para que presenten oferta incluyendo nuestros suministros.,https://community.secop.gov.co/Public/Tendering/OpportunityDetail/Index?noticeUID=CO1.NTC.10619396,INTERVENTORIA INTEGRAL A CONSTRUCCIÓN DE SISTEMAS INDIVIDUALES DE ENERGÍA SOLAR FOTOVOLTAICA EN ZONA RURAL DISPERSA EN DIFERENTES MUNICIPIOS DEL DEPARTAMENTO DE LA GUAJIRA
CO1.REQ.11062664,CM-08-IN-002-2026,83,Licitación Abierta (En Ofertas),Oportunidad de Alianza / Cotización,Interventoría & Consultoría,interventoría técnica,"$524,541,980 COP",DEPARTAMENTO DEL ARAUCA,Arauca,Arauca,Concurso de méritos abierto,No Definido,No Definido,Compartir la oportunidad con clientes aliados para que presenten oferta incluyendo nuestros suministros.,https://community.secop.gov.co/Public/Tendering/OpportunityDetail/Index?noticeUID=CO1.NTC.10919314,"INTERVENTORÍA TÉCNICA, ADMINISTRATIVA, FINANCIERA Y AMBIENTAL AL MEJORAMIENTO DE LA INFRAESTRUCTURA VIAL EN LA VÍA TAME  PUERTO RONDÓN, DEPARTAMENTO DE ARAUCA"
CO1.REQ.11069097,IDRD-SG-CM-022-2026 (Presentación de oferta),83,Licitación Abierta (En Ofertas),Oportunidad de Alianza / Cotización,Interventoría & Consultoría,interventoría técnica,"$520,000,000 COP",IDRD - ENTIDAD OFICIAL.,Distrito Capital de Bogotá,Bogotá,Concurso de méritos abierto,No Definido,No Definido,Compartir la oportunidad con clientes aliados para que presenten oferta incluyendo nuestros suministros.,https://community.secop.gov.co/Public/Tendering/OpportunityDetail/Index?noticeUID=CO1.NTC.10925885,"REALIZAR LA INTERVENTORÍA TÉCNICA, ADMINISTRATIVA, CONTABLE, FINANCIERA, SOCIAL, AMBIENTAL, SST Y JURÍDICA A LOS ESTUDIOS, DISEÑOS TÉCNICOS Y CONSTRUCCIÓN DEL PARQUE DE PROXIMIDAD SAN CAYETANO DE LA LOCALIDAD DE USME DE LA CIUDAD DE BOGOTÁ D.C."
CO1.REQ.11065063,CVP-591-2026,83,Licitación Abierta (En Ofertas),Oportunidad de Alianza / Cotización,Construcción & Obra Civil General,infraestructura física,"$516,220,777 COP",E.S.E. HOSPITAL OSCAR EMIRO VERGARA CRUZ,No Definido,No Definido,Contratación régimen especial (con ofertas),No Definido,No Definido,Compartir la oportunidad con clientes aliados para que presenten oferta incluyendo nuestros suministros.,https://community.secop.gov.co/Public/Tendering/OpportunityDetail/Index?noticeUID=CO1.NTC.10922767,ADECUACIÓN DE OBRAS MENORES PARA LA INFRAESTRUCTURA FÍSICA DEL PUESTO DE SALUD LA CABAÑA DE LA E.S.E. HOSPITAL OSCAR EMIRO VERGARA CRUZ DEL MUNICIPIO DE SAN PEDRO DE URABÁ ANTIOQUIA.
CO1.REQ.10691182,INT-SMC-018-2026,83,Licitación Abierta (En Ofertas),Oportunidad de Alianza / Cotización,Interventoría & Consultoría,interventoria integral,"$514,187,199 COP",EMPRESA NACIONAL ESTATAL DE DESARROLLO TERRITORIAL S.A.S.,Santander,Bucaramanga,Contratación régimen especial,No Definido,No Definido,Compartir la oportunidad con clientes aliados para que presenten oferta incluyendo nuestros suministros.,https://community.secop.gov.co/Public/Tendering/OpportunityDetail/Index?noticeUID=CO1.NTC.10545895,INTERVENTORIA INTEGRAL AL PROYECTO DENOMINADO IMPLEMENTACIÓN DE SOLUCIONES FOTOVOLTAICAS INDIVIDUALES PARAUSUARIOS RURALES UBICADOS EN EL MUNICIPIO SAN CALIXTO EN EL DEPARTAMENTO DE NORTE DE SANTANDER
CO1.REQ.11081033,LP-003-2026 (Fase de Selección (Presentación de ofertas)),83,Licitación Abierta (En Ofertas),Oportunidad de Alianza / Cotización,Construcción & Obra Civil General,placa huella,"$511,706,471 COP",MUNICIPIO DE DURANIA - NORTE DE SANTANDER,Norte de Santander,Durania,Licitación pública Obra Publica,No Definido,No Definido,Compartir la oportunidad con clientes aliados para que presenten oferta incluyendo nuestros suministros.,https://community.secop.gov.co/Public/Tendering/OpportunityDetail/Index?noticeUID=CO1.NTC.10936709,MEJORAMIENTO DE LA RED VIAL TERCIARIA MEDIANTE LA CONSTRUCCION DE PLACA HUELLA EN EL MUNICIPIO DE DURANIA (NS)
CO1.REQ.10973553,SAMC-007-2026 (Manifestación de interés (Menor Cuantía)) (Presentación de oferta),83,Adjudicado (Contratista Seleccionado),Lead B2B de Venta Directa,Vehículos & Maquinaria,"vehiculos, maquinaria pesada","$511,663,353 COP",MUNICIPIO DE EL GUAMO TOLIMA,Tolima,Guamo,Selección Abreviada de Menor Cuantía,"ASESORIAS, SOLUCIONES Y SUMINISTROS DEL TOLIMA S.A.S",901719688,Contactar al contratista ganador/consorcio para ofrecer suministro y cotización inmediata.,https://community.secop.gov.co/Public/Tendering/OpportunityDetail/Index?noticeUID=CO1.NTC.10827310,"CONTRATAR EL SUMINISTRO DE REPUESTOS, LUBRICANTES Y ACCESORIOS INCLUIDO EL SERVICIO DE MANTENIMIENTO PREVENTIVO Y CORRECTIVO PARA LA MAQUINARIA PESADA, Y DEMÁS VEHICULOS Y EQUIPOS ADSCRITOS A LA ADMINISTRACIÓN MUNICIPAL DEL GUAMO TOLIMA EN EL MARCO D"
CO1.REQ.11014762,INT-SMC-029- 2026.,83,Licitación Abierta (En Ofertas),Oportunidad de Alianza / Cotización,Energía Solar & Alumbrado Público,"fotovoltaica, energía solar","$510,892,582 COP",FONDESCOL,Santander,Floridablanca,Contratación régimen especial,No Definido,No Definido,Compartir la oportunidad con clientes aliados para que presenten oferta incluyendo nuestros suministros.,https://community.secop.gov.co/Public/Tendering/OpportunityDetail/Index?noticeUID=CO1.NTC.10868870,"INTERVENTORIA TÉCNICA, ADMINISTRATIVA Y FINANCIERA PARA EL PROYECTO DENOMINADO CONSTRUCCIÓN DE SISTEMAS DE ENERGÍA SOLAR FOTOVOLTAICA EN LA ZONA RURAL DE CIÉNAGA, MAGDALENA"
CO1.REQ.11094857,GOB-AMA-SAMC-0011-2026 (Manifestación de interés (Menor Cuantía)),83,Licitación Abierta (En Ofertas),Oportunidad de Alianza / Cotización,Construcción & Obra Civil General,infraestructura educativa,"$510,823,101 COP",GOBERNACION DEL AMAZONAS,Amazonas,Leticia,Selección Abreviada de Menor Cuantía,No Definido,No Definido,Compartir la oportunidad con clientes aliados para que presenten oferta incluyendo nuestros suministros.,https://community.secop.gov.co/Public/Tendering/OpportunityDetail/Index?noticeUID=CO1.NTC.10955072,"ADECUACIÓN DE LA INFRAESTRUCTURA EDUCATIVA EN LAS SEDES ROMUALDO DE PALMA, MARCELIANO EDUARDO CANYES, SANTACANA Y RAFAEL GARCÍA HERREROS DEL MUNICIPIO DE LETICIA, DEPARTAMENTO DE AMAZONAS"
CO1.REQ.11091483,LP-SVCH-SPI-418-2026,83,Licitación Abierta (En Ofertas),Oportunidad de Alianza / Cotización,"Construcción & Obra Civil General, Agua Potable & Saneamiento","alcantarillado, obras complementarias","$509,729,225 COP",MUNICIPIO DE SAN VICENTE DE CHUCURI,Santander,San Vicente De Chucurí,Licitación pública Obra Publica,No Definido,No Definido,Compartir la oportunidad con clientes aliados para que presenten oferta incluyendo nuestros suministros.,https://community.secop.gov.co/Public/Tendering/OpportunityDetail/Index?noticeUID=CO1.NTC.10947819,"CONTRATO DE OBRA PUBLICA PARA LA OPTIMIZACION DEL SISTEMA DE ALCANTARILLADO Y OBRAS COMPLEMENTARIAS DE LA CARRERA 10 ENTRE CALLES 6 Y 7 DEL MUNICIPIO DE SAN VICENTE DE CHUCURI, SANTANDER"
CO1.REQ.11095907,MI-SP-LP-OP-001-2026,83,Licitación Abierta (En Ofertas),Oportunidad de Alianza / Cotización,Construcción & Obra Civil General,escenarios deportivos,"$509,030,013 COP",ALCALDÍA MUNICIPIO DE ISNOS,Huila,Isnos,Licitación pública Obra Publica,No Definido,No Definido,Compartir la oportunidad con clientes aliados para que presenten oferta incluyendo nuestros suministros.,https://community.secop.gov.co/Public/Tendering/OpportunityDetail/Index?noticeUID=CO1.NTC.10951266,MEJORAMIENTO DE ESCENARIOS DEPORTIVOS A TRAVÉS DE LA CONSTRUCCION DE GRADERIAS Y BAÑOS EN EL MUNICIPIO DE ISNOS- HUILA.
CO1.REQ.11089507,SA-SV-03389-2026,83,Licitación Abierta (En Ofertas),Oportunidad de Alianza / Cotización,Construcción & Obra Civil General,"vía terciaria, mejoramiento de la vía","$505,711,147 COP",Gobernación Norte de Santander*,Norte de Santander,Cúcuta,Selección Abreviada de Menor Cuantía,No Definido,No Definido,Compartir la oportunidad con clientes aliados para que presenten oferta incluyendo nuestros suministros.,https://community.secop.gov.co/Public/Tendering/OpportunityDetail/Index?noticeUID=CO1.NTC.10945165,"MEJORAMIENTO DE LA VÍA TERCIARIA, MEDIANTE CONSTRUCCIÓN DE BATEAS EN LAS VEREDAS CUPERENA Y LA CACAHUALA MUNICIPIO DE SANTIAGO NORTE DE SANTANDER"
CO1.REQ.10494373,134-2026.,83,Licitación Abierta (En Ofertas),Oportunidad de Alianza / Cotización,Agua Potable & Saneamiento,"ptap, alcantarillado, acueducto","$500,000,000 COP",EMPRESA DE ACUEDUCTO Y ALCANTARILLADO DE VILLAVICENCIO E.S.P. 1,Meta,Villavicencio,Contratación régimen especial,No Definido,No Definido,Compartir la oportunidad con clientes aliados para que presenten oferta incluyendo nuestros suministros.,https://community.secop.gov.co/Public/Tendering/OpportunityDetail/Index?noticeUID=CO1.NTC.10350710,No definido
CO1.REQ.10592955,DPC-008-2026,83,Licitación Abierta (En Ofertas),Oportunidad de Alianza / Cotización,Tecnología & Equipos de Cómputo,"software, equipos de computo","$500,000,000 COP",SOCIEDAD DE ACUEDUCTOS Y ALCANTARILLADOS DEL VALLE DEL CAUCA S.A. - E.S.P.,Valle del Cauca,No Definido,Contratación régimen especial,No Definido,No Definido,Compartir la oportunidad con clientes aliados para que presenten oferta incluyendo nuestros suministros.,https://community.secop.gov.co/Public/Tendering/OpportunityDetail/Index?noticeUID=CO1.NTC.10447553,"ADQUISICION DE EQUIPOS DE COMPUTO (INCLUYE HARDWARE, SOFTWARE Y SERVICIOS TECNOLOGICOS"
CO1.REQ.11089046,INDERCAS-LP-001-2026 (Fase de Selección (Presentación de ofertas)),83,Licitación Abierta (En Ofertas),Oportunidad de Alianza / Cotización,Construcción & Obra Civil General,escenarios deportivos,"$500,000,000 COP",INDERCAS**,Casanare,Yopal,Licitación pública Obra Publica,No Definido,No Definido,Compartir la oportunidad con clientes aliados para que presenten oferta incluyendo nuestros suministros.,https://community.secop.gov.co/Public/Tendering/OpportunityDetail/Index?noticeUID=CO1.NTC.10948042,"CONTRATAR BAJO EL SISTEMA DE PRECIOS UNITARIOS Y MONTO AGOTABLE LOS SERVICIOS DE MANTENIMIENTO PREVENTIVO, ADECUACIÓN, MEJORAMIENTO Y REPARACIÓN DE LOS ESCENARIOS DEPORTIVOS Y RECREATIVOS, EN EL MARCO DE LA ESTRATEGIA DE LA RUTA DE LA RENOVACIÓN EN E"
CO1.REQ.11078168,LP0-03-2026 (Fase de Selección (Presentación de ofertas)),83,Licitación Abierta (En Ofertas),Oportunidad de Alianza / Cotización,Construcción & Obra Civil General,obra civil,"$497,614,144 COP",ALCALDIA DE HONDA,Tolima,Honda,Licitación pública Obra Publica,No Definido,No Definido,Compartir la oportunidad con clientes aliados para que presenten oferta incluyendo nuestros suministros.,https://community.secop.gov.co/Public/Tendering/OpportunityDetail/Index?noticeUID=CO1.NTC.10933955,"OBRA CIVIL PARA EL PARCHEO, DE VÍAS EN DIFERENTES SITIOS DE LA CIUDAD DE HONDA TOLIMA 2026 FASE 4"
CO1.REQ.11092979,MM-SAMC-SINF-021-2026,83,Licitación Abierta (En Ofertas),Oportunidad de Alianza / Cotización,Construcción & Obra Civil General,vías terciarias,"$489,890,294 COP",MUNICIPIO DE MONTERREY,Casanare,Monterrey,Selección Abreviada de Menor Cuantía,No Definido,No Definido,Compartir la oportunidad con clientes aliados para que presenten oferta incluyendo nuestros suministros.,https://community.secop.gov.co/Public/Tendering/OpportunityDetail/Index?noticeUID=CO1.NTC.10948523,"REALIZAR EL MANTENIMIENTO Y MEJORAMIENTO DE LAS VÍAS TERCIARIAS  DEL MUNICIPIO DE MONTERREY, DEPARTAMENTO DE CASANARE."
CO1.REQ.11013436,003-S.A.M.C-2026,83,Licitación Abierta (En Ofertas),Oportunidad de Alianza / Cotización,"Construcción & Obra Civil General, Acero & Metalmecánica","estructuras metálicas, infraestructura física, obras complementarias","$489,829,980 COP",UAE SETP AVANTE PASTO,Nariño,Pasto,Selección Abreviada de Menor Cuantía,No Definido,No Definido,Compartir la oportunidad con clientes aliados para que presenten oferta incluyendo nuestros suministros.,https://community.secop.gov.co/Public/Tendering/OpportunityDetail/Index?noticeUID=CO1.NTC.10961133,"EJECUCIÓN DE LAS OBRAS COMPLEMENTARIAS DE MANTENIMIENTO EN LOS PATIOS DE MIJITAYO, BRICEÑO, TALLER ARANDA Y TALLER CHAPAL, CONSISTENTES EN LA ADECUACIÓN, REPARACIÓN, REPOSICIÓN Y MEJORAMIENTO DE ELEMENTOS DE INFRAESTRUCTURA FÍSICA, INCLUYENDO CUBIERT"
CO1.REQ.10647708,CONTRATO DE OBRA No. EDURMB-C-003-COP,83,Licitación Abierta (En Ofertas),Oportunidad de Alianza / Cotización,Energía Solar & Alumbrado Público,"energía solar, paneles solares","$486,846,415 COP",EMPRESA DE DESARROLLO URBANO Y RURAL DEL MUNICIPIO DE BOJAYA,Chocó,Bojaya,Contratación régimen especial,No Definido,No Definido,Compartir la oportunidad con clientes aliados para que presenten oferta incluyendo nuestros suministros.,https://community.secop.gov.co/Public/Tendering/OpportunityDetail/Index?noticeUID=CO1.NTC.10503243,"SUMINISTRO, TRANSPORTE E INSTALACIÓN DE PANELES SOLARES, CON EL FIN DE GARANTIZAR EL ACCESO A ENERGÍA SOLAR LIMPIA Y SOSTENIBLE EN LA I.E. VIGÍA DEL FUERTE, SEDE LICEO VIGÍA DEL FUERTE; I.E.R.U. EMBERA ATRATO MEDIO, SEDE I.E.R. INDIGENISTA EMBERA ATR"
CO1.REQ.11088646,SAMC-011-2026,83,Licitación Abierta (En Ofertas),Oportunidad de Alianza / Cotización,"Construcción & Obra Civil General, Energía Solar & Alumbrado Público","alumbrado público, energía solar","$479,976,073 COP",MUNICIPIO DE MARIPI,Boyacá,Maripí,Selección Abreviada de Menor Cuantía,No Definido,No Definido,Compartir la oportunidad con clientes aliados para que presenten oferta incluyendo nuestros suministros.,https://community.secop.gov.co/Public/Tendering/OpportunityDetail/Index?noticeUID=CO1.NTC.10944501,"AMPLIACIÓN Y FORTALECIMIENTO DEL SISTEMA DE ALUMBRADO PÚBLICO DEL MUNICIPIO DE MARIPÍ - BOYACÁ, MEDIANTE LA IMPLEMENTACIÓN Y OPTIMIZACIÓN DE INFRAESTRUCTURA DE ILUMINACIÓN CON SISTEMAS DE ALIMENTACIÓN HÍBRIDA, INTEGRANDO ENERGÍA ELÉCTRICA DE RED Y EN"
CO1.REQ.11060685,Invitación Privada N 016-2026,83,Licitación Abierta (En Ofertas),Oportunidad de Alianza / Cotización,"Agua Potable & Saneamiento, Interventoría & Consultoría","estudios y diseños, aguas residuales, tratamiento de aguas, alcantarillado","$479,000,000 COP",Empresa de Desarrollo Urbano Rural Integral,Antioquia,Sonson,Contratación régimen especial,No Definido,No Definido,Compartir la oportunidad con clientes aliados para que presenten oferta incluyendo nuestros suministros.,https://community.secop.gov.co/Public/Tendering/OpportunityDetail/Index?noticeUID=CO1.NTC.10916598,"CONSULTORÍA PARA LA ELABORACIÓN DE ESTUDIOS Y DISEÑOS DE SISTEMAS DE ALCANTARILLADO SANITARIO Y TRATAMIENTO DE AGUAS RESIDUALES EN LA VEREDA PIEDRAS BLANCAS Y EL CORREGIMIENTO DE SAN MIGUEL, JURISDICCIÓN DEL MUNICIPIO DE SONSÓN, ANTIOQUIA"
CO1.REQ.11077428,CM-05-2026,83,Licitación Abierta (En Ofertas),Oportunidad de Alianza / Cotización,Interventoría & Consultoría,interventoria tecnica,"$461,160,443 COP",MUNICIPIO DE CHOCONTÁ,Cundinamarca,Chocontá,Concurso de méritos abierto,No Definido,No Definido,Compartir la oportunidad con clientes aliados para que presenten oferta incluyendo nuestros suministros.,https://community.secop.gov.co/Public/Tendering/OpportunityDetail/Index?noticeUID=CO1.NTC.10933999,"INTERVENTORIA TECNICA, ADMINISTRATIVA, FINANCIERA, SST Y AMBIENTAL PARA EL CONTRATO DE OBRA CUYO OBJETO ES EL  MEJORAMIENTO DE LA SEDE PRINCIPAL DE LA INSTITUCIÓN EDUCATIVA DEPARTAMENTAL RUFINO CUERVO MEDIANTE LA CONSTRUCCIÓN DE LABORATORIOS ESPECIAL"
CO1.REQ.11082560,CMA-BYC-CGAFE-001-2026 (Presentación de oferta),83,Licitación Abierta (En Ofertas),Oportunidad de Alianza / Cotización,Interventoría & Consultoría,interventoría técnica,"$457,965,206 COP",SENA REGIONAL BOYACA Grupo Administrativo CGAFE,Boyacá,Tunja,Concurso de méritos abierto,No Definido,No Definido,Compartir la oportunidad con clientes aliados para que presenten oferta incluyendo nuestros suministros.,https://community.secop.gov.co/Public/Tendering/OpportunityDetail/Index?noticeUID=CO1.NTC.10948647,"INTERVENTORÍA TÉCNICA, ADMINISTRATIVA FINANCIERA, JURÍDICA, AMBIENTAL, Y SOCIAL AL CONTRATO QUE RESULTE DEL PROCESO DE LICITACIÓN cuyo objeto es: CONSTRUCCIÓN ETAPA 1 DEL CENTRO ESPECIALIZADO EN HOTELERIA, TURISMO Y GASTRONOMIA DEL SENA EN EL MUNICIP"
CO1.REQ.10833295,SI-CMA-010-2026,83,Licitación Abierta (En Ofertas),Oportunidad de Alianza / Cotización,Interventoría & Consultoría,interventoría técnica,"$453,047,084 COP",DEPARTAMENTO DE CORDOBA,Córdoba,Montería,Concurso de méritos abierto,No Definido,No Definido,Compartir la oportunidad con clientes aliados para que presenten oferta incluyendo nuestros suministros.,https://community.secop.gov.co/Public/Tendering/OpportunityDetail/Index?noticeUID=CO1.NTC.10941820,"INTERVENTORÍA TÉCNICA, ADMINISTRATIVA, FINANCIERA, CONTABLE Y JURÍDICA AL PROYECTO CUYO OBJETO ES: CONSTRUCCIÓN DE OBRAS PARA LA PROTECCIÓN Y MITIGACIÓN DE LOS EFECTOS GENERADOS POR EL FENÓMENO DE EROSIÓN COSTERA EN EL SECTOR SANTANDER DE LA CRUZ MOÑ"
CO1.REQ.10423860,044 DE 2026,83,Licitación Abierta (En Ofertas),Oportunidad de Alianza / Cotización,Agua Potable & Saneamiento,"agua potable, planta de tratamiento","$450,000,000 COP",EMPRESA DE SERVICIOS PUBLICOS DOMICILIARIOS DE PITALITO EMPITALITO E.S.P,Huila,Pitalito,Contratación régimen especial,No Definido,No Definido,Compartir la oportunidad con clientes aliados para que presenten oferta incluyendo nuestros suministros.,https://community.secop.gov.co/Public/Tendering/OpportunityDetail/Index?noticeUID=CO1.NTC.10590866,"SUMINISTRO DE HIDROXICLORURO DE ALUMINIO, QUÍMICO REQUERIDO COMO COAGULANTE PARA EL PROCESO DE TRATAMIENTO DEL AGUA EN LA PLANTA DE TRATAMIENTO DE AGUA POTABLE GUATIPAN DEL MUNICIPIO DE PITALITO"
CO1.REQ.11104330,MS-SAMC-015-2026 (Manifestación de interés (Menor Cuantía)) (Presentación de oferta),83,Licitación Abierta (En Ofertas),Oportunidad de Alianza / Cotización,Construcción & Obra Civil General,"malla vial, placa huella","$449,800,337 COP",MUNICIPIO DE SACHICA,Boyacá,Sáchica,Selección Abreviada de Menor Cuantía,No Definido,No Definido,Compartir la oportunidad con clientes aliados para que presenten oferta incluyendo nuestros suministros.,https://community.secop.gov.co/Public/Tendering/OpportunityDetail/Index?noticeUID=CO1.NTC.10959611,"MEJORAMIENTO DE LA MALLA VIAL MEDIANTE LA CONSTRUCCIÓN DE PLACA HUELLA EN LA VEREDA EL ESPINAL CORRESPONDIENTE AL MUNICIPIO DE SÁCHICA, DEPARTAMENTO DE BOYACÁ"
CO1.REQ.11042183,PN MEMOT SA SI 040 2026,83,Licitación Abierta (En Ofertas),Oportunidad de Alianza / Cotización,Tecnología & Equipos de Cómputo,"licenciamiento, equipos de cómputo","$441,443,331 COP",POLICIA METROPOLITANA DE MONTERIA,Córdoba,Montería,Selección abreviada subasta inversa,No Definido,No Definido,Compartir la oportunidad con clientes aliados para que presenten oferta incluyendo nuestros suministros.,https://community.secop.gov.co/Public/Tendering/OpportunityDetail/Index?noticeUID=CO1.NTC.10900567,ADQUISICIÓN EQUIPOS DE CÓMPUTO DE ESCRITORIO CON SU LICENCIAMIENTO DE OFIMÁTICA PARA EL DEPARTAMENTO DE POLICÍA CÓRDOBA
CO1.REQ.11021008,057 DE 2026,83,Licitación Abierta (En Ofertas),Oportunidad de Alianza / Cotización,"Agua Potable & Saneamiento, Interventoría & Consultoría","interventoría técnica, acueducto, alcantarillado","$432,599,229 COP",EMPRESA DE SERVICIOS PUBLICOS DOMICILIARIOS DE PITALITO EMPITALITO E.S.P,Huila,Pitalito,Contratación régimen especial,No Definido,No Definido,Compartir la oportunidad con clientes aliados para que presenten oferta incluyendo nuestros suministros.,https://community.secop.gov.co/Public/Tendering/OpportunityDetail/Index?noticeUID=CO1.NTC.10875342,"INTERVENTORÍA TÉCNICA, ADMINISTRATIVA, FINANCIERA, CONTABLE, AMBIENTAL Y JURÍDICA DEL CONTRATO DE OBRA QUE TIENE POR OBJETO CONSTRUCCIÓN, OPTIMIZACIÓN Y REPOSICIÓN DE REDES DE ACUEDUCTO, ALCANTARILLADO Y OBRAS CONEXAS EN LA TRANSVERSAL 3RA SUR DEL MU"
CO1.REQ.10697601,REG 2026-037,83,Licitación Abierta (En Ofertas),Oportunidad de Alianza / Cotización,"Construcción & Obra Civil General, Agua Potable & Saneamiento","malla vial, alcantarillado, pavimento rígido","$420,753,169 COP",SERVICIOS INTEGRALES DEL ESTADO COLOMBIANO SIEC SAS SOCIEDAD DE ECONOMIA MIXTA1,Distrito Capital de Bogotá,Bogotá,Contratación régimen especial,No Definido,No Definido,Compartir la oportunidad con clientes aliados para que presenten oferta incluyendo nuestros suministros.,https://community.secop.gov.co/Public/Tendering/OpportunityDetail/Index?noticeUID=CO1.NTC.10551678,"INTERVENTORIA - MEJORAMIENTO EN PAVIMENTO RÍGIDO Y REPOSICIÓN DE REDES DE ALCANTARILLADO SANITARIO EN LA MALLA VIAL DEL MUNICIPIO DE CIÉNAGA, MAGDALENA"
CO1.REQ.11096629,SVCMIN0009-26 (Presentación de oferta),83,Licitación Abierta (En Ofertas),Oportunidad de Alianza / Cotización,Interventoría & Consultoría,interventoria tecnica,"$418,798,660 COP",GOBERNACION DEL HUILA*,Huila,No Definido,Concurso de méritos abierto,No Definido,No Definido,Compartir la oportunidad con clientes aliados para que presenten oferta incluyendo nuestros suministros.,https://community.secop.gov.co/Public/Tendering/OpportunityDetail/Index?noticeUID=CO1.NTC.10953073,"INTERVENTORIA TECNICA, ADMINISTRATIVA, FINANCIERA, LEGAL Y AMBIENTAL AL
CONTRATO CUYO OBJETO ES  MEJORAMIENTO EN PAVIMENTO RÍGIDO DE LA VÍA CRUCE
VIA 4505 (LA CABAÑITA) - LAS MERCEDES - LOS MEDIOS - CASCO URBANO RIVERA, EN EL
SECTOR LA CABAÑITA, CÓDI"
CO1.REQ.11079196,UBPD-SASI-027-2026 (Presentación de oferta),83,Licitación Abierta (En Ofertas),Oportunidad de Alianza / Cotización,Tecnología & Equipos de Cómputo,"software, infraestructura tecnológica, equipos de cómputo","$416,420,227 COP",Unidad de Busqueda de Personas Desaparecidas,Distrito Capital de Bogotá,Bogotá,Selección abreviada subasta inversa,No Definido,No Definido,Compartir la oportunidad con clientes aliados para que presenten oferta incluyendo nuestros suministros.,https://community.secop.gov.co/Public/Tendering/OpportunityDetail/Index?noticeUID=CO1.NTC.10939637,"Adquirir equipos de digitalización documental tipo escáner, software especializado y equipos de cómputo portátiles de alto rendimiento requerido para la captura, edición, procesamiento y gestión de documentos digitales, compatible con la infraestruct"
CO1.REQ.11104692,SI-SI-CMA-009-2026 (Presentación de oferta),83,Licitación Abierta (En Ofertas),Oportunidad de Alianza / Cotización,Interventoría & Consultoría,interventoria integral,"$412,358,534 COP",MUNICIPIO DE BUCARAMANGA,Santander,Bucaramanga,Concurso de méritos abierto,No Definido,No Definido,Compartir la oportunidad con clientes aliados para que presenten oferta incluyendo nuestros suministros.,https://community.secop.gov.co/Public/Tendering/OpportunityDetail/Index?noticeUID=CO1.NTC.10960738,INTERVENTORIA INTEGRAL PARA LA ADECUACIÓN DEL CENTRO DE TRASLADO POR PROTECCIÓN (CTP) PARA EL FORTALECIMIENTO DE LA CONVIVENCIA Y SEGURIDAD CIUDADANA DEL MUNICIPIO DE BUCARAMANGA
CO1.REQ.11041974,099-26,83,Licitación Abierta (En Ofertas),Oportunidad de Alianza / Cotización,"Construcción & Obra Civil General, Agua Potable & Saneamiento",alcantarillado,"$407,373,674 COP",SOCIEDAD DE ACUEDUCTOS Y ALCANTARILLADOS DEL VALLE DEL CAUCA S.A. - E.S.P.,Valle del Cauca,No Definido,Contratación régimen especial,CONSORCIO ALCANTARILLADO JJ VALLE,902096815,Compartir la oportunidad con clientes aliados para que presenten oferta incluyendo nuestros suministros.,https://community.secop.gov.co/Public/Tendering/OpportunityDetail/Index?noticeUID=CO1.NTC.10896498,"REPOSICIÓN REDES DE ALCANTARILLADO EN LOS MUNICIPIOS DE LA VICTORIA Y ANDALUCIA, VALLE DEL CAUCA"
CO1.REQ.10630864,CD-O-005-2025,83,Licitación Abierta (En Ofertas),Oportunidad de Alianza / Cotización,"Construcción & Obra Civil General, Agua Potable & Saneamiento",alcantarillado,"$400,367,912 COP",EMPRESA DE DESARROLLO Y RENOVACIÓN URBANO SOSTENIBLE DE MALAMBO,Atlántico,Malambo,Contratación régimen especial,No Definido,No Definido,Compartir la oportunidad con clientes aliados para que presenten oferta incluyendo nuestros suministros.,https://community.secop.gov.co/Public/Tendering/OpportunityDetail/Index?noticeUID=CO1.NTC.10485846,"CONSTRUCCIÓN DEL SISTEMA DE ALCANTARILLADO EN TUBERÍA PVC, EN LOS BARRIOS VILLA CONCORD 2 Y SAN FERNANDO COMPRENDIDO EN LA CARRERA 13 ENTRE CALLES 26 Y 27 Y CALLE 27 ENTRE CARRERAS 13 Y 15 DEL MUNICIPIO DE MALAMBO ATLÁNTICO"
CO1.REQ.11074527,SAMC 009-2026,83,Licitación Abierta (En Ofertas),Oportunidad de Alianza / Cotización,Agua Potable & Saneamiento,"ptar, aguas residuales, tratamiento de aguas, planta de tratamiento","$399,999,263 COP",ALCALDIA MUNICIPAL DE GUASCA,Cundinamarca,Guasca,Selección Abreviada de Menor Cuantía,No Definido,No Definido,Compartir la oportunidad con clientes aliados para que presenten oferta incluyendo nuestros suministros.,https://community.secop.gov.co/Public/Tendering/OpportunityDetail/Index?noticeUID=CO1.NTC.10932066,"OPTIMIZACIÓN DE LA PLANTA DE TRATAMIENTO DE AGUAS RESIDUALES (PTAR) DEL CASCO URBANO DEL MUNICIPIO GUASCA, DEPARTAMENTO DE CUNDINAMARCA FASE I"
CO1.REQ.11084611,MOG-SA-14-2026,83,Licitación Abierta (En Ofertas),Oportunidad de Alianza / Cotización,Construcción & Obra Civil General,mejoramiento de la vía,"$399,923,756 COP",ALCALDIA MUNICIPAL DE MOGOTES,Santander,Mogotes,Selección Abreviada de Menor Cuantía,No Definido,No Definido,Compartir la oportunidad con clientes aliados para que presenten oferta incluyendo nuestros suministros.,https://community.secop.gov.co/Public/Tendering/OpportunityDetail/Index?noticeUID=CO1.NTC.10941009,"MEJORAMIENTO DE LA VÍA RURAL QUE COMUNICA EL CASCO URBANO CON LA VEREDA SANTA LUCIA DEL MUNICIPIO DE MOGOTES, SANTANDER."
CO1.REQ.11050106,CORTOLIMA-LIC-0017-2026,83,Licitación Abierta (En Ofertas),Oportunidad de Alianza / Cotización,Construcción & Obra Civil General,infraestructura fisica,"$398,097,020 COP",CORTOLIMA,Tolima,Ibagué,Licitación pública Obra Publica,No Definido,No Definido,Compartir la oportunidad con clientes aliados para que presenten oferta incluyendo nuestros suministros.,https://community.secop.gov.co/Public/Tendering/OpportunityDetail/Index?noticeUID=CO1.NTC.10908378,"CONSTRUCCIÓN, ADECUACIÓN Y REMODELACIÓN DE LA INFRAESTRUCTURA FISICA DE LAS INSTALACIONES DE LA CORPORACION AUTÓNOMA REGIONAL DEL TOLIMA CORTOLIMA."
CO1.REQ.10974307,FNTC-363-2026,83,Licitación Abierta (En Ofertas),Oportunidad de Alianza / Cotización,Tecnología & Equipos de Cómputo,licenciamiento,"$396,968,784 COP",PATRIMONIO AUTÓNOMO FONDO NACIONAL DEL TURISMO FONTUR,Distrito Capital de Bogotá,Bogotá,Contratación régimen especial,No Definido,No Definido,Compartir la oportunidad con clientes aliados para que presenten oferta incluyendo nuestros suministros.,https://community.secop.gov.co/Public/Tendering/OpportunityDetail/Index?noticeUID=CO1.NTC.10827801,"Prestar servicios para el licenciamiento, actualización y soporte de la plataforma JACTUR sobre JAC CLUSTER del P.A. FONTUR."
CO1.REQ.10635807,OC-067 2026,83,Licitación Abierta (En Ofertas),Oportunidad de Alianza / Cotización,Tecnología & Equipos de Cómputo,software,"$395,738,200 COP",UNIQUINDIO,Quindío,Armenia,Contratación régimen especial,No Definido,No Definido,Compartir la oportunidad con clientes aliados para que presenten oferta incluyendo nuestros suministros.,https://community.secop.gov.co/Public/Tendering/OpportunityDetail/Index?noticeUID=CO1.NTC.10490617,"CONTRATAR LA SUSCRIPCION DEL SERVICIO DE ALOJAMIENTO, OPERACION, SOPORTE Y EVOLUCION DE LA PLATAFORMA MOODLE BAJO LA MODALIDAD SOFTWARE COMO SERVICIO (SaaS), INCLUYENDO INFRAESTRUCTURA CLOUD, SOPORTE TECNICO ESPECIALIZADO, MANTENIMIENTO, SEGURIDAD, R"
CO1.REQ.11096804,SAMC-CSC-004-2026.,83,Licitación Abierta (En Ofertas),Oportunidad de Alianza / Cotización,Construcción & Obra Civil General,infraestructura física,"$390,000,000 COP",CORPORACIÓN SOCIAL DE CUNDINAMARCA,Distrito Capital de Bogotá,Bogotá,Selección Abreviada de Menor Cuantía,No Definido,No Definido,Compartir la oportunidad con clientes aliados para que presenten oferta incluyendo nuestros suministros.,https://community.secop.gov.co/Public/Tendering/OpportunityDetail/Index?noticeUID=CO1.NTC.10963809,"PRESTAR EL SERVICIO DE MANTENIMIENTO PREVENTIVO Y CORRECTIVO, REPARACIONES, MEJORAS Y ADECUACIONES DE LOS INMUEBLES DE LA CORPORACIÓN SOCIAL DE CUNDINAMARCA - CSC, A TODO COSTO, POR EL SISTEMA DE PRECIOS UNITARIOS FIJOS SIN FÓRMULA DE AJUSTE Y A MONT"
CO1.REQ.11044060,CMA-001-2026,83,Licitación Abierta (En Ofertas),Oportunidad de Alianza / Cotización,Interventoría & Consultoría,interventoría integral,"$374,125,998 COP",Comunidad Indigena Tres Marias,Córdoba,Cereté,Concurso de méritos abierto,No Definido,No Definido,Compartir la oportunidad con clientes aliados para que presenten oferta incluyendo nuestros suministros.,https://community.secop.gov.co/Public/Tendering/OpportunityDetail/Index?noticeUID=CO1.NTC.10910401,"Realizar la interventoría integral técnica, administrativa, financiera, contable, jurídica, ambiental, social, predial, laboral y de seguimiento al Sistema General de Regalías sobre el contrato de implementación que resulte de la Licitación Pública N"
CO1.REQ.11035001,S016-2026,83,Licitación Abierta (En Ofertas),Oportunidad de Alianza / Cotización,"Agua Potable & Saneamiento, Energía Solar & Alumbrado Público","fotovoltaico, acueducto","$373,931,871 COP",ANTIOQUIA  EMPRESA DE SERVICIOS RETIRAR S.A E.S.P - EL RETIRO,No Definido,No Definido,Contratación régimen especial,No Definido,No Definido,Compartir la oportunidad con clientes aliados para que presenten oferta incluyendo nuestros suministros.,https://community.secop.gov.co/Public/Tendering/OpportunityDetail/Index?noticeUID=CO1.NTC.10889964,"PRESTACION DE SERVICIOS PARA EL DESARROLLO, SUMINISTRO, INSTALACIÓN, PUESTA EN FUNCIONAMIENTO Y LEGALIZACIÓN DE UN SISTEMA SOLAR FOTOVOLTAICO PARA EL FORTALECIMIENTO DE LA RESILIENCIA ENERGÉTICA Y LA SEGURIDAD HÍDRICA DEL ACUEDUCTO MULTIVEREDAL OPERA"
CO1.REQ.10842815,INT-SMC-020-2026,83,Licitación Abierta (En Ofertas),Oportunidad de Alianza / Cotización,"Agua Potable & Saneamiento, Interventoría & Consultoría","aguas residuales, tratamiento de aguas, interventoria integral","$373,226,156 COP",EMPRESA NACIONAL ESTATAL DE DESARROLLO TERRITORIAL S.A.S.,Santander,Bucaramanga,Contratación régimen especial,No Definido,No Definido,Compartir la oportunidad con clientes aliados para que presenten oferta incluyendo nuestros suministros.,https://community.secop.gov.co/Public/Tendering/OpportunityDetail/Index?noticeUID=CO1.NTC.10696778,"INTERVENTORIA INTEGRAL AL PROYECTO DENOMINADO CONSTRUCCIÓN DE UNIDADES SANITARIAS CON SISTEMA DE TRATAMIENTO DE AGUAS RESIDUALES EN EL SECTOR RURAL DEL MUNICIPIO DE MERCADERES, CAUCA"
CO1.REQ.10757495,SASI-CDB-CCIT-002-2026 (Presentación de oferta),83,Adjudicado (Contratista Seleccionado),Lead B2B de Venta Directa,"Dotación, Uniformes & Mobiliario, Eventos, Logística & Víveres","frutas, hortalizas","$365,690,000 COP",SERVICIO NACIONAL DE APRENDIZAJE SENA REGIONAL CORDOBA,Córdoba,No Definido,Selección abreviada subasta inversa,SERVICIOS Y SUMINISTROS MARY T SAS,900814166,Contactar al contratista ganador/consorcio para ofrecer suministro y cotización inmediata.,https://community.secop.gov.co/Public/Tendering/OpportunityDetail/Index?noticeUID=CO1.NTC.10624452,"SUMINISTRO DE MATERIALES DE FORMACION TECNICA E INSUMOS DESTINADOS A LOS PROGRAMAS DE FORMACION REGULAR (COCINA, PANADERIA Y PASTELERIA, MESA Y BAR INCLUYE LICORES Y FRUTAS), ESTRATEGIA CAMPESENA (PANADERIA, COCINA, PROCESAMIENTO DE FRUTAS Y HORTALIZ"
CO1.REQ.10756366,ID180-2026,83,Licitación Abierta (En Ofertas),Oportunidad de Alianza / Cotización,"Agua Potable & Saneamiento, Interventoría & Consultoría","acueducto, estudios y diseños","$358,748,425 COP",EMPRESA DE DESARROLLO TERRITORIAL DE DON MATIAS,Antioquia,Don Matías,Contratación régimen especial,No Definido,No Definido,Compartir la oportunidad con clientes aliados para que presenten oferta incluyendo nuestros suministros.,https://community.secop.gov.co/Public/Tendering/OpportunityDetail/Index?noticeUID=CO1.NTC.10610565,"ELABORACIÓN DE LOS ESTUDIOS Y DISEÑOS REQUERIDOS PARA LA FORMULACIÓN YESTRUCTURACIÓN DE PROYECTOS DE INVERSIÓN DEL MUNICIPIO DE CIUDAD BOLÍVAR, ANTIOQUIA, QUE COMPRENDEN: (I) LOS ESTUDIOS Y DISEÑOS PARA LA ESTABILIZACIÓN DE APROXIMADAMENTE ONCE (11) "
CO1.REQ.10967403,HUHMP-CTO-234-2026,83,Licitación Abierta (En Ofertas),Oportunidad de Alianza / Cotización,Tecnología & Equipos de Cómputo,licenciamiento,"$357,533,852 COP",E.S.E. HOSPITAL UNIVERSITARIO HERNANDO MONCALEANO PERDOMO DE NEIVA,Huila,Neiva,Contratación régimen especial,No Definido,No Definido,Compartir la oportunidad con clientes aliados para que presenten oferta incluyendo nuestros suministros.,https://community.secop.gov.co/Public/Tendering/OpportunityDetail/Index?noticeUID=CO1.NTC.10821358,ADQUISICIÓN DE ACCESS POINT Y ROUTER CON SU LICENCIAMIENTO PARA LA E.S.E. HOSPITAL UNIVERSITARIO HERNANDO MONCALEANO PERDOMO DE NEIVA
CO1.REQ.10566001,009157C-26,83,Licitación Abierta (En Ofertas),Oportunidad de Alianza / Cotización,Tecnología & Equipos de Cómputo,licenciamiento,"$352,064,832 COP",EMPRESA DE TRANSPORTE MASIVO DEL VALLE DE ABURRA LTDA,Antioquia,Bello,Contratación régimen especial,SUMMAN S.A.S.,No Definido,Compartir la oportunidad con clientes aliados para que presenten oferta incluyendo nuestros suministros.,https://community.secop.gov.co/Public/Tendering/OpportunityDetail/Index?noticeUID=CO1.NTC.10420759,"Renovación de la suscripción anual del licenciamiento Splunk Enterprise de 60 GB de indexación diaria para la plataforma de analítica de recaudo de Metro, con soporte Standard y bolsa de horas de servicios profesionales especializados."
CO1.REQ.10994705,CTO 039 2026,83,Licitación Abierta (En Ofertas),Oportunidad de Alianza / Cotización,Tecnología & Equipos de Cómputo,"software, licenciamiento","$351,842,292 COP",SERVICIO AEREO A TERRITORIOS NACIONALES S.A.,Distrito Capital de Bogotá,Bogotá,Contratación régimen especial,No Definido,No Definido,Compartir la oportunidad con clientes aliados para que presenten oferta incluyendo nuestros suministros.,https://community.secop.gov.co/Public/Tendering/OpportunityDetail/Index?noticeUID=CO1.NTC.10848705,"Contratar la adquisición de suscripciones al licenciamiento de software Microsoft, mediante la categoría Open Value - CSP, con el fin de garantizar la continuidad operativa de las herramientas tecnológicas que soportan los procesos misionales, admini"
CO1.REQ.10676788,REG 2026-039,83,Licitación Abierta (En Ofertas),Oportunidad de Alianza / Cotización,"Construcción & Obra Civil General, Energía Solar & Alumbrado Público","fotovoltaica, energía solar","$350,232,209 COP",SERVICIOS INTEGRALES DEL ESTADO COLOMBIANO SIEC SAS SOCIEDAD DE ECONOMIA MIXTA1,Distrito Capital de Bogotá,Bogotá,Contratación régimen especial,No Definido,No Definido,Compartir la oportunidad con clientes aliados para que presenten oferta incluyendo nuestros suministros.,https://community.secop.gov.co/Public/Tendering/OpportunityDetail/Index?noticeUID=CO1.NTC.10551130,INTERVENTORIA - CONSTRUCCIÓN DE SISTEMAS INDIVIDUALES DE ENERGÍA SOLAR FOTOVOLTAICA EN LA ZONA RURAL DEL MUNICIPIO DE SUCRE EN EL DEPARTAMENTO DE SUCRE
CO1.REQ.11057534,SAMC-SGOB-032-2026,83,Licitación Abierta (En Ofertas),Oportunidad de Alianza / Cotización,Construcción & Obra Civil General,infraestructura física,"$350,000,000 COP",GOBERNACION DE CALDAS,Caldas,No Definido,Selección Abreviada de Menor Cuantía,No Definido,No Definido,Compartir la oportunidad con clientes aliados para que presenten oferta incluyendo nuestros suministros.,https://community.secop.gov.co/Public/Tendering/OpportunityDetail/Index?noticeUID=CO1.NTC.10916743,"Realizar reparaciones locativas y de mantenimiento correctivo y/o preventivo en infraestructura física destinada al funcionamiento de organismos de seguridad en el departamento de Caldas, con el propósito de garantizar su adecuado funcionamiento, con"
CO1.REQ.10956094,26001309 H1  DE  2026 (Presentación de oferta),83,Licitación Abierta (En Ofertas),Oportunidad de Alianza / Cotización,"Dotación, Uniformes & Mobiliario",elementos de protección personal,"$348,316,219 COP",AEROCIVIL,Distrito Capital de Bogotá,No Definido,Selección abreviada subasta inversa,No Definido,No Definido,Compartir la oportunidad con clientes aliados para que presenten oferta incluyendo nuestros suministros.,https://community.secop.gov.co/Public/Tendering/OpportunityDetail/Index?noticeUID=CO1.NTC.10948654,63100C1232 ADQUIRIR ELEMENTOS DE PROTECCIÓN PERSONAL PARA LOS SERVIDORES PÚBLICOS Y COLABORADORES DE AERONÁUTICA CIVIL REGIONAL CENTRO SUR
CO1.REQ.10877156,OCO-260079,83,Licitación Abierta (En Ofertas),Oportunidad de Alianza / Cotización,Tecnología & Equipos de Cómputo,infraestructura tecnologica,"$343,297,716 COP",UNIVERSIDAD FRANCISCO DE PAULA SANTANDER,Norte de Santander,Cúcuta,Contratación régimen especial,No Definido,No Definido,Compartir la oportunidad con clientes aliados para que presenten oferta incluyendo nuestros suministros.,https://community.secop.gov.co/Public/Tendering/OpportunityDetail/Index?noticeUID=CO1.NTC.10732375,SUMINISTRO E INSTALACION DE EQUIPOS PARA LA ACTUALIZACION DE LA INFRAESTRUCTURA TECNOLOGICA ETAPA 2 DE LA UNIVERSIDAD FRANCISCO DE PAULA SANTANDER
CO1.REQ.11087039,SAMC-010-2026,83,Licitación Abierta (En Ofertas),Oportunidad de Alianza / Cotización,"Construcción & Obra Civil General, Agua Potable & Saneamiento","ptar, aguas residuales, tratamiento de aguas, planta de tratamiento","$340,381,885 COP",ALCALDIA MUNICIPAL DE ARATOCA,Santander,Aratoca,Selección Abreviada de Menor Cuantía,No Definido,No Definido,Compartir la oportunidad con clientes aliados para que presenten oferta incluyendo nuestros suministros.,https://community.secop.gov.co/Public/Tendering/OpportunityDetail/Index?noticeUID=CO1.NTC.10967624,"MEJORAMIENTO Y ADECUACIÓN DE LA PLANTA DE TRATAMIENTO DE AGUAS RESIDUALES  PTAR  DEL CASCO URBANO DEL MUNICIPIO DE ARATOCA, SANTANDER"
CO1.REQ.10896426,268 COGFM DIADF 2026,83,Licitación Abierta (En Ofertas),Oportunidad de Alianza / Cotización,Tecnología & Equipos de Cómputo,licenciamiento,"$340,000,000 COP",COMANDO GENERAL DE LAS FUERZAS MILITARES,Distrito Capital de Bogotá,Bogotá,Selección Abreviada de Menor Cuantía,No Definido,No Definido,Compartir la oportunidad con clientes aliados para que presenten oferta incluyendo nuestros suministros.,https://community.secop.gov.co/Public/Tendering/OpportunityDetail/Index?noticeUID=CO1.NTC.10766161,"CONTRATAR LA  ADQUISICIÓN DE SUSCRIPCIÓN DE LICENCIAMIENTO PARA EL FORTALECIMIENTO Y SOPORTE DE LA PLATAFORMA SIEM, DE ACUERDO CON LAS ESPECIFICACIONES TÉCNICAS RESERVADAS DEL ANEXO"
CO1.REQ.11012393,MSQ-CMA-008-2026,83,Licitación Abierta (En Ofertas),Oportunidad de Alianza / Cotización,Interventoría & Consultoría,interventoría técnica,"$336,822,649 COP",ALCALDIA MUNICIPIO DE SANTANDER DE QUILICHAO,Cauca,Santander De Quilichao,Concurso de méritos abierto,No Definido,No Definido,Compartir la oportunidad con clientes aliados para que presenten oferta incluyendo nuestros suministros.,https://community.secop.gov.co/Public/Tendering/OpportunityDetail/Index?noticeUID=CO1.NTC.10940445,"EL CONTRATISTA SE OBLIGA PARA CON EL MUNICIPIO DE SANTANDER DE QUILICHAO A REALIZAR LA INTERVENTORÍA TÉCNICA, ADMINISTRATIVA, FINANCIERA, JURÍDICA Y AMBIENTAL DEL CONTRATO CUYO OBJETO ES EL CONTRATISTA SE OBLIGA PARA CON EL MUNICIPIO DE SANTANDER DE "
CO1.REQ.11105689,SAMC-CSR-CBC-002-2026 (Manifestación de interés (Menor Cuantía)),83,Licitación Abierta (En Ofertas),Oportunidad de Alianza / Cotización,Construcción & Obra Civil General,infraestructura física,"$335,999,896 COP",SENA REGIONAL CESAR Grupo de Apoyo Administrativo Mixto,Cesar,No Definido,Selección Abreviada de Menor Cuantía,No Definido,No Definido,Compartir la oportunidad con clientes aliados para que presenten oferta incluyendo nuestros suministros.,https://community.secop.gov.co/Public/Tendering/OpportunityDetail/Index?noticeUID=CO1.NTC.10961244,"Contratar el mantenimiento integral de la infraestructura física del Centro
Biotecnológico del Caribe - CBC y sedes adscritas, incluido suministro y
mantenimiento preventivo y correctivo de bienes muebles incrustados."
CO1.REQ.11068108,ODO-DAD-0010-2026,83,Licitación Abierta (En Ofertas),Oportunidad de Alianza / Cotización,Construcción & Obra Civil General,obras civiles,"$335,967,871 COP",UNIMAGDALENA,Magdalena,Santa Marta,Contratación régimen especial,REDES INGENIERÍA CONSTRUCCIÓN Y MANTENIMIENTO S.A.S.,No Definido,Compartir la oportunidad con clientes aliados para que presenten oferta incluyendo nuestros suministros.,https://community.secop.gov.co/Public/Tendering/OpportunityDetail/Index?noticeUID=CO1.NTC.10924310,"obras civiles de adecuación, remodelación y 
modernización de la facultad de Ciencias Básicas de la Universidad del Magdalena"
CO1.REQ.10901943,OC-INT-005-2026,83,Licitación Abierta (En Ofertas),Oportunidad de Alianza / Cotización,"Agua Potable & Saneamiento, Interventoría & Consultoría","alcantarillado, interventoria tecnica","$335,738,015 COP",VISIÓN VEGACHÍ NORDESTE S.A.S,Antioquia,Vegachí,Contratación régimen especial,No Definido,No Definido,Compartir la oportunidad con clientes aliados para que presenten oferta incluyendo nuestros suministros.,https://community.secop.gov.co/Public/Tendering/OpportunityDetail/Index?noticeUID=CO1.NTC.10756846,"INTERVENTORIA TECNICA, ADMINISTRATIVA, LEGAL Y FINANCIERA PARA LA CONSTRUCCIÓN DE REDES DE ALCANTARILLADO EN EL SECTOR VILLAS DEL CORAL, EN LA ZONA URBANA DEL MUNICIPIO DE PUERTO BERRÍO"
CO1.REQ.10519740,MP-DTOP-SASI-SM-005-2026 (Presentación de oferta),83,Adjudicado (Contratista Seleccionado),Lead B2B de Venta Directa,"Construcción & Obra Civil General, Vehículos & Maquinaria","mantenimiento de vias, vehículos, maquinaria pesada","$335,193,374 COP",MUNICIPIO DE PITALITO,Huila,Pitalito,Selección abreviada subasta inversa,IGM COLOMBIA SAS,901025736,Contactar al contratista ganador/consorcio para ofrecer suministro y cotización inmediata.,https://community.secop.gov.co/Public/Tendering/OpportunityDetail/Index?noticeUID=CO1.NTC.10375953,"SUMINISTRO DE REPUESTOS Y ACCESORIOS PARA EL MANTENIMIENTO PREVENTIVO, PREDICTIVO Y CORRECTIVO INCLUIDO MANO DE OBRA PARA LA MAQUINARIA PESADA Y VEHÍCULOS AL SERVICIO DE LA SECRETARÍA DE INFRAESTRUCTURA EN EL CUMPLIMIENTO DE LA META MANTENIMIENTO DE "
CO1.REQ.10356981,060-26,83,Licitación Abierta (En Ofertas),Oportunidad de Alianza / Cotización,"Construcción & Obra Civil General, Agua Potable & Saneamiento","acueducto, alcantarillado, obras complementarias","$334,945,074 COP",SOCIEDAD DE ACUEDUCTOS Y ALCANTARILLADOS DEL VALLE DEL CAUCA S.A. - E.S.P.,Valle del Cauca,No Definido,Contratación régimen especial,ALAMO CONSTRUCTORES SAS,No Definido,Compartir la oportunidad con clientes aliados para que presenten oferta incluyendo nuestros suministros.,https://community.secop.gov.co/Public/Tendering/OpportunityDetail/Index?noticeUID=CO1.NTC.10213661,"REPOSICIÓN REDES DE ACUEDUCTO, ALCANTARILLADO Y OBRAS COMPLEMENTARIAS EN EL MUNICIPIO DE GINEBRA, SEGÚN CONVENIO INTERADMINISTRATIVO 004-2025 CON EL MUNICIPIO DE GINEBRA, VALLE DEL CAUCA"
CO1.REQ.10603318,058-2026,83,Licitación Abierta (En Ofertas),Oportunidad de Alianza / Cotización,"Construcción & Obra Civil General, Agua Potable & Saneamiento",acueducto,"$332,492,130 COP",EMPRESAS PUBLICAS MUNICIPALES DE TIERRALTA E.S.P.,Córdoba,Tierralta,Contratación régimen especial,No Definido,No Definido,Compartir la oportunidad con clientes aliados para que presenten oferta incluyendo nuestros suministros.,https://community.secop.gov.co/Public/Tendering/OpportunityDetail/Index?noticeUID=CO1.NTC.10457914,"EXTENSIÓN DE REDES DE ACUEDUCTO EN LOS SECTORES PRIORIZADOS DEL MUNICIPIO DE TIERRALTA - CÓRDOBA CELEBRADO ENTRE LAS EMPRESAS PUBLICAS MUNICIPALES DE TIERRALTA E.S.P., Y SS CONSULTORÍAS Y EJECUTAR S.A.S."
CO1.REQ.11050056,CM-SV-006-2026 (Presentación de oferta),83,Licitación Abierta (En Ofertas),Oportunidad de Alianza / Cotización,Interventoría & Consultoría,interventoria tecnica,"$330,630,996 COP",GOBERNACION DE CALDAS,Caldas,No Definido,Concurso de méritos abierto,No Definido,No Definido,Compartir la oportunidad con clientes aliados para que presenten oferta incluyendo nuestros suministros.,https://community.secop.gov.co/Public/Tendering/OpportunityDetail/Index?noticeUID=CO1.NTC.10906060,"INTERVENTORIA TECNICA, ADMINISTRATIVA, FINANCIERA Y JURIDICA PARA LA CONSTRUCCIÓN DE VIVIENDA DE INTERES PRIORITARIO VIP, VIVIENDAS BIFAMILIARES EN LOS MUNICIPIOS DE MARQUETALIA Y SALAMINA, DEPARTAMENTO DE CALDAS."
CO1.REQ.10650260,009198C-26,83,Licitación Abierta (En Ofertas),Oportunidad de Alianza / Cotización,Tecnología & Equipos de Cómputo,software,"$322,724,750 COP",EMPRESA DE TRANSPORTE MASIVO DEL VALLE DE ABURRA LTDA,Antioquia,Bello,Contratación régimen especial,No Definido,No Definido,Compartir la oportunidad con clientes aliados para que presenten oferta incluyendo nuestros suministros.,https://community.secop.gov.co/Public/Tendering/OpportunityDetail/Index?noticeUID=CO1.NTC.10504494,Suscripción a software de gestión de identidades y accesos para Tecnologías Operativas.
CO1.REQ.10357417,061-26,83,Licitación Abierta (En Ofertas),Oportunidad de Alianza / Cotización,"Agua Potable & Saneamiento, Interventoría & Consultoría","acueducto, estudios y diseños, alcantarillado","$319,771,739 COP",SOCIEDAD DE ACUEDUCTOS Y ALCANTARILLADOS DEL VALLE DEL CAUCA S.A. - E.S.P.,Valle del Cauca,No Definido,Contratación régimen especial,ALAMO CONSTRUCTORES SAS,No Definido,Compartir la oportunidad con clientes aliados para que presenten oferta incluyendo nuestros suministros.,https://community.secop.gov.co/Public/Tendering/OpportunityDetail/Index?noticeUID=CO1.NTC.10214218,"ESTUDIOS Y DISEÑOS DE ACUEDUCTO Y ALCANTARILLADO EN EL MUNICIPIO DE GINEBRA, VALLE DEL CAUCA, SEGÚN CONVENIO INTERADMINISTRATIVO 003-2025 MUNICIPIO DE GINEBRA"
CO1.REQ.11061828,No.IN-031-2026,83,Licitación Abierta (En Ofertas),Oportunidad de Alianza / Cotización,"Energía Solar & Alumbrado Público, Interventoría & Consultoría","fotovoltaica, interventoría técnica, energía solar","$314,877,620 COP",FONER,Valle del Cauca,Cali,Contratación régimen especial,ASOCIACION GREMIAL ODS POR COLOMBIA,901901061,Compartir la oportunidad con clientes aliados para que presenten oferta incluyendo nuestros suministros.,https://community.secop.gov.co/Public/Tendering/OpportunityDetail/Index?noticeUID=CO1.NTC.10918117,"INTERVENTORÍA TÉCNICA, FINANCIERA, JURÍDICA, ADMINISTRATIVA Y SOCIAL DEL CONTRATO DE OBRA CONSTRUCCIÓN DE SISTEMAS AUTÓNOMOS DE GENERACIÓN DE ENERGÍA SOLAR FOTOVOLTAICA PARA LA ENERGIZACIÓN DE VIVIENDAS EN LAS ZONAS RURALES NO INTERCONECTADAS DEL MUN"
CO1.REQ.10544714,4100000839,83,Licitación Abierta (En Ofertas),Oportunidad de Alianza / Cotización,Acero & Metalmecánica,"varilla de acero, acero estructural, varilla","$313,886,112 COP",EMPRESAS PUBLICAS DE MEDELLIN E.S.P.,Antioquia,Medellín,Contratación régimen especial,Ferreteria Los Fierros,No Definido,Compartir la oportunidad con clientes aliados para que presenten oferta incluyendo nuestros suministros.,https://community.secop.gov.co/Public/Tendering/OpportunityDetail/Index?noticeUID=CO1.NTC.10400921,"Perfil cuadrado en acero uso metalmecanico 6m 1 1/2' x 1 1/2' x 3mm, varilla de acero lisa n°4 diametro 1/2' longitud 6m, varilla de acero lisa diametro 3/16' longitud 6m, varilla de acero carbon lisa 1/4' 6m uso metalmecanico, perfil cuadrado en ace"
CO1.REQ.10804963,OBRA-001,83,Licitación Abierta (En Ofertas),Oportunidad de Alianza / Cotización,"Construcción & Obra Civil General, Agua Potable & Saneamiento",alcantarillado,"$310,000,000 COP",EMPRESAS PÚBLICAS DE RIVERA S.A. E.S.P.//,Huila,Rivera,Contratación régimen especial,No Definido,No Definido,Compartir la oportunidad con clientes aliados para que presenten oferta incluyendo nuestros suministros.,https://community.secop.gov.co/Public/Tendering/OpportunityDetail/Index?noticeUID=CO1.NTC.10658413,REALIZAR LAS ACTIVIDADES DE MANTENIMIENTO DE LAS REDES DE ALCANTARILLADO DEL MUNICIPIO DE RIVERA - HUILA
CO1.REQ.11034398,012-2026,83,Licitación Abierta (En Ofertas),Oportunidad de Alianza / Cotización,"Construcción & Obra Civil General, Agua Potable & Saneamiento",planta de tratamiento,"$308,440,526 COP",EMPRESA DE SERVICIOS PUBLICOS DE GALAN,Santander,Galán,Contratación régimen especial,No Definido,No Definido,Compartir la oportunidad con clientes aliados para que presenten oferta incluyendo nuestros suministros.,https://community.secop.gov.co/Public/Tendering/OpportunityDetail/Index?noticeUID=CO1.NTC.10888812,"OPTIMIZACIÓN DE LA PLANTA DE TRATAMIENTO DE AGUA RESIDUAL DEL MUNICIPIO DE GALÁN, DEPARTAMENTO DE SANTANDER EN VIRTUD DEL CONVENIO INTERADMINISTRATIVO No. CIOO2-2026 ENTRE EL MUNICIPIO DE GALAN - SANTANDER Y LA EMPRESA DE SERVICIOS PUBLICOS DE GALAN "
CO1.REQ.11009273,0193-ARC-CBNL06-2026 (Manifestación de interés (Menor Cuantía)) (Presentación de oferta),83,Adjudicado (Contratista Seleccionado),Lead B2B de Venta Directa,Vehículos & Maquinaria,"vehiculos, parque automotor","$304,652,893 COP",ARMADA NACIONAL BASE NAVAL No. 6 ARC BOGOTA,Distrito Capital de Bogotá,Bogotá,Selección Abreviada de Menor Cuantía,JR IMPORTACIONES Y MANTENIMIENTOS SAS,900590110,Contactar al contratista ganador/consorcio para ofrecer suministro y cotización inmediata.,https://community.secop.gov.co/Public/Tendering/OpportunityDetail/Index?noticeUID=CO1.NTC.10863352,SUMINISTRO DE REPUESTOS Y FILTROS PARA LOS VEHICULOS QUE CONFORMAN EL PARQUE AUTOMOTOR DE LA GUARNICIÓN DE BOGOTÁ Y SUS UNIDADES USUARIAS
CO1.REQ.11098974,FDLCB-CMA-004-2026,83,Licitación Abierta (En Ofertas),Oportunidad de Alianza / Cotización,Interventoría & Consultoría,"interventoría técnica, estudios y diseños","$303,280,963 COP",ALCALDIA LOCAL DE CIUDAD BOLIVAR //,Distrito Capital de Bogotá,Bogotá,Concurso de méritos abierto,No Definido,No Definido,Compartir la oportunidad con clientes aliados para que presenten oferta incluyendo nuestros suministros.,https://community.secop.gov.co/Public/Tendering/OpportunityDetail/Index?noticeUID=CO1.NTC.10961360,"REALIZAR LA INTERVENTORÍA TÉCNICA, ADMINISTRATIVA, FINANCIERA (CONTABLE), JURÍDICA (LEGAL), AMBIENTAL, ECONÓMICA, SOCIAL, PMT Y SST (SISO) AL CONTRATO DE OBRA PUBLICA CUYO OBJETO ES: EJECUTAR A PRECIOS UNITARIOS Y A MONTO AGOTABLE LA ACTUALIZACIÓN Y/"
CO1.REQ.10639851,CO-006-2026,83,Licitación Abierta (En Ofertas),Oportunidad de Alianza / Cotización,"Agua Potable & Saneamiento, Interventoría & Consultoría","agua potable, acueducto, consultoría especializada, alcantarillado","$301,644,000 COP",EMPRESAS PUBLICAS DE ARMENIA ESP,Quindío,Armenia,Contratación régimen especial,No Definido,No Definido,Compartir la oportunidad con clientes aliados para que presenten oferta incluyendo nuestros suministros.,https://community.secop.gov.co/Public/Tendering/OpportunityDetail/Index?noticeUID=CO1.NTC.10494684,"CONSULTORÍA ESPECIALIZADA PARA FORMULAR, ESTRUCTURAR Y ADOPTAR EL NUEVO MARCO TARIFARIO DE ACUEDUCTO Y ALCANTARILLADO EXPEDIDO POR LA COMISIÓN DE REGULACIÓN DE AGUA POTABLE Y SANEAMIENTO BÁSICO POR MEDIO DE LA RESOLUCIÓN CRA 1032 DEL 24 DE MARZO DE 2"
CO1.REQ.11052540,SAMC-BLV-CCS-001-2026,83,Licitación Abierta (En Ofertas),Oportunidad de Alianza / Cotización,Construcción & Obra Civil General,infraestructura física,"$300,000,000 COP",SENA REGIONAL BOLIVAR Grupo de Apoyo Administrativo Mixto,Bolívar,Cartagena,Selección Abreviada de Menor Cuantía,No Definido,No Definido,Compartir la oportunidad con clientes aliados para que presenten oferta incluyendo nuestros suministros.,https://community.secop.gov.co/Public/Tendering/OpportunityDetail/Index?noticeUID=CO1.NTC.10921145,"Contratar las actividades de mantenimiento preventivo y correctivo de infraestructura física en la sede Ternera del Centro de Comercio y Servicios del SENA Regional Bolívar, incluyendo actividades de resane, pintura, reparación y reemplazo de cielo r"
CO1.REQ.11105823,CD-MC-OP-008-2026,81,Licitación Abierta (En Ofertas),Oportunidad de Alianza / Cotización,Agua Potable & Saneamiento,"acueducto, alcantarillado","$867,389,520 COP",Empresa de Desarrollo Urbano y Rural de Segovia,Antioquia,Segovia,Contratación régimen especial,No Definido,No Definido,Compartir la oportunidad con clientes aliados para que presenten oferta incluyendo nuestros suministros.,https://community.secop.gov.co/Public/Tendering/OpportunityDetail/Index?noticeUID=CO1.NTC.10961288,"REPOSICIÓN DE REDES DE ACUEDUCTO Y ALCANTARILLADO EN EL SECTOR DE LA RASQUIÑA EN EL MARCO DEL CONTRATO INTERADMINISTRATIVO NRO. SISP-CAD-006-2026 SUSCRITO ENTRE EL MUNICIPIO DE SEGOVIA, ANTIOQUIA, Y LA EMPRESA DE DESARROLLO URBANO Y RURAL DE SEGOVIA "
CO1.REQ.10677337,CO-021-2026,81,Licitación Abierta (En Ofertas),Oportunidad de Alianza / Cotización,"Construcción & Obra Civil General, Agua Potable & Saneamiento","acueducto, alcantarillado","$774,883,314 COP",EMPRESA DE DESARROLLO URBANO DE ANDES - EDUAN,Antioquia,Andes,Contratación régimen especial,No Definido,No Definido,Compartir la oportunidad con clientes aliados para que presenten oferta incluyendo nuestros suministros.,https://community.secop.gov.co/Public/Tendering/OpportunityDetail/Index?noticeUID=CO1.NTC.10554840,"RENOVACION DE REDES DE ACUEDUCTO Y ALCANTARILLADO EN EL
BARRIO SAN PEDRO, ZONA URBANA DEL MUNICIPIO DE ANDES
(ANTIOQUIA)."
CO1.REQ.10838651,CO-002-2026,81,Licitación Abierta (En Ofertas),Oportunidad de Alianza / Cotización,"Construcción & Obra Civil General, Agua Potable & Saneamiento","planta de tratamiento, alcantarillado","$756,456,030 COP",EMPSA ESP,Nariño,Túquerres,Contratación régimen especial,No Definido,No Definido,Compartir la oportunidad con clientes aliados para que presenten oferta incluyendo nuestros suministros.,https://community.secop.gov.co/Public/Tendering/OpportunityDetail/Index?noticeUID=CO1.NTC.10693409,CONTRATO DE OBRA PARA LA CONSTRUCCIÓN DEL ALCANTARILLADO COMBINADO EN EL CORREGIMIENTO DE LA COFRADIA Y  LA CONSTRUCCION DE LA PLANTA DE TRATAMIENTO DE AGUA RESIDUALES DOMESTICAS SECTOR LA COFRADÍA Y  LA REPOSICION DEL SISTEMA DE ALCANTARILLADO COMBI
CO1.REQ.11057791,MHCP-SIE-08-2026,81,Licitación Abierta (En Ofertas),Oportunidad de Alianza / Cotización,Tecnología & Equipos de Cómputo,"software, licenciamiento","$739,566,172 COP",MINISTERIO DE HACIENDA Y CREDITO PUBLICO,Distrito Capital de Bogotá,No Definido,Selección abreviada subasta inversa,No Definido,No Definido,Compartir la oportunidad con clientes aliados para que presenten oferta incluyendo nuestros suministros.,https://community.secop.gov.co/Public/Tendering/OpportunityDetail/Index?noticeUID=CO1.NTC.10933892,"Renovación del licenciamiento del Software Aranda actualmente instalado en el Ministerio de Hacienda y Crédito Público, incluyendo soporte técnico especializado"
CO1.REQ.10700045,MD-SGR-CDO-035-2026,81,Licitación Abierta (En Ofertas),Oportunidad de Alianza / Cotización,"Construcción & Obra Civil General, Agua Potable & Saneamiento","agua potable, planta de tratamiento","$690,120,660 COP",EMPRESA DE DESARROLLO TERRITORIAL MASDESARROLLO,Chocó,Lloró,Contratación régimen especial,No Definido,No Definido,Compartir la oportunidad con clientes aliados para que presenten oferta incluyendo nuestros suministros.,https://community.secop.gov.co/Public/Tendering/OpportunityDetail/Index?noticeUID=CO1.NTC.10554428,OPTIMIZACION DE LA PLANTA DE TRATAMIENTO DE AGUA POTABLE DEL MUNICIPIO DE MONGUÍ
CO1.REQ.10863689,CD-068-2026,81,Licitación Abierta (En Ofertas),Oportunidad de Alianza / Cotización,Agua Potable & Saneamiento,"acueducto, planta de tratamiento","$679,999,855 COP",EMPRESA DE OBRAS SANITARIAS DE LA PROVINCIA DE OBANDO EMPOOBANDO E.S.P.,Nariño,Ipiales,Contratación régimen especial,No Definido,No Definido,Compartir la oportunidad con clientes aliados para que presenten oferta incluyendo nuestros suministros.,https://community.secop.gov.co/Public/Tendering/OpportunityDetail/Index?noticeUID=CO1.NTC.10719247,"Suministro de Hidroxicloruro de Aluminio (ACH) al 19%, destinado a los procesos de potabilización del agua en la Planta de Tratamiento de Ipiales y en la Planta del sector Las Lajas, con el propósito de garantizar el cumplimiento de los parámetros de"
CO1.REQ.10449084,SUBASTA INVERSA ELECTRONICA No. 005 DE 2026,81,Licitación Abierta (En Ofertas),Oportunidad de Alianza / Cotización,Tecnología & Equipos de Cómputo,"software, licenciamiento","$673,030,680 COP",FONDO NACIONAL AMBIENTAL - ANLA,Distrito Capital de Bogotá,No Definido,Selección abreviada subasta inversa,No Definido,No Definido,Compartir la oportunidad con clientes aliados para que presenten oferta incluyendo nuestros suministros.,https://community.secop.gov.co/Public/Tendering/OpportunityDetail/Index?noticeUID=CO1.NTC.10892386,"10-0-7-26 - FORTALECER EL SISTEMA DE GESTIÓN DE SEGURIDAD DE LA INFORMACIÓN SGSI PARA LA AUTORIDAD NACIONAL DE LICENCIAS AMBIENTALES ANLA A TRAVÉS DE LAS HERRAMIENTAS ESPECIALIZADAS (LICENCIAMIENTO DE SOFTWARE Y SOPORTE) DE MONITOREO FORTISIEM, DE MO"
CO1.REQ.10922460,PROYECTO DE INVITACION PRIVADA Nº 02,81,Licitación Abierta (En Ofertas),Oportunidad de Alianza / Cotización,"Construcción & Obra Civil General, Agua Potable & Saneamiento","acueducto, alcantarillado","$650,537,243 COP",EMPRESA DE ACUEDUCTO ALCANTARILLADO Y ASEO DE CORINTO CAUCA EMCORINTO E.S.P. EICE,Cauca,Corinto,Contratación régimen especial,No Definido,No Definido,Compartir la oportunidad con clientes aliados para que presenten oferta incluyendo nuestros suministros.,https://community.secop.gov.co/Public/Tendering/OpportunityDetail/Index?noticeUID=CO1.NTC.10776223,REPOSICION DE REDES DE ACUEDUCTO Y ALCANTARILLADO EN ZONA URBANA DEL MUNICIPIO DE CORINTO CAUCA EN EJECUCION DEL CONVENIO INTERADMINISTRATIVO Nº 150 DE 2026
CO1.REQ.10564378,C-096-2026,81,Licitación Abierta (En Ofertas),Oportunidad de Alianza / Cotización,"Construcción & Obra Civil General, Agua Potable & Saneamiento","agua potable, plantas de tratamiento","$615,748,731 COP",ACUEDUCTO METROPOLITANO DE BUCARAMANGA S.A. E.S.P.,Santander,Bucaramanga,Contratación régimen especial,No Definido,No Definido,Compartir la oportunidad con clientes aliados para que presenten oferta incluyendo nuestros suministros.,https://community.secop.gov.co/Public/Tendering/OpportunityDetail/Index?noticeUID=CO1.NTC.10419695,No definido
CO1.REQ.10884471,900-IP-0187-2026,81,Licitación Abierta (En Ofertas),Oportunidad de Alianza / Cotización,"Construcción & Obra Civil General, Agua Potable & Saneamiento","acueducto, alcantarillado","$597,256,762 COP",EMPRESAS MUNICIPALES DE CALI,Valle del Cauca,Cali,Contratación régimen especial,No Definido,No Definido,Compartir la oportunidad con clientes aliados para que presenten oferta incluyendo nuestros suministros.,https://community.secop.gov.co/Public/Tendering/OpportunityDetail/Index?noticeUID=CO1.NTC.10739595,"Realizar mantenimiento preventivo, correctivo de la infraestructura del sistema de adquisición 
de datos, telemetría del centro de control maestro y unidades operacionales de acueducto y 
alcantarillado."
CO1.REQ.11104761,002-L.P-2026 (Fase de Selección (Presentación de ofertas)),81,Licitación Abierta (En Ofertas),Oportunidad de Alianza / Cotización,"Construcción & Obra Civil General, Agua Potable & Saneamiento","ptar, tratamiento de aguas","$586,069,159 COP",UAE SETP AVANTE PASTO,Nariño,Pasto,Licitación pública Obra Publica,No Definido,No Definido,Compartir la oportunidad con clientes aliados para que presenten oferta incluyendo nuestros suministros.,https://community.secop.gov.co/Public/Tendering/OpportunityDetail/Index?noticeUID=CO1.NTC.10960600,"CONSTRUCCIÓN E IMPLEMENTACIÓN DE UN SISTEMA DE CAPTACIÓN Y TRATAMIENTO DE AGUAS PARA LAVADO DE VEHÍCULOS EN LOS PATIOS TALLERES DE BRICEÑO Y CHAPAL, PARA LA UAE SETP AVANTE"
CO1.REQ.11075411,PN DIEPO SA 099 2026,81,Licitación Abierta (En Ofertas),Oportunidad de Alianza / Cotización,Tecnología & Equipos de Cómputo,"software, computadores","$580,650,100 COP",DIEPO,Distrito Capital de Bogotá,Bogotá,Selección abreviada subasta inversa,No Definido,No Definido,Compartir la oportunidad con clientes aliados para que presenten oferta incluyendo nuestros suministros.,https://community.secop.gov.co/Public/Tendering/OpportunityDetail/Index?noticeUID=CO1.NTC.10932298,"ADQUISICION DE ELEMENTOS TECNOLÓGICOS, (COMPUTADORES DE ESCRITORIO, PORTATILES Y SOFTWARE DE OFIMATICA) PARA LA DIRECCION DE EDUCACION POLICIAL Y ESCUELAS ADSCRITAS."
CO1.REQ.10963558,CD_217_2026,81,Licitación Abierta (En Ofertas),Oportunidad de Alianza / Cotización,Tecnología & Equipos de Cómputo,"software, licenciamiento","$548,523,017 COP",UNIVERSIDAD DEL VALLE,Valle del Cauca,No Definido,Contratación régimen especial,No Definido,No Definido,Compartir la oportunidad con clientes aliados para que presenten oferta incluyendo nuestros suministros.,https://community.secop.gov.co/Public/Tendering/OpportunityDetail/Index?noticeUID=CO1.NTC.10816989,"ADQUIRIR LA RENOVACIÓN DEL LICENCIAMIENTO INSTITUCIONAL DEL SOFTWARE CAMPUS WOLFRAM MATHEMATICA, POR UN PERÍODO DE 3 AÑOS PARA LA UNIVERSIDAD DEL VALLE."
CO1.REQ.11094215,SA 37 DE 2026,81,Licitación Abierta (En Ofertas),Oportunidad de Alianza / Cotización,Tecnología & Equipos de Cómputo,"seguridad perimetral, licenciamiento","$548,200,706 COP",INSTITUCIÓN UNIVERSITARIA ITM,Antioquia,Medellín,Selección abreviada subasta inversa,No Definido,No Definido,Compartir la oportunidad con clientes aliados para que presenten oferta incluyendo nuestros suministros.,https://community.secop.gov.co/Public/Tendering/OpportunityDetail/Index?noticeUID=CO1.NTC.10951356,"RENOVACIÓN Y ACTUALIZACIÓN DEL LICENCIAMIENTO Y ADQUISICIÓN DE EQUIPO PARA EL SISTEMA DE SEGURIDAD PERIMETRAL DE LA INSTITUCIÓN UNIVERSITARIA ITM, SEGÚN ESPECIFICACIONES TÉCNICAS."
CO1.REQ.10949323,REG 2026-045,81,Licitación Abierta (En Ofertas),Oportunidad de Alianza / Cotización,"Construcción & Obra Civil General, Agua Potable & Saneamiento","aguas residuales, tratamiento de aguas","$500,000,000 COP",SERVICIOS INTEGRALES DEL ESTADO COLOMBIANO SIEC SAS SOCIEDAD DE ECONOMIA MIXTA1,Distrito Capital de Bogotá,Bogotá,Contratación régimen especial,No Definido,No Definido,Compartir la oportunidad con clientes aliados para que presenten oferta incluyendo nuestros suministros.,https://community.secop.gov.co/Public/Tendering/OpportunityDetail/Index?noticeUID=CO1.NTC.10803790,"EJECUCIÓN - IMPLEMENTACIÓN DE SOLUCIONES ECOEFICIENTES Y SISTEMAS DE TRATAMIENTO DE AGUAS RESIDUALES DOMÉSTICAS, ACOMPAÑADOS DE ESTRATEGIAS DE EDUCACIÓN AMBIENTAL, PARA LA CONSERVACIÓN DEL RECURSO HÍDRICO EN ZONAS RURALES DEL MUNICIPIO DE PUEBLORRICO"
CO1.REQ.10424186,045 DE 2026,81,Licitación Abierta (En Ofertas),Oportunidad de Alianza / Cotización,Agua Potable & Saneamiento,"acueducto, alcantarillado","$470,000,000 COP",EMPRESA DE SERVICIOS PUBLICOS DOMICILIARIOS DE PITALITO EMPITALITO E.S.P,Huila,Pitalito,Contratación régimen especial,No Definido,No Definido,Compartir la oportunidad con clientes aliados para que presenten oferta incluyendo nuestros suministros.,https://community.secop.gov.co/Public/Tendering/OpportunityDetail/Index?noticeUID=CO1.NTC.10588354,"SUMINISTRO DE ELEMENTOS Y MATERIALES DE FERRETERÍA PARA REPARACION, REPOSICION Y AMPLIACION DEL SISTEMA DE ACUEDUCTO Y ALCANTARILLADO DE EMPITALITO E.S.P"
CO1.REQ.9039867,1.350-12.13-0435.2025,80,Borrador de Pliegos,Oportunidad Pre-Licitación,"Construcción & Obra Civil General, Acero & Metalmecánica",estructuras metálicas,"$10,860,528,438 COP",DEPARTAMENTO DEL VALLE DEL CAUCA - SECRETARIA DE TURISMO,Valle del Cauca,Cali,Licitación pública Obra Publica,No Definido,No Definido,Notificar a clientes contratistas para que soliciten observaciones o preparen propuesta de consorcio.,https://community.secop.gov.co/STS/Users/Login/Index,"OBRA PÚBLICA PARA LA CONSTRUCCIÓN DEL BIOPARQUE  PUERTA DE ALCALÁ  EN EL MUNICIPIO DE ALCALÁ - VALLE DEL CAUCA, QUE INCLUYE OBRAS DE URBANISMO, PAISAJISMO, ESTRUCTURAS METÁLICAS, SENDEROS, PLAZOLETAS, RAMPAS, TERRAZAS MIRADOR Y JARDINES TEMÁTICOS, EN"
CO1.REQ.11057858,SASI 012-033-2026 (Presentación de oferta),80,Proceso Activo (Evaluación),Monitoreo Comercial,"Eventos, Logística & Víveres","frutas, víveres, verduras","$3,500,000,000 COP",AGENCIA LOGISTICA DE LAS FUERZAS MILITARES,Distrito Capital de Bogotá,Bogotá,Selección abreviada subasta inversa,No Definido,No Definido,Hacer seguimiento al cierre de ofertas o adjudicación.,https://community.secop.gov.co/Public/Tendering/OpportunityDetail/Index?noticeUID=CO1.NTC.10914266,"SUMINISTRO DE VÍVERES FRESCOS EN GENERAL, TALES COMO CARNES ROJAS Y BLANCAS (RES, CERDO Y AVES DE CORRAL), PESCADO Y MARISCOS, FRUTAS, VERDURAS, TUBÉRCULOS, EMBUTIDOS (CARNES PROCESADAS Y PREPARADAS), LÁCTEOS Y DERIVADOS, BEBIDAS Y JUGOS CONCENTRADOS"
CO1.REQ.10609342,INVITACION PUBLICA No 015-2026,80,Licitación Abierta (En Ofertas),Oportunidad de Alianza / Cotización,"Acero & Metalmecánica, Salud: Insumos & Equipos Médicos",acero inoxidable,"$2,989,223,052 COP",HOSPITAL DEPARTAMENTAL DE VILLAVICENCIO ESE,Meta,Villavicencio,Contratación régimen especial,No Definido,No Definido,Compartir la oportunidad con clientes aliados para que presenten oferta incluyendo nuestros suministros.,https://community.secop.gov.co/Public/Tendering/OpportunityDetail/Index?noticeUID=CO1.NTC.10464191,COMPRA DE INSTRUMENTAL QUIRURGICO DE ACERO INOXIDABLE PARA LA  ATENCION DE LOS PACIENTES QUIRURGICOS EN LA UNIDAD FUNCIONAL DE CIRUGIA
CO1.REQ.10589341,LP-2026-5 (Fase de Selección (Presentación de ofertas)),80,Proceso Activo (Evaluación),Monitoreo Comercial,"Construcción & Obra Civil General, Acero & Metalmecánica",estructura metalica,"$2,358,613,209 COP",ALCALDIA DE PASTO,Nariño,Pasto,Licitación pública Obra Publica,No Definido,No Definido,Hacer seguimiento al cierre de ofertas o adjudicación.,https://community.secop.gov.co/Public/Tendering/OpportunityDetail/Index?noticeUID=CO1.NTC.10443919,"EL CONTRATISTA SE COMPROMETE PARA CON EL MUNICIPIO DE PASTO - SECRETARÍA DE INFRAESTRUCTURA Y VALORIZACIÓN, A REALIZAR LA OBRA, CONSTRUCCION DE ESTRUCTURA METALICA PARA CUBIERTA EN LA ZONA URBANA DE POLIDEPORTIVO BARRIO MIRAFLORES, POLIDEPORTIVO BARR"
CO1.REQ.10711445,CDSC20260045,80,Adjudicado (Contrato firmado),Lead B2B de Venta Directa,"Tecnología & Equipos de Cómputo, Salud: Insumos & Equipos Médicos","dispositivos médicos, laboratorio clínico, reactivos, equipos de cómputo","$1,410,000,000 COP",ESE HOSPITAL UNIVERSITARIO JULIO MENDEZ BARRENECHE,Magdalena,Santa Marta,Contratación régimen especial,Comprolab S.A.S,860350711,Contactar al contratista ganador/consorcio para ofrecer suministro y cotización inmediata.,https://community.secop.gov.co/Public/Tendering/OpportunityDetail/Index?noticeUID=CO1.NTC.10577933,"SUMINISTRO OPORTUNO DE REACTIVOS DE LABORATORIO CLÍNICO, UNIDAD DE GESTIONN PRETRASNSFUSIONAL, APOYO TECNOLOÓGICO Y ENTREGA EN LA MODALIDAD DE COMODATO DE DISPOSITIVOS MÉDICOS Y EQUIPOS DE CÓMPUTO AL ÁREA DE LABORATORIO CLÍNICO, DE LA E.S.E. HOSPITAL"
CO1.REQ.10891606,CONVOCATORIA PUBLICA 005-2026,80,Adjudicado (Contratista Seleccionado),Lead B2B de Venta Directa,Vehículos & Maquinaria,ambulancia,"$297,500,000 COP",HOSPITAL DEPARTAMENTAL SAN RAFAEL DE RISARALDA E.S.E.,Caldas,Risaralda,Contratación régimen especial (con ofertas),Alfa AM,830133470,Contactar al contratista ganador/consorcio para ofrecer suministro y cotización inmediata.,https://community.secop.gov.co/Public/Tendering/OpportunityDetail/Index?noticeUID=CO1.NTC.10746368,ADQUISICIÓN DE UNA AMBULANCIA PARA MEJORAR EL SERVICIO DE TRANSPORTE ASISTENCIAL BÁSICO (TAB) DEL HOSPITAL DEPARTAMENTAL SAN RAFAEL DE RISARALDA E.S.E. DE RISARALDA CALDAS
CO1.REQ.10514029,SASI-09-2026 (Presentación de oferta),80,Adjudicado (Contratista Seleccionado),Lead B2B de Venta Directa,"HORECA & Maquinaria Gastronómica, Alimentación Escolar (PAE)","restaurantes escolares, menaje","$210,675,000 COP",MUNICIPIO DE CHIGORODO,Antioquia,Chigorodó,Selección abreviada subasta inversa,Gustavo De Jesus Restrepo,8436122,Contactar al contratista ganador/consorcio para ofrecer suministro y cotización inmediata.,https://community.secop.gov.co/Public/Tendering/OpportunityDetail/Index?noticeUID=CO1.NTC.10369739,COMPRA DE MENAJE PARA LOS RESTAURANTES ESCOLARES DEL MUNICIPIO DE CHIGORODÓ
CO1.REQ.10933568,SA-SIP-006-SECRD-2026 (Presentación de oferta),80,Adjudicado (Contratista Seleccionado),Lead B2B de Venta Directa,"HORECA & Maquinaria Gastronómica, Alimentación Escolar (PAE)","restaurantes escolares, menaje","$209,997,500 COP",ALCALDIA MUNICIPAL SAN PEDRO DE URABA,Antioquia,San Pedro De Uraba,Selección abreviada subasta inversa,DISTRIBUCIONES CARDOMS SAS,901544843,Contactar al contratista ganador/consorcio para ofrecer suministro y cotización inmediata.,https://community.secop.gov.co/Public/Tendering/OpportunityDetail/Index?noticeUID=CO1.NTC.10787152,"ADQUISICIÓN DE MENAJE PARA LA DOTACIÓN DE LOS RESTAURANTES ESCOLARES DE LAS INSTITUCIONES OFICIALES DEL MUNICIPIO DE SAN PEDRO DE URABA, ANTIOQUIA"
CO1.REQ.10996836,266 COGFM DIADF 2026   (Manifestación de interés (Menor Cuantía)) (Presentación de oferta),80,Adjudicado (Contratista Seleccionado),Lead B2B de Venta Directa,"Construcción & Obra Civil General, Acero & Metalmecánica","infraestructura física, estructura metálica","$177,419,305 COP",COMANDO GENERAL DE LAS FUERZAS MILITARES,Distrito Capital de Bogotá,Bogotá,Selección Abreviada de Menor Cuantía,EULHYN MAYRELL CORREA ORTIZ,No Definido,Contactar al contratista ganador/consorcio para ofrecer suministro y cotización inmediata.,https://community.secop.gov.co/Public/Tendering/OpportunityDetail/Index?noticeUID=CO1.NTC.10850808,"CONTRATAR LA REMODELACION DEL ESTUDIO DE GRABACIÓN ÁREA DE MEDIOS AUDIOVISUALES COMES  INCLUYENDO SUMINISTRO, INSTALACIÓN, ADECUACIÓN, REMODELACION Y PUESTA EN FUNCIONAMIENTO INTEGRAL DE LA INFRAESTRUCTURA FÍSICA Y TECNOLÓGICA  DEL  SISTEMAS DE INSON"
CO1.REQ.11013027,SAB-003-2026 (Fase de ofertas),80,Adjudicado (Contratista Seleccionado),Lead B2B de Venta Directa,"Eventos, Logística & Víveres",víveres,"$151,207,630 COP",MUNICIPIO DE MUTATA,Antioquia,No Definido,Selección abreviada subasta inversa,INVERSIONS DAVID CANO,901835980,Contactar al contratista ganador/consorcio para ofrecer suministro y cotización inmediata.,https://community.secop.gov.co/Public/Tendering/OpportunityDetail/Index?noticeUID=CO1.NTC.10867112,No definido
CO1.REQ.10750067,SASI-01-2026 (Presentación de oferta),80,Adjudicado (Contratista Seleccionado),Lead B2B de Venta Directa,"HORECA & Maquinaria Gastronómica, Alimentación Escolar (PAE)","restaurantes escolares, menaje","$136,392,000 COP",MUNICIPIO DE TIMBIO,Cauca,Timbío,Selección abreviada subasta inversa,Deicy Bravo Jojoa,59706955,Contactar al contratista ganador/consorcio para ofrecer suministro y cotización inmediata.,https://community.secop.gov.co/Public/Tendering/OpportunityDetail/Index?noticeUID=CO1.NTC.10608198,No definido
CO1.REQ.10503613,SA-SI-TA-008-2026 (Presentación de oferta),80,Adjudicado (Contratista Seleccionado),Lead B2B de Venta Directa,"HORECA & Maquinaria Gastronómica, Alimentación Escolar (PAE)","restaurantes escolares, menaje","$116,840,220 COP",MUNICIPIO DE TAME,Arauca,Tame,Selección abreviada subasta inversa,AGINNOVA,901586976,Contactar al contratista ganador/consorcio para ofrecer suministro y cotización inmediata.,https://community.secop.gov.co/Public/Tendering/OpportunityDetail/Index?noticeUID=CO1.NTC.10359454,DOTACIÓN DE MENAJE DE COCINA PARA LOS RESTAURANTES ESCOLARES DE LAS SEDES EDUCATIVAS DEL MUNICIPIO DE TAME - ARAUCA
CO1.REQ.10992620,2026-248 (Presentación de oferta),80,Adjudicado (Contratista Seleccionado),Lead B2B de Venta Directa,"Eventos, Logística & Víveres",víveres,"$105,499,886 COP",ALCALDIA DE CAICEDONIA,Valle del Cauca,Caicedonia,Selección abreviada subasta inversa,SERVIPROCOM,900581241,Contactar al contratista ganador/consorcio para ofrecer suministro y cotización inmediata.,https://community.secop.gov.co/Public/Tendering/OpportunityDetail/Index?noticeUID=CO1.NTC.10846559,Suministro de víveres para los adultos mayores del programa Centro Vida
CO1.REQ.10729979,MP-SE-SI-001-2026 (Presentación de oferta),79,Adjudicado (Contratista Seleccionado),Lead B2B de Venta Directa,"HORECA & Maquinaria Gastronómica, Alimentación Escolar (PAE)","pae, menaje","$1,009,999,971 COP",ALCALDÍA DE POPAYÁN,Cauca,Popayán,Selección abreviada subasta inversa,YANETH PUYO LOPEZ,36381210,Contactar al contratista ganador/consorcio para ofrecer suministro y cotización inmediata.,https://community.secop.gov.co/Public/Tendering/OpportunityDetail/Index?noticeUID=CO1.NTC.10591370,EL CONTRATISTA SE OBLIGA CON EL MUNICIPIO DE POPAYAN A TRANSFERIR A TÍTULO DE VENTA EQUIPOS Y MENAJE PARA LA DOTACIÓN DE COMEDORES ESCOLARES PRIORIZADOS CON PAE EN LAS INSTITUCIONES EDUCATIVAS OFICIALES DE POPAYAN CAUCA EN EL MARCO DE EJECUCIÓN DEL P
CO1.REQ.10620947,RE-REQ-055-2026,78,Adjudicado (Contratista Seleccionado),Lead B2B de Venta Directa,"Acero & Metalmecánica, Dotación, Uniformes & Mobiliario","acero inoxidable, muebles","$1,341,594,766 COP",EMPRESA SOCIAL DEL ESTADO HOSPITAL SAN RAFAEL DE TUNJA,Boyacá,Tunja,Contratación régimen especial (con ofertas),ARIKA INGENIERIA S.A.S.,901763600,Contactar al contratista ganador/consorcio para ofrecer suministro y cotización inmediata.,https://community.secop.gov.co/Public/Tendering/OpportunityDetail/Index?noticeUID=CO1.NTC.10478433,"SUMINISTRO E INSTALACIÓN DE CARPINTERIA EN MADERA, MUEBLES EN ACERO INOXIDABLE Y SEÑALETICA PARA LA PUESTA EN FUNCIONAMIENTO DE LA UNIDAD MATERNO INFANTIL DE LA E.S.E. HOSPITAL UNIVERSITARIO SAN RAFAEL DE TUNJA DEPARTAMENTO DE BOYACA"
CO1.REQ.11104264,SASI 010-051-2026 (Presentación de oferta),78,Licitación Abierta (En Ofertas),Oportunidad de Alianza / Cotización,"Eventos, Logística & Víveres","frutas, verduras","$680,000,000 COP",AGENCIA LOGISTICA DE LAS FUERZAS MILITARES,Distrito Capital de Bogotá,Bogotá,Selección abreviada subasta inversa,No Definido,No Definido,Compartir la oportunidad con clientes aliados para que presenten oferta incluyendo nuestros suministros.,https://community.secop.gov.co/Public/Tendering/OpportunityDetail/Index?noticeUID=CO1.NTC.10959396,"CONTRATAR EL SUMINISTRO DE FRUTAS, VERDURAS, TUBÉRCULOS, LÁCTEOS, CARNES FRÍAS, PANADERÍA, HUEVOS PARA APROVISIONAR LOS COMEDORES DE TROPAS DE LA JURISDICCIÓN DE LA BRIGADA UNDÉCIMA ADMINISTRADOS POR LA AGENCIA LOGÍSTICA DE FUERZAS MILITARES REGIONAL"
CO1.REQ.10629618,UAEGRD-SA-SU-004-2026 (Presentación de oferta),78,Adjudicado (Contratista Seleccionado),Lead B2B de Venta Directa,"Dotación, Uniformes & Mobiliario, Eventos, Logística & Víveres",kit de alimentos,"$675,666,171 COP",DEPARTAMENTO DE CUNDINAMARCA-UNIDAD ADMINISTRATIVA ESPECIAL PARA LA GESTION DEL RIESGO DE DESASTRES DE CUNDINAMARCA,Distrito Capital de Bogotá,No Definido,Selección abreviada subasta inversa,SUMIMAS S.A.S,830001338,Contactar al contratista ganador/consorcio para ofrecer suministro y cotización inmediata.,https://community.secop.gov.co/Public/Tendering/OpportunityDetail/Index?noticeUID=CO1.NTC.10484244,"SUMINISTRO DE KIT DE ALIMENTOS, ASEO Y COCINA PARA AYUDAS HUMANITARIAS CON EL FIN DE MITIGAR LAS AFECTACIONES DE LA POBLACIÓN DAMNIFICADA POR LOS DIFERENTES EVENTOS NATURALES QUE SE PRESENTEN EN EL DEPARTAMENTO DE CUNDINAMARCA"
CO1.REQ.11083125,HUHMP-CTO-242-2026,78,Licitación Abierta (En Ofertas),Oportunidad de Alianza / Cotización,Salud: Insumos & Equipos Médicos,"material medico quirurgico, medico quirurgico","$650,000,000 COP",E.S.E. HOSPITAL UNIVERSITARIO HERNANDO MONCALEANO PERDOMO DE NEIVA,Huila,Neiva,Contratación régimen especial,No Definido,No Definido,Compartir la oportunidad con clientes aliados para que presenten oferta incluyendo nuestros suministros.,https://community.secop.gov.co/Public/Tendering/OpportunityDetail/Index?noticeUID=CO1.NTC.10938568,SUMINISTRO DE MATERIAL MEDICO QUIRURGICO PARA LA ATENCIÓN DE PACIENTES EN LA UNIDAD CARDIOVASCULAR DE LA E.S.E. HOSPITAL UNIVERSITARIO HERNANDO MONCALEANO PERDOMO DE NEIVA
CO1.REQ.11066764,MC-SA-027-2026,78,Licitación Abierta (En Ofertas),Oportunidad de Alianza / Cotización,"Salud: Insumos & Equipos Médicos, Dotación, Uniformes & Mobiliario","mobiliario, biomédicos, equipos biomédicos","$582,891,583 COP",HOSPITAL DEL SARARE ESE,Arauca,No Definido,Contratación régimen especial,No Definido,No Definido,Compartir la oportunidad con clientes aliados para que presenten oferta incluyendo nuestros suministros.,https://community.secop.gov.co/Public/Tendering/OpportunityDetail/Index?noticeUID=CO1.NTC.10922857,SUMINISTRO DE EQUIPOS BIOMÉDICOS Y MOBILIARIO ASISTENCIAL PARA LA SEDE B LAS VILLAS DEL HOSPITAL DEL SARARE ESE.
CO1.REQ.11050327,SA 014 DE 2026,78,Licitación Abierta (En Ofertas),Oportunidad de Alianza / Cotización,"Construcción & Obra Civil General, Acero & Metalmecánica","vías terciarias, acero de refuerzo, mejoramiento de vías","$387,574,706 COP",MUNICIPIO DE DABEIBA,Antioquia,Dabeiba,Selección Abreviada de Menor Cuantía,No Definido,No Definido,Compartir la oportunidad con clientes aliados para que presenten oferta incluyendo nuestros suministros.,https://community.secop.gov.co/Public/Tendering/OpportunityDetail/Index?noticeUID=CO1.NTC.10905786,"SUMINISTRO Y TRANSPORTE DE MATERIALES PÉTREOS, ELEMENTOS DE FORMALETA, Y TRANSPORTE DE CEMENTO Y ACERO DE REFUERZO ADQUIRIDOS POR EL MUNICIPIO A TRAVÉS DE LA EMPRESA DE VIVIENDA DE ANTIOQUIA - VIVA, PARA SU ENTREGA A LAS COMUNIDADES RURALES EN EL MAR"
CO1.REQ.10865803,SI-026-2026-HOMIL (Presentación de oferta),78,Adjudicado (Contratista Seleccionado),Lead B2B de Venta Directa,Salud: Insumos & Equipos Médicos,,"$350,000,000 COP",HOSPITAL MILITAR CENTRAL,Distrito Capital de Bogotá,No Definido,Selección abreviada subasta inversa,JOHNSON & JOHNSON MEDTECH COLOMBIA SAS,901550788,Contactar al contratista ganador/consorcio para ofrecer suministro y cotización inmediata.,https://community.secop.gov.co/Public/Tendering/OpportunityDetail/Index?noticeUID=CO1.NTC.10726120,SUMINISTRO DE INSUMOS NECESARIOS PARA LA REALIZACIÓN DE PROCEDIMIENTOS DE ABLACIONES DE ARRITMIAS CARDIACAS COMPLEJAS MEDIANTE MAPEOS ELECTRO ANATÓMICOS TRIDIMENSIONALES CON DE SISTEMAS DE NAVEGACIÓN GUIADOS POR ECOCARDIOGRAFÍA ENDOVASCULAR TRIDIMENS
CO1.REQ.10875617,OCO-260081,75,Licitación Abierta (En Ofertas),Oportunidad de Alianza / Cotización,"Acero & Metalmecánica, Dotación, Uniformes & Mobiliario","soldadura, estructura metalica","$297,797,500 COP",UNIVERSIDAD FRANCISCO DE PAULA SANTANDER,Norte de Santander,Cúcuta,Contratación régimen especial,No Definido,No Definido,Compartir la oportunidad con clientes aliados para que presenten oferta incluyendo nuestros suministros.,https://community.secop.gov.co/Public/Tendering/OpportunityDetail/Index?noticeUID=CO1.NTC.10731107,ADQUISICION DE SILLAS UNIVERSITARIAS NTC 4734 CON ESTRUCTURA METALICA CUBIERTA EN PINTURA ELECTROSTATICA ASIENTO ESPALDAR Y BRAZO FIJO 4 ZURDOS 18 DIESTROS ELABORADOS EN TRIPLEX LACADO AL NATURAL SUPERFICIE SILLA TRIPLEX Y TERMINADO AL NATURAL ESTRUC
CO1.REQ.11099134,SS26-553,75,Licitación Abierta (En Ofertas),Oportunidad de Alianza / Cotización,Salud: Insumos & Equipos Médicos,"dispositivos medicos, material medico quirurgico, medico quirurgico","$260,000,000 COP",E.S.E. HOSPITAL UNIVERSITARIO ERASMO MEOZ,Norte de Santander,Cúcuta,Contratación régimen especial,HOSPICLINIC DE COLOMBIA S.A.S,900309444,Compartir la oportunidad con clientes aliados para que presenten oferta incluyendo nuestros suministros.,https://community.secop.gov.co/Public/Tendering/OpportunityDetail/Index?noticeUID=CO1.NTC.10955107,"SUMINISTRO DE DISPOSITIVOS MEDICOS Y MATERIAL MEDICO QUIRURGICO COMO NEUROCIRUGIA, SUTURAS GENERALES Y ESPECIALIZADAS, SUTURAS ANTIBACTERIALES, ENERGIA, LAPAROSCOPIA, LAPAROSCOPIA AVANZADA, CIRUGIA GENERAL, GENERALES, ENDOSCOPIA ,MANEJO DE HERIDAS PI"
CO1.REQ.11009961,EMSET-DSP-033-2026,75,Licitación Abierta (En Ofertas),Oportunidad de Alianza / Cotización,"Construcción & Obra Civil General, Agua Potable & Saneamiento, Acero & Metalmecánica","acero de refuerzo, alcantarillado","$255,574,070 COP",EMPRESA MUNICIPAL DE SERVICIOS PÚBLICOS DE TAURAMENA SA ESP,Casanare,Tauramena,Contratación régimen especial,No Definido,No Definido,Compartir la oportunidad con clientes aliados para que presenten oferta incluyendo nuestros suministros.,https://community.secop.gov.co/Public/Tendering/OpportunityDetail/Index?noticeUID=CO1.NTC.10864302,"MANTENIMIENTO Y REHABILITACION DE LA INFRAESTRUCTURA DE ALCANTARILLADO SANITARIO MEDIANTE LA INTERVENCION DE POZOS DE INSPECCION (DEMOLICION Y RECONSTRUCCION DE PLACAS, PLACAS DE MANHOLE PARA TRAFICO PESADO, ACERO DE REFUERZO, ALISTADOS, IMPERMEABILI"
CO1.REQ.11105584,SECT SIP 002 DE 2026 (Presentación de oferta),75,Licitación Abierta (En Ofertas),Oportunidad de Alianza / Cotización,"HORECA & Maquinaria Gastronómica, Alimentación Escolar (PAE)","alimentación escolar, equipos de cocina, menaje","$180,527,000 COP",ALCALDIA MUNICIPAL DE OCAÑA,Norte de Santander,Ocaña,Selección abreviada subasta inversa,No Definido,No Definido,Compartir la oportunidad con clientes aliados para que presenten oferta incluyendo nuestros suministros.,https://community.secop.gov.co/Public/Tendering/OpportunityDetail/Index?noticeUID=CO1.NTC.10960870,"SUMINISTRO DE MENAJE, UTENSILIOS Y EQUIPOS DE COCINA PARA LOS COMEDORES ESCOLARES DE LAS INSTITUCIONES EDUCATIVAS BENEFICIARIAS DEL PROGRAMA DE ALIMENTACIÓN ESCOLAR DEL MUNICIPIO DE OCAÑA, NORTE DE SANTANDER"
CO1.REQ.10549986,SASI2026-155 (Presentación de oferta),75,Adjudicado (Contratista Seleccionado),Lead B2B de Venta Directa,"HORECA & Maquinaria Gastronómica, Alimentación Escolar (PAE)","pae, alimentación escolar, menaje","$112,197,691 COP",ALCALDIA MUNICIPIO DE ANORI,Antioquia,No Definido,Selección abreviada subasta inversa,COMERCIALIZADORA E INVERSIONES D.O.,1151437954,Contactar al contratista ganador/consorcio para ofrecer suministro y cotización inmediata.,https://community.secop.gov.co/Public/Tendering/OpportunityDetail/Index?noticeUID=CO1.NTC.10406227,"SUMINISTRO DE ELEMENTOS DE MENAJE ESCOLAR EN EL DESARROLLO DEL PROGRAMA DE ALIMENTACIÓN ESCOLAR PAE, PARA LOS RESTAURANTES DE LAS INSTITUCIONES Y SEDES EDUCATIVAS DEL MUNICIPIO DE ANORI-ANTIOQUIA"
CO1.REQ.9383468,MP-SE-SI-002-2025,73,Borrador de Pliegos,Oportunidad Pre-Licitación,"HORECA & Maquinaria Gastronómica, Alimentación Escolar (PAE)","pae, menaje","$998,001,520 COP",ALCALDÍA DE POPAYÁN,Cauca,Popayán,Selección abreviada subasta inversa,No Definido,No Definido,Notificar a clientes contratistas para que soliciten observaciones o preparen propuesta de consorcio.,https://community.secop.gov.co/STS/Users/Login/Index,EL CONTRATISTA SE OBLIGA CON EL MUNICIPIO DE POPAYAN A TRANSFERIR A TÍTULO DE VENTA EQUIPOS Y MENAJE PARA LA DOTACIÓN DE COMEDORES ESCOLARES PRIORIZADOS CON PAE EN LAS INSTITUCIONES EDUCATIVAS OFICIALES DE POPAYAN CAUCA EN EL MARCO DE EJECUCIÓN DEL P
CO1.REQ.10989090,SAMC-022-2026 (Manifestación de interés (Menor Cuantía)) (Presentación de oferta),72,Adjudicado (Contratista Seleccionado),Lead B2B de Venta Directa,"HORECA & Maquinaria Gastronómica, Dotación, Uniformes & Mobiliario, Alimentación Escolar (PAE)","mobiliario, restaurantes escolares, menaje","$376,468,135 COP",MUNICIPIO DE GACHANCIPA,Cundinamarca,Gachancipá,Selección Abreviada de Menor Cuantía,COMERCIAL ORBELAR  SAS,900726316,Contactar al contratista ganador/consorcio para ofrecer suministro y cotización inmediata.,https://community.secop.gov.co/Public/Tendering/OpportunityDetail/Index?noticeUID=CO1.NTC.10842871,"COMPRA DE ELEMENTOS Y MATERIAS PRIMAS PARA DOTACIÓN DE LOS PROGRAMAS DE MUJER, EQUIDAD Y GÉNERO, JUVENTUD, ADULTO MAYOR Y DISCAPACIDAD, A FIN DE FORTALECER LOS PROYECTOS Y EL BANCO DE AYUDAS TÉCNICAS; DOTACIÓN PARA LA INSTITUCIÓN EDUCATIVA PÚBLICA EN"
CO1.REQ.11098357,LP-001-2026,70,Licitación Abierta (En Ofertas),Oportunidad de Alianza / Cotización,"Alimentación Escolar (PAE), Eventos, Logística & Víveres","viveres, alimentacion escolar","$1,371,734,590 COP",MUNICIPIO DE CAREPA,Antioquia,Carepa,Licitación pública,No Definido,No Definido,Compartir la oportunidad con clientes aliados para que presenten oferta incluyendo nuestros suministros.,https://community.secop.gov.co/Public/Tendering/OpportunityDetail/Index?noticeUID=CO1.NTC.10954354,"SUMINISTRO DE VIVERES Y PAGO DE BONIFICACION PERSONAL MANIPULADOR DE ALIMENTOS PARA EL PROGRAMA DE ALIMENTACION ESCOLAR EN LA VlGENCIA 2026-2 CONFORME A LO ESTIPULADO EN EL
CONVENIO INTERADMINISTRATIVO 4600019304 SUSCRITO ENTRE LA SECRETARIA DE EDUCA"
CO1.REQ.11106854,LP-002-2026 (Presentación de oferta),70,Licitación Abierta (En Ofertas),Oportunidad de Alianza / Cotización,"Eventos, Logística & Víveres",realización de eventos,"$1,017,828,419 COP",ALCALDIA MUNICIPAL DE GUASCA,Cundinamarca,Guasca,Licitación pública,No Definido,No Definido,Compartir la oportunidad con clientes aliados para que presenten oferta incluyendo nuestros suministros.,https://community.secop.gov.co/Public/Tendering/OpportunityDetail/Index?noticeUID=CO1.NTC.10962357,"SUMINISTRO DE BIENES Y SERVICIOS (INCLUYE LOGÍSTICA) PARA LA REALIZACIÓN DE EVENTOS, ACTIVIDADES, CAPACITACIONES Y SALIDAS QUE TENGAN LUGAR EN EL DESARROLLO DE LOS PROGRAMAS A CARGO DE LAS SECRETARÍAS DE DESARROLLO SOCIAL Y DE GOBIERNO, GENERAL Y CON"
CO1.REQ.11072551,SI-002-2026,70,Licitación Abierta (En Ofertas),Oportunidad de Alianza / Cotización,"Alimentación Escolar (PAE), Eventos, Logística & Víveres","pae, víveres, alimentación escolar","$179,438,308 COP",ALCALDÍA MUNICIPAL DE BELMIRA ANTIOQUIA,Antioquia,Belmira,Selección abreviada subasta inversa,No Definido,No Definido,Compartir la oportunidad con clientes aliados para que presenten oferta incluyendo nuestros suministros.,https://community.secop.gov.co/Public/Tendering/OpportunityDetail/Index?noticeUID=CO1.NTC.10929393,"PRESTACIÓN DEL SERVICIO DE MANIPULACIÓN DE ALIMENTOS Y SUMINISTROS DE ALIMENTOS Y VÍVERES DE LA CANASTA FAMILIAR PARA LA EJECUCIÓN DEL PROGRAMA DE ALIMENTACIÓN ESCOLAR PAE, PARA LOS NIÑOS, NIÑAS Y ADOLESCENTES DE LA MATRICULA OFICIAL DEL MUNICIPIO DE"
CO1.REQ.11076848,SA26-550,70,Licitación Abierta (En Ofertas),Oportunidad de Alianza / Cotización,"Eventos, Logística & Víveres","frutas, verduras","$139,750,000 COP",E.S.E. HOSPITAL UNIVERSITARIO ERASMO MEOZ,Norte de Santander,Cúcuta,Contratación régimen especial,No Definido,No Definido,Compartir la oportunidad con clientes aliados para que presenten oferta incluyendo nuestros suministros.,https://community.secop.gov.co/Public/Tendering/OpportunityDetail/Index?noticeUID=CO1.NTC.10932941,SUMINISTRO DE ALIMENTOS: GRUPO CUATRO (04) (FRUTAS Y VERDURAS) PARA LA ESE HOSPITAL UNIVERSITARIO ERASMO MEOZ
CO1.REQ.10874713,SE-SA-SI-MC-08-2026 (Presentación de oferta),70,Adjudicado (Contratista Seleccionado),Lead B2B de Venta Directa,"HORECA & Maquinaria Gastronómica, Alimentación Escolar (PAE)","restaurantes escolares, menaje","$93,753,986 COP",ALCALDIA DE SALGAR,Antioquia,Salgar,Selección abreviada subasta inversa,PUBLIUNIVERSAL,98465821,Contactar al contratista ganador/consorcio para ofrecer suministro y cotización inmediata.,https://community.secop.gov.co/Public/Tendering/OpportunityDetail/Index?noticeUID=CO1.NTC.10729828,ADQUISICION DE ELEMENTOS DE MENAJE PARA DOTACION DE RESTAURANTES ESCOLARES DEL MUNICIPIO DE SALGAR-ANTIOQUIA
CO1.REQ.10923750,MGODSSACV-000013-2026 (Presentación de oferta),70,Adjudicado (Contratista Seleccionado),Lead B2B de Venta Directa,"HORECA & Maquinaria Gastronómica, Dotación, Uniformes & Mobiliario","mobiliario, menaje","$77,119,000 COP",ALCALDIA MUNICIPIO DE GARZON,Huila,Garzón,Selección abreviada subasta inversa,DISTRICOM V&O ASOCIADOS SAS,901268555,Contactar al contratista ganador/consorcio para ofrecer suministro y cotización inmediata.,https://community.secop.gov.co/Public/Tendering/OpportunityDetail/Index?noticeUID=CO1.NTC.10789343,COMPRA DE MENAJE Y MOBILIARIO PARA DOTACIÓN DEL CENTRO VIDA UBICADO EN EL CENTRO POBLADO SAN ANTONIO DEL PESCADO DEL MUNICIPIO DE GARZON - HUILA.
CO1.REQ.11012177,USM-SA-SI-002-2026 (Presentación de oferta),70,Adjudicado (Contratista Seleccionado),Lead B2B de Venta Directa,"Eventos, Logística & Víveres","abarrotes, víveres","$70,000,000 COP",INSTITUCION UNIVERSITARIA DE SANTA MARTA,Magdalena,Santa Marta,Selección abreviada subasta inversa,GLOBAL BUSINESS GROUP DSF S.A.S.,901855572,Contactar al contratista ganador/consorcio para ofrecer suministro y cotización inmediata.,https://community.secop.gov.co/Public/Tendering/OpportunityDetail/Index?noticeUID=CO1.NTC.10867015,"ADQUISICIÓN Y ENTREGA EN SITIO, A MONTO AGOTABLE, DE INSUMOS, VÍVERES, ABARROTES Y DEMÁS PRODUCTOS REQUERIDOS PARA EL DESARROLLO DE LAS ACTIVIDADES ACADÉMICAS Y PRÁCTICAS FORMATIVAS DEL PROGRAMA DE TECNOLOGÍA EN GESTIÓN DE SERVICIOS GASTRONÓMICOS DE "
CO1.REQ.10825420,SAMC-RG-CAENA-0006-2026 (Manifestación de interés (Menor Cuantía)) (Presentación de oferta),68,Adjudicado (Contratista Seleccionado),Lead B2B de Venta Directa,"Eventos, Logística & Víveres",operador logístico,"$315,775,000 COP",SENA REGIONAL GUAINÍA Grupo de Apoyo Administrativo Mixto,Guainía,Inírida,Selección Abreviada de Menor Cuantía,"NATIVO SERVICIOS, ASESORIAS Y SUMINISTROS  SAS",901859608,Contactar al contratista ganador/consorcio para ofrecer suministro y cotización inmediata.,https://community.secop.gov.co/Public/Tendering/OpportunityDetail/Index?noticeUID=CO1.NTC.10679508,Contratar los servicios de un operador logístico para las actividades de Extensión Campesina que se van a desarrollar en el marco de la estrategia CampeSENA y Full Popular para los núcleos campesinos y redes populares focalizados en el departamento d
CO1.REQ.11060460,SASI-ANT-CSGE-003-2026,67,Licitación Abierta (En Ofertas),Oportunidad de Alianza / Cotización,HORECA & Maquinaria Gastronómica,equipos de cocina,"$842,000,674 COP",SENA REGIONAL ANTIOQUIA Grupo de Apoyo Administrativo Mixto,Antioquia,Medellín,Selección abreviada subasta inversa,No Definido,No Definido,Compartir la oportunidad con clientes aliados para que presenten oferta incluyendo nuestros suministros.,https://community.secop.gov.co/Public/Tendering/OpportunityDetail/Index?noticeUID=CO1.NTC.10937517,MODERNIZACION AMBIENTES: 5_9402_437 Contratar la compra de equipos de cocina para el fortalecimiento de los ambientes de formación del Centro de Servicios y Gestión Empresarial del SENA.
CO1.REQ.10985040,45018389.,65,Licitación Abierta (En Ofertas),Oportunidad de Alianza / Cotización,HORECA & Maquinaria Gastronómica,equipos de cocina,"$81,466,499 COP",BANCO DE LA REPUBLICA,Distrito Capital de Bogotá,Bogotá,Contratación régimen especial,No Definido,No Definido,Compartir la oportunidad con clientes aliados para que presenten oferta incluyendo nuestros suministros.,https://community.secop.gov.co/Public/Tendering/OpportunityDetail/Index?noticeUID=CO1.NTC.10841433,Suministro de equipos de cocina
CO1.REQ.10597735,0063-ARC-CBNL01-2026 (Presentación de oferta),64,Adjudicado (Contratista Seleccionado),Lead B2B de Venta Directa,HORECA & Maquinaria Gastronómica,utensilios de cocina,"$279,960,700 COP",ARMADA NACIONAL - BASE NAVAL No.1 ARC BOLÍVAR,Bolívar,Cartagena,Selección abreviada subasta inversa,YANETH PUYO LOPEZ,No Definido,Contactar al contratista ganador/consorcio para ofrecer suministro y cotización inmediata.,https://community.secop.gov.co/Public/Tendering/OpportunityDetail/Index?noticeUID=CO1.NTC.10463869,ADQUISICIÓN DE EQUIPOS Y UTENSILIOS DE COCINA Y CAFETERIA PARA LOS COMPONENTES DE LA FUERZA NAVAL DEL CARIBE Y DEPARTAMENTOS DE LA BASE NAVAL No. 1 ARC BOLÍVAR
CO1.REQ.10950420,IDCBIS-CD-2026101540-2026,64,Adjudicado (Contratista Seleccionado),Lead B2B de Venta Directa,HORECA & Maquinaria Gastronómica,cuarto frío,"$169,991,500 COP","INSTITUTO  DISTRITAL DE CIENCIA, BIOTECNOLOGIA E INNOVACIÓN EN SALUD - IDCBIS",Distrito Capital de Bogotá,Bogotá,Contratación régimen especial (con ofertas),MODULAR FRIO SAS,901822005,Contactar al contratista ganador/consorcio para ofrecer suministro y cotización inmediata.,https://community.secop.gov.co/Public/Tendering/OpportunityDetail/Index?noticeUID=CO1.NTC.10809347,"Adquisición e instalacion de cuarto frío para baja congelación y almacenamiento,  en el marco de la Resolución No. 932 del 2026."
CO1.REQ.10539855,SASI-0024-DRSR-2026 (Presentación de oferta),64,Adjudicado (Contratista Seleccionado),Lead B2B de Venta Directa,HORECA & Maquinaria Gastronómica,cuartos frios,"$112,901,250 COP",INSTITUTO NACIONAL DE MEDICINA LEGAL Y CIENCIAS FORENSES,Distrito Capital de Bogotá,No Definido,Selección abreviada subasta inversa,FRICON SOLUCIONES SAS,900272781,Contactar al contratista ganador/consorcio para ofrecer suministro y cotización inmediata.,https://community.secop.gov.co/Public/Tendering/OpportunityDetail/Index?noticeUID=CO1.NTC.10397008,ADQUISICIÓN DE EQUIPOS (UNIDAD CONDENSADORA INCLUYE COMPRESOR) DE REFRIGERACIÓN PARA LAS NEVERAS DE CUERPOS Y CUARTOS FRIOS DE LA REGIONAL SUROCCIDENTE DEL INSTITUTO NACIONAL DE MEDICINA LEGAL Y CIENCIAS FORENSES.
CO1.REQ.11095078,LP 002 DE 2026 (Presentación de oferta),63,Licitación Abierta (En Ofertas),Oportunidad de Alianza / Cotización,"Eventos, Logística & Víveres",víveres,"$696,521,117 COP",MUNICIPIO DE DABEIBA,Antioquia,Dabeiba,Licitación pública,No Definido,No Definido,Compartir la oportunidad con clientes aliados para que presenten oferta incluyendo nuestros suministros.,https://community.secop.gov.co/Public/Tendering/OpportunityDetail/Index?noticeUID=CO1.NTC.10950450,"ADQUISICIÓN DE VÍVERES PARA LOS PROYECTOS APOYO A BACHILLERATO, PRIMARIA, ASAMBLEA, AGROPECUARIO, JUSTICIA, SALUD TRADICIONAL, GÉNERO Y KITS EXEQUIAL RESGUARDOS INDÍGENAS (RIOS PAVARANDÓ Y AMPARRADÓ MEDIO, CHUSCAL, TUGURIDOCITO, CHIMURRO NENDO, MONZH"
CO1.REQ.11076869,712-2026,63,Licitación Abierta (En Ofertas),Oportunidad de Alianza / Cotización,"Eventos, Logística & Víveres",alimentos perecederos,"$500,000,000 COP",E.S.E HOSPITAL FRANCISCO VALDERRAMA DE TURBO,Antioquia,Turbo,Contratación régimen especial,CREAR FUTURO DARIEN S.A.S.,No Definido,Compartir la oportunidad con clientes aliados para que presenten oferta incluyendo nuestros suministros.,https://community.secop.gov.co/Public/Tendering/OpportunityDetail/Index?noticeUID=CO1.NTC.10933335,"SUMINISTRO DE ALIMENTOS PERECEDEROS, NO PERECEDEROS, CARNICOS Y CHARCUTERIA PARA LOS DIFERENTES USUARIOS DE LA E.S.E HOSPITAL FRANCISCO VALDERRAMA."
CO1.REQ.11049857,SASI 007-042-2026,63,Licitación Abierta (En Ofertas),Oportunidad de Alianza / Cotización,"Eventos, Logística & Víveres",refrigerios,"$400,000,000 COP",AGENCIA LOGISTICA DE LAS FUERZAS MILITARES,Distrito Capital de Bogotá,Bogotá,Selección abreviada subasta inversa,No Definido,No Definido,Compartir la oportunidad con clientes aliados para que presenten oferta incluyendo nuestros suministros.,https://community.secop.gov.co/Public/Tendering/OpportunityDetail/Index?noticeUID=CO1.NTC.10924440,"Suministro de productos de panadería y otros refrigerios con destino a los comedores de tropa de la BR4 -BR14, BR15, BR17, Fuerza Aeroespacial Colombiana y Armada Nacional de la Agencia Logística de las Fuerzas Militares Regional Antioquia Chocó y ot"
CO1.REQ.10925354,CRC-SA-0012-2026 (Manifestación de interés (Menor Cuantía)) (Presentación de oferta),60,Adjudicado (Contratista Seleccionado),Lead B2B de Venta Directa,"Eventos, Logística & Víveres",operador logístico,"$271,925,000 COP",CORPORACION AUTONOMA REGIONAL DEL CAUCA  12,Cauca,Popayán,Selección Abreviada de Menor Cuantía,LILIANA VALENCIA CASTRILLON,34546097,Contactar al contratista ganador/consorcio para ofrecer suministro y cotización inmediata.,https://community.secop.gov.co/Public/Tendering/OpportunityDetail/Index?noticeUID=CO1.NTC.10778748,"Prestar a todo costo los servicios como operador logístico, para la organización y ejecución de actividades logísticas necesarias, que contribuyan al cumplimiento de las metas establecidas en los diferentes proyectos de la Subdirección de Gestión Amb"
CO1.REQ.10379126,SI-SGM-010-2026  (Presentación de oferta),60,Adjudicado (Contratista Seleccionado),Lead B2B de Venta Directa,"Eventos, Logística & Víveres",refrigerios,"$220,000,000 COP",MUNICIPIO DE MONTERIA,Córdoba,Montería,Selección abreviada subasta inversa,LINA MARCELA MEJIA GOMEZ,26202687,Contactar al contratista ganador/consorcio para ofrecer suministro y cotización inmediata.,https://community.secop.gov.co/Public/Tendering/OpportunityDetail/Index?noticeUID=CO1.NTC.10236081,"SUMINISTRO DE ALIMENTOS PREPARADOS (DESAYUNOS, ALMUERZOS, COMIDAS Y REFRIGERIOS) INCLUIDO MENAJE PARA LOS DISTINTOS EVENTOS ORGANIZADOS POR LAS DEPENDENCIAS ADMINISTRATIVAS DEL MUNICIPIO DE MONTERIA"
CO1.REQ.11065130,MC-013-2026 (Manifestación de interés (Menor Cuantía)) (Presentación de oferta),60,Adjudicado (Contratista Seleccionado),Lead B2B de Venta Directa,"Eventos, Logística & Víveres",viveres,"$204,041,692 COP",Alcaldía De Villamaria,Caldas,Villamaría,Selección Abreviada de Menor Cuantía,No Definido,No Definido,Contactar al contratista ganador/consorcio para ofrecer suministro y cotización inmediata.,https://community.secop.gov.co/Public/Tendering/OpportunityDetail/Index?noticeUID=CO1.NTC.10921019,EL CONTRATISTA SE OBLIGA PARA CON EL MUNICIPIO A REALIZAR EL SUMINISTRO DE ALIMENTOS Y PRODUCTOS ALIMENTARIOS PARA EL FUNCIONAMIENTO Y OPERACIÓN DE LOS CENTRO DE DESARROLLO INFANTIL DE VILLAMARIA CALDAS EN EL MARCO DEL CONVENIO INTERADMINISTRATIVO NR
CO1.REQ.11098785,SAMC-VLL-CNPB-0005-2026 (Manifestación de interés (Menor Cuantía)) (Presentación de oferta),59,Licitación Abierta (En Ofertas),Oportunidad de Alianza / Cotización,HORECA & Maquinaria Gastronómica,menaje,"$287,337,800 COP",SENA REGIONAL VALLE Grupo Administrativo CNPB,Valle del Cauca,Buenaventura,Selección Abreviada de Menor Cuantía,No Definido,No Definido,Compartir la oportunidad con clientes aliados para que presenten oferta incluyendo nuestros suministros.,https://community.secop.gov.co/Public/Tendering/OpportunityDetail/Index?noticeUID=CO1.NTC.10953859,"Contratar la adquisición de elementos de dotación, seguridad y bienestar para las aulas móviles fluviales y marítimas destinadas a la formación en territorios costeros y ribereños del Chocó, Guapi, Tumaco y Buenaventura, en el marco del proyecto NACI"
CO1.REQ.11071115,SASI-0005-DRNT-2026,59,Licitación Abierta (En Ofertas),Oportunidad de Alianza / Cotización,HORECA & Maquinaria Gastronómica,cuartos frios,"$149,999,091 COP",INSTITUTO NACIONAL DE MEDICINA LEGAL Y CIENCIAS FORENSES,Distrito Capital de Bogotá,No Definido,Selección abreviada subasta inversa,No Definido,No Definido,Compartir la oportunidad con clientes aliados para que presenten oferta incluyendo nuestros suministros.,https://community.secop.gov.co/Public/Tendering/OpportunityDetail/Index?noticeUID=CO1.NTC.10947240,87 - ADQUISICION DE AIRES ACONDICIONADOS REPUESTOS DE REFRIGERACION CUARTOS FRIOS Y NEVERAS PARA LA REGIONAL NORTE DEL INSTITUTO NACIONAL DE MEDICINA LEGAL Y CIENCIAS FORENSES.
CO1.REQ.11105105,SAMEC-005-2026 (Manifestación de interés (Menor Cuantía)) (Presentación de oferta),55,Licitación Abierta (En Ofertas),Oportunidad de Alianza / Cotización,"Eventos, Logística & Víveres",hortalizas,"$256,648,733 COP",MUNICIPIO DE SANTA FE DE ANTIOQUIA,Antioquia,No Definido,Selección Abreviada de Menor Cuantía,No Definido,No Definido,Compartir la oportunidad con clientes aliados para que presenten oferta incluyendo nuestros suministros.,https://community.secop.gov.co/Public/Tendering/OpportunityDetail/Index?noticeUID=CO1.NTC.10960031,"MEJORAR Y CONSOLIDAR LAS CADENAS PRODUCTIVAS AGROPECUARIAS EN AGUACATE, LIMÓN TAHITÍ, PISCICULTURA, RENOVACIÓN DE CAFÉ Y HORTALIZAS MEDIANTE EL SUMINISTRO DE INSUMOS Y APOYO EN EL FORTALECIMIENTO DE SISTEMAS QUE MEJOREN LA PRODUCTIVIDAD EN EL ÁREA RU"
