id,referencia,score_calidad,etapa_comercial,tipo_oportunidad,sectores,materiales_detectados,precio_formateado,entidad,departamento,ciudad,modalidad,contratista_nombre,contratista_nit,accion_sugerida,url_secop,descripcion
CO1.REQ.11047670,ESAL-MSS-006-2026,95,Adjudicado (Contratista Seleccionado),Lead B2B de Venta Directa,HORECA & Maquinaria Gastronómica,"alimentación escolar, pae","$100,481,483,980 COP",ALCALDIA MUNICIPIO DE SATIVASUR,Boyacá,Sativasur,Contratación régimen especial (con ofertas),FUNDACION DEDICADA A LA RESPONSABILIDAD SOCIAL FUND@R,No Definido,Contactar al contratista ganador/consorcio para ofrecer suministro y cotización inmediata.,https://community.secop.gov.co/Public/Tendering/OpportunityDetail/Index?noticeUID=CO1.NTC.10903775,"AUNAR ESFUERZOS TÉCNICOS, ADMINISTRATIVOS Y FINANCIEROS PARA LA EJECUCIÓN DEL PROGRAMA DE ALIMENTACIÓN ESCOLAR A LOS ESTUDIANTES DE LAS INSTITUCIONES EDUCATIVAS OFICIALES DEL MUNICIPIO DE SATIVASUR, EN CUMPLIMIENTO DEL CONVENIO INTERADMINISTRATIVO No"
CO1.REQ.10381967,SE-LP-001-2026 (Presentación de oferta),95,Adjudicado (Contratista Seleccionado),Lead B2B de Venta Directa,HORECA & Maquinaria Gastronómica,"alimentación escolar, pae","$13,292,211,865 COP",DEPARTAMENTO DE CORDOBA,Córdoba,Montería,Licitación pública,CONSORCIO CORDOBA NUTRE,902067860,Contactar al contratista ganador/consorcio para ofrecer suministro y cotización inmediata.,https://community.secop.gov.co/Public/Tendering/OpportunityDetail/Index?noticeUID=CO1.NTC.10239350,IMPLEMENTACIÓN DEL PROGRAMA DE ALIMENTACIÓN ESCOLAR -PAE- EN LOS ESTABLECIMIENTOS EDUCATIVOS OFICIALES DE LOS 27 MUNICIPIOS NO CERTIFICADOS DEL DEPARTAMENTO DE CÓRDOBA
CO1.REQ.9825062,02-2026,95,Adjudicado (Contratista Seleccionado),Lead B2B de Venta Directa,HORECA & Maquinaria Gastronómica,"alimentación escolar, pae","$4,848,966,024 COP",MUNICIPIO DE MARINILLA,Antioquia,Marinilla,Contratación régimen especial (con ofertas),Fundacion Accion Solidaria Por Colombia,No Definido,Contactar al contratista ganador/consorcio para ofrecer suministro y cotización inmediata.,https://community.secop.gov.co/Public/Tendering/OpportunityDetail/Index?noticeUID=CO1.NTC.9673718,"Aunar esfuerzos técnicos, administrativos, financieros y logísticos para la ejecución del Programa de Alimentación Escolar (PAE) en el Municipio de Marinilla, Antioquia, a través del cual se brinda un complemento alimentario y nutricional a los niños"
CO1.REQ.10988098,CI-011-2026,95,Adjudicado (Contratista Seleccionado),Lead B2B de Venta Directa,HORECA & Maquinaria Gastronómica,"alimentación escolar, pae","$1,043,921,154 COP",ALCALDIA MUNICIPAL SAN CARLOS,Antioquia,San Carlos,Contratación Directa (con ofertas),La Provincia de La Paz,901250504,Contactar al contratista ganador/consorcio para ofrecer suministro y cotización inmediata.,https://community.secop.gov.co/Public/Tendering/OpportunityDetail/Index?noticeUID=CO1.NTC.10842382,"EJECUTAR EL PROGRAMA DE ALIMENTACIÓN ESCOLAR EN EL MARCO DEL CONVENIO INTERADMINISTRATIVO No. 4600019333 CUYO OBJETO CONTRACTUAL ES:  INTEGRAR ESFUERZOS PARA LA EJECUCIÓN DEL PROGRAMA DE   ALIMENTACIÓN ESCOLAR - PAE, PARA LOS NIÑOS, NIÑAS Y ADOLESCEN"
CO1.REQ.10716474,SE-LP-002-2026,90,Licitación Abierta (En Ofertas),Oportunidad de Alianza / Cotización,HORECA & Maquinaria Gastronómica,"alimentación escolar, pae","$46,171,655,466 COP",DEPARTAMENTO DE CORDOBA,Córdoba,Montería,Licitación pública,No Definido,No Definido,Compartir la oportunidad con clientes aliados para que presenten oferta incluyendo nuestros suministros.,https://community.secop.gov.co/Public/Tendering/OpportunityDetail/Index?noticeUID=CO1.NTC.10572556,"IMPLEMENTACIÓN DEL PROGRAMA DE ALIMENTACIÓN ESCOLAR - PAE- EN LOS ESTABLECIMIENTOS EDUCATIVOS OFICIALES DE LOS 27 MUNICIPIOS NO
CERTIFICADOS DEL DEPARTAMENTO DE CÓRDOBA"
CO1.REQ.11057665,LOP-EICE-AMV-001-2026,90,Licitación Abierta (En Ofertas),Oportunidad de Alianza / Cotización,Energía Solar & Alumbrado Público,"fotovoltaica, energía solar","$9,443,936,281 COP",EMPRESA INDUSTRIAL Y COMERCIAL DEL ESTADO AREA METROPOLITANA DE VALLEDUPAR E.I.C.E. AMV,Cesar,Valledupar,Licitación pública Obra Publica,No Definido,No Definido,Compartir la oportunidad con clientes aliados para que presenten oferta incluyendo nuestros suministros.,https://community.secop.gov.co/Public/Tendering/OpportunityDetail/Index?noticeUID=CO1.NTC.10914544,INSTALACIÓN DE SISTEMAS DE ENERGÍA SOLAR FOTOVOLTAICA EN ZONAS NO INTERCONECTADAS DEL MUNICIPIO DE PUEBLO BELLO DEPARTAMENTO DEL CESAR
CO1.REQ.11061608,No. OB-039-2026,90,Licitación Abierta (En Ofertas),Oportunidad de Alianza / Cotización,Energía Solar & Alumbrado Público,"fotovoltaica, energía solar","$5,058,459,462 COP",FONER,Valle del Cauca,Cali,Contratación régimen especial,INGENIEROS & ARQUITECTOS CONSTRUCTORES S.A.S,No Definido,Compartir la oportunidad con clientes aliados para que presenten oferta incluyendo nuestros suministros.,https://community.secop.gov.co/Public/Tendering/OpportunityDetail/Index?noticeUID=CO1.NTC.10917086,"CONSTRUCCIÓN DE SISTEMAS AUTÓNOMOS DE GENERACIÓN DE ENERGÍA SOLAR FOTOVOLTAICA PARA LA ENERGIZACIÓN DE VIVIENDAS EN LAS ZONAS RURALES NO INTERCONECTADAS DEL MUNICIPIO DE CÉRTEGUI, CHOCÓ, IDENTIFICADO CON CÓDIGO BPIN NO. 2026271600001"
CO1.REQ.10643483,CMM-2026-000071,90,Licitación Abierta (En Ofertas),Oportunidad de Alianza / Cotización,Acero & Metalmecánica,"cerchas, estructura metálica","$1,745,000,000 COP",UNAD,Distrito Capital de Bogotá,Bogotá,Contratación régimen especial,No Definido,No Definido,Compartir la oportunidad con clientes aliados para que presenten oferta incluyendo nuestros suministros.,https://community.secop.gov.co/Public/Tendering/OpportunityDetail/Index?noticeUID=CO1.NTC.10498575,"REALIZAR LA CIMENTACIÓN, ASÍ COMO EL DISEÑO, FABRICACIÓN E INSTALACIÓN DE RIOSTRAS, CERCHAS Y COLUMNAS EN ESTRUCTURA METÁLICA PARA LA CONSTRUCCIÓN DE ESTRUCTURAS DE PROTECCIÓN SUPERIOR EN ZONAS DEPORTIVAS DEL CCAV PITALITO Y CCAV PUERTO COLOMBIA DE L"
CO1.REQ.11043283,LP-004-2026 (Presentación de oferta),90,Licitación Abierta (En Ofertas),Oportunidad de Alianza / Cotización,HORECA & Maquinaria Gastronómica,"alimentación escolar, pae","$1,716,380,090 COP",MUNICIPIO DE CHIGORODO,Antioquia,Chigorodó,Licitación pública,No Definido,No Definido,Compartir la oportunidad con clientes aliados para que presenten oferta incluyendo nuestros suministros.,https://community.secop.gov.co/Public/Tendering/OpportunityDetail/Index?noticeUID=CO1.NTC.10898394,"OPERACIÓN DEL PROGRAMA DE ALIMENTACIÓN ESCOLAR A TRAVÉS DEL CUAL SE BRINDE UNA RACIÓN ALIMENTICIA A LOS NIÑOS, NIÑAS Y ADOLESCENTES DE LAS INSTITUCIONES OFICIALES (lEO) DEL MUNICIPIO DE CHIGORODÓ BENEFICIARIOS DEL PROGRAMA DE ALIMENTACIÓN ESCOLAR -PA"
CO1.REQ.10996910,LP-002 DE 2026,90,Licitación Abierta (En Ofertas),Oportunidad de Alianza / Cotización,HORECA & Maquinaria Gastronómica,"alimentación escolar, pae","$1,309,415,109 COP",MUNICIPIO DE FRONTINO,Antioquia,Frontino,Licitación pública,No Definido,No Definido,Compartir la oportunidad con clientes aliados para que presenten oferta incluyendo nuestros suministros.,https://community.secop.gov.co/Public/Tendering/OpportunityDetail/Index?noticeUID=CO1.NTC.10852576,"SUMINISTRO DE MANERA OPORTUNA LOS BIENES Y SERVICIOS PARA LA EJECUCIÓN E IMPLEMENTACIÓN DEL PROGRAMA DE ALIMENTACIÓN ESCOLAR PARA LOS NIÑOS, NIÑAS Y ADOLESCENTES DE LA MATRICULA OFICIAL EN CUMPLIMIENTO DEL CONVENIO INTERADMINISTRATIVO 4600019305 SUSC"
CO1.REQ.10964839,500-OS- 2197-2026,90,Licitación Abierta (En Ofertas),Oportunidad de Alianza / Cotización,Energía Solar & Alumbrado Público,"alumbrado público, alumbrado publico","$1,240,372,309 COP",EMPRESAS MUNICIPALES DE CALI,Valle del Cauca,Cali,Contratación régimen especial,No Definido,No Definido,Compartir la oportunidad con clientes aliados para que presenten oferta incluyendo nuestros suministros.,https://community.secop.gov.co/Public/Tendering/OpportunityDetail/Index?noticeUID=CO1.NTC.10831940,"Prestación de servicios de cuadrillas para la atención, reparación, adecuación y restablecimiento de las condiciones de funcionamiento del Sistema de Alumbrado Público SALP, mediante la ejecución de actividades operativas y técnicas requeridas para a"
CO1.REQ.11037225,SPO-001-2026,90,Licitación Abierta (En Ofertas),Oportunidad de Alianza / Cotización,Energía Solar & Alumbrado Público,"fotovoltaica, energia solar","$1,034,392,900 COP",COMPAÑIA ENERGETICA DEL CARIBE S.A.S. ESP,Córdoba,Montería,Contratación régimen especial,No Definido,No Definido,Compartir la oportunidad con clientes aliados para que presenten oferta incluyendo nuestros suministros.,https://community.secop.gov.co/Public/Tendering/OpportunityDetail/Index?noticeUID=CO1.NTC.10891535,"CONSTRUCCIÓN DE SISTEMAS DE ENERGIA SOLAR FOTOVOLTAICA EN ZONAS RURALES DEL MUNICIPIO DE SAN ANTONIO DE PALMITO, DEPARTAMENTO DE SUCRE."
CO1.REQ.11023650,LP-003-2026,90,Licitación Abierta (En Ofertas),Oportunidad de Alianza / Cotización,HORECA & Maquinaria Gastronómica,"alimentación escolar, pae","$1,030,819,911 COP",ALCALDIA MUNICIPIO DE SONSON,Antioquia,Sonson,Licitación pública,No Definido,No Definido,Compartir la oportunidad con clientes aliados para que presenten oferta incluyendo nuestros suministros.,https://community.secop.gov.co/Public/Tendering/OpportunityDetail/Index?noticeUID=CO1.NTC.10877902,"CONTRATAR LA EJECUCIÓN DEL PROGRAMA DE ALIMENTACIÓN ESCOLAR PAE VIGENCIA 2026 EN EL MUNICIPIO DE SONSÓN, ANTIOQUIA."
CO1.REQ.10361018,SA-MC-01-2026 (Manifestación de interés (Menor Cuantía)) (Presentación de oferta),88,Adjudicado (Contratista Seleccionado),Lead B2B de Venta Directa,Energía Solar & Alumbrado Público,"fotovoltaica, energía solar","$792,913,997 COP",Rama Judicial  Dirección Seccional de Administración Judicial de Pereira,Risaralda,Pereira,Selección Abreviada de Menor Cuantía,VHZ INGENIERIA S.A.S,900151289,Contactar al contratista ganador/consorcio para ofrecer suministro y cotización inmediata.,https://community.secop.gov.co/Public/Tendering/OpportunityDetail/Index?noticeUID=CO1.NTC.10217921,"Contratar, en nombre de la Nación - Consejo Superior de la Judicatura - Dirección Seccional de Administración Judicial de Pereira - Risaralda, el suministro, instalación, pruebas y puesta en funcionamiento de los sistemas de energía solar fotovoltaic"
CO1.REQ.11014161,CD-CLD-1010-005-2026,88,Adjudicado (Contratista Seleccionado),Lead B2B de Venta Directa,Energía Solar & Alumbrado Público,"eficiencia energética, fotovoltaico","$753,580,800 COP",SENA REGIONAL CALDAS Grupo de Apoyo Administrativo Mixto,Caldas,No Definido,Contratación Directa (con ofertas),PROMOTORA ENERGÉTICA DEL CENTRO S.A.S E.S.P,No Definido,Contactar al contratista ganador/consorcio para ofrecer suministro y cotización inmediata.,https://community.secop.gov.co/Public/Tendering/OpportunityDetail/Index?noticeUID=CO1.NTC.10868233,"IMPLEMENTAR UNA SOLUCIÓN INTEGRAL DE EFICIENCIA ENERGÉTICA MEDIANTE EL DISEÑO, SUMINISTRO, INSTALACIÓN, MONTAJE, PUESTA EN OPERACIÓN Y MANTENIMIENTO DE UN SISTEMA SOLAR FOTOVOLTAICO CONECTADO A LA RED ELÉCTRICA EN EL CENTRO DE DESARROLLO MINERO AMBIE"
CO1.REQ.11028510,RE-ESAL-AMVL-014-2026,88,Adjudicado (Contratista Seleccionado),Lead B2B de Venta Directa,HORECA & Maquinaria Gastronómica,"alimentación escolar, pae","$710,407,172 COP",MUNICIPIO DE VILLA DE LEYVA//,Boyacá,Villa De Leyva,Contratación régimen especial (con ofertas),PROSERVIRTE,900918168,Contactar al contratista ganador/consorcio para ofrecer suministro y cotización inmediata.,https://community.secop.gov.co/Public/Tendering/OpportunityDetail/Index?noticeUID=CO1.NTC.10885910,"AUNAR ESFUERZOS TÉCNICOS, ADMINISTRATIVOS Y FINANCIEROS EN LA IMPLEMENTACIÓN Y EJECUCIÓN DEL PROGRAMA DE ALIMENTACIÓN ESCOLAR PAE, ENTRE EL DEPARTAMENTO DE BOYACÁ Y EL MUNICIPIO DE VILLA DE LEYVA, PARA GARANTIZAR EL PROGRAMA DE ALIMENTACIÓN ESCOLAR -"
CO1.REQ.11007827,ESAL-001-2026,88,Adjudicado (Contratista Seleccionado),Lead B2B de Venta Directa,HORECA & Maquinaria Gastronómica,"alimentación escolar, pae","$576,730,100 COP",MUNICIPIO DE BETULIA,Antioquia,Betulia,Contratación régimen especial (con ofertas),CORPORACION FUERZA Y DESARROLLO,901466332,Contactar al contratista ganador/consorcio para ofrecer suministro y cotización inmediata.,https://community.secop.gov.co/Public/Tendering/OpportunityDetail/Index?noticeUID=CO1.NTC.10861272,"Ejecución del Programa de Alimentación Escolar (PAE) para los niños, niñas y adolescentes, estudiantes de las instituciones educativas oficiales del Municipio de Betulia"
CO1.REQ.10358371,COMPETITIVO-ESAL-002-2026,88,Adjudicado (Contratista Seleccionado),Lead B2B de Venta Directa,HORECA & Maquinaria Gastronómica,"alimentación escolar, pae","$529,529,000 COP",ALCALDÍA MUNICIPAL DE CHAPARRAL,Tolima,Chaparral,Contratación régimen especial (con ofertas),PRECOOPVIVERES,No Definido,Contactar al contratista ganador/consorcio para ofrecer suministro y cotización inmediata.,https://community.secop.gov.co/Public/Tendering/OpportunityDetail/Index?noticeUID=CO1.NTC.10217842,"PRESTACIÓN DE SERVICIO DE ALIMENTACIÓN ESCOLAR (PAE) PARA NIÑOS, NIÑAS Y ADOLESCENTES DE LAS SEDES EDUCATIVAS DEL MUNICIPIO DE CHAPARRAL TOLIMA"
CO1.REQ.10955523,SAMT-SI-001-2026 (Manifestación de interés (Menor Cuantía)) (Presentación de oferta),88,Adjudicado (Contratista Seleccionado),Lead B2B de Venta Directa,Energía Solar & Alumbrado Público,"alumbrado publico, luminarias led, fotovoltaico","$482,671,254 COP",MUNICIPIO DE TAURAMENA,Casanare,Tauramena,Selección Abreviada de Menor Cuantía,M&M MONTAJES SAS,900672506,Contactar al contratista ganador/consorcio para ofrecer suministro y cotización inmediata.,https://community.secop.gov.co/Public/Tendering/OpportunityDetail/Index?noticeUID=CO1.NTC.10812049,"CONSTRUCCIÓN ALUMBRADO PUBLICO FOTOVOLTAICO TIPO OFF GRID PARA LUMINARIAS LED STAND ALONE, EN LAS VEREDA JAGÜITO, EN EL MUNICIPIO DE TAURAMENA, CASANARE"
CO1.REQ.10985765,MT-ESAL-005-2026,88,Adjudicado (Contratista Seleccionado),Lead B2B de Venta Directa,HORECA & Maquinaria Gastronómica,"alimentación escolar, pae","$351,010,397 COP",ALCALDÍA MUNICIPAL DE TOTA,Boyacá,Tota,Contratación régimen especial (con ofertas),"CORPORACION, ARTE CULTURA Y DESARROLLO LIBRE",No Definido,Contactar al contratista ganador/consorcio para ofrecer suministro y cotización inmediata.,https://community.secop.gov.co/Public/Tendering/OpportunityDetail/Index?noticeUID=CO1.NTC.10840390,"AUNAR ESFUERZOS TÉCNICOS, ADMINISTRATIVOS Y FINANCIEROS PARA LA IMPLEMENTACIÓN Y EJECUCIÓN DEL PROGRAMA DE ALIMENTACIÓN ESCOLAR PAE, DURANTE EL SEGUNDO SEMESTRE AÑO 2026 EN ATENCIÓN AL CONVENIO INTERADMINISTRATIVO No. CO1.PCCNTR.9779301/2631 DE 2026"
CO1.REQ.10977606,ESAL N°. 003-2026,88,Adjudicado (Contratista Seleccionado),Lead B2B de Venta Directa,HORECA & Maquinaria Gastronómica,"alimentación escolar, pae","$303,175,052 COP",MUNICIPIO DE VENECIA ANTIOQUIA,Antioquia,Venecia,Contratación régimen especial (con ofertas),CORPORACIÓN BIENESTAR POR EL FUTURO,9014208543,Contactar al contratista ganador/consorcio para ofrecer suministro y cotización inmediata.,https://community.secop.gov.co/Public/Tendering/OpportunityDetail/Index?noticeUID=CO1.NTC.10831622,"INTEGRAR ESFUERZOS PARA LA EJECUCIÓN DEL PROGRAMA DE ALIMENTACIÓN ESCOLAR - PAE, PARA LOS NIÑOS, NIÑAS Y ADOLESCENTES DE LA MATRÍCULA OFICIAL DEL MUNICIPIO DE VENECIA  ANTIOQUIA, NO CERTIFICADO EN EDUCACIÓN - ANTIOQUIA, PARA LA VIGENCIA 2026-2"
CO1.REQ.10962815,PC-001-2026,88,Adjudicado (Contratista Seleccionado),Lead B2B de Venta Directa,HORECA & Maquinaria Gastronómica,"alimentación escolar, pae","$302,678,968 COP",ALCALDIA MUNICIPIO DE TOLEDO,Antioquia,No Definido,Contratación régimen especial (con ofertas),CORPORACION PROSPECTAR,900063428,Contactar al contratista ganador/consorcio para ofrecer suministro y cotización inmediata.,https://community.secop.gov.co/Public/Tendering/OpportunityDetail/Index?noticeUID=CO1.NTC.10817115,"Ejecutar las actividades técnicas, administrativas y logísticas requeridas para la implementación del Programa de Alimentación Escolar PAE, dirigido a los niños, niñas y adolescentes de la matrícula oficial del Municipio de Toledo, Antioquia, durante"
CO1.REQ.9495433,MP-LP-004-2025,83,Licitación Abierta (En Ofertas),Oportunidad de Alianza / Cotización,HORECA & Maquinaria Gastronómica,"alimentación escolar, pae","$699,095,760 COP",MUNICIPIO DE PURIFICACION,Tolima,No Definido,Licitación pública,No Definido,No Definido,Compartir la oportunidad con clientes aliados para que presenten oferta incluyendo nuestros suministros.,https://community.secop.gov.co/Public/Tendering/OpportunityDetail/Index?noticeUID=CO1.NTC.9347920,PROGRAMA DE ALIMENTACIÓN ESCOLAR (PAE) A LOS ESTUDIANTES MATRICULADOS EN LAS INSTITUCIONES EDUCATIVAS OFICIALES DEL MUNICIPIO DE PURIFICACIÓN TOLIMA
CO1.REQ.10989183,LP-002-2026,83,Licitación Abierta (En Ofertas),Oportunidad de Alianza / Cotización,HORECA & Maquinaria Gastronómica,"alimentación escolar, pae","$670,380,479 COP",MUNICIPIO DE BARBOSA,Antioquia,Barbosa,Licitación pública,No Definido,No Definido,Compartir la oportunidad con clientes aliados para que presenten oferta incluyendo nuestros suministros.,https://community.secop.gov.co/Public/Tendering/OpportunityDetail/Index?noticeUID=CO1.NTC.10843730,"INTEGRAR ESFUERZOS PARA LA EJECUCIÓN DEL PROGRAMA DE ALIMENTACIÓN ESCOLAR PAE, PARA LOS NIÑOS, NIÑAS Y ADOLESCENTES DE LA MATRÍCULA OFICIAL DEL MUNICIPIO DE BARBOSA ANTIOQUIA, NO CERTIFICADO EN EDUCACIÓN, PARA LA VIGENCIA 2026 - 2."
CO1.REQ.11014762,INT-SMC-029- 2026.,83,Licitación Abierta (En Ofertas),Oportunidad de Alianza / Cotización,Energía Solar & Alumbrado Público,"fotovoltaica, energía solar","$510,892,582 COP",FONDESCOL,Santander,Floridablanca,Contratación régimen especial,No Definido,No Definido,Compartir la oportunidad con clientes aliados para que presenten oferta incluyendo nuestros suministros.,https://community.secop.gov.co/Public/Tendering/OpportunityDetail/Index?noticeUID=CO1.NTC.10868870,"INTERVENTORIA TÉCNICA, ADMINISTRATIVA Y FINANCIERA PARA EL PROYECTO DENOMINADO CONSTRUCCIÓN DE SISTEMAS DE ENERGÍA SOLAR FOTOVOLTAICA EN LA ZONA RURAL DE CIÉNAGA, MAGDALENA"
CO1.REQ.11039443,SUBASTA INVERSA No. 003/2026 (Presentación de oferta),83,Licitación Abierta (En Ofertas),Oportunidad de Alianza / Cotización,HORECA & Maquinaria Gastronómica,"alimentación escolar, pae","$470,460,291 COP",MUNICIPIO DE PEQUE,Antioquia,Peque,Selección abreviada subasta inversa,No Definido,No Definido,Compartir la oportunidad con clientes aliados para que presenten oferta incluyendo nuestros suministros.,https://community.secop.gov.co/Public/Tendering/OpportunityDetail/Index?noticeUID=CO1.NTC.10893555,"SUMINISTRO DE RACIÓN SEGUN MINUTA Y LA CONTRATACIÓN DEL PERSONAL MANIPULADOR DE ALIMENTOS DESTINADO A LA EJECUCIÓN DEL PROGRAMA DE ALIMENTACIÓN ESCOLAR (PAE), DIRIGIDO A NIÑOS, NIÑAS Y ADOLESCENTES CARACTERIZADOS EN LA MATRICULA OFICIAL DEL MUNICIPIO"
CO1.REQ.11025273,SASI-009-2026,83,Licitación Abierta (En Ofertas),Oportunidad de Alianza / Cotización,HORECA & Maquinaria Gastronómica,"alimentación escolar, pae","$373,627,090 COP",MUNICIPIO DE AMAGA,Antioquia,Amagá,Selección abreviada subasta inversa,No Definido,No Definido,Compartir la oportunidad con clientes aliados para que presenten oferta incluyendo nuestros suministros.,https://community.secop.gov.co/Public/Tendering/OpportunityDetail/Index?noticeUID=CO1.NTC.10881155,"INTEGRAR ESFUERZOS PARA LA EJECUCIÓN DEL PROGRAMA DE ALIMENTACIÓN ESCOLAR - PAE, PARA LOS NIÑOS, NIÑAS Y ADOLESCENTES DE LA MATRÍCULA OFICIAL DEL MUNICIPIO DE AMAGÁ - ANTIOQUIA, NO CERTIFICADO EN EDUCACIÓN, PARA LA VIGENCIA 2026-2"
CO1.REQ.11065962,SAMC-014-2026 (Manifestación de interés (Menor Cuantía)),83,Licitación Abierta (En Ofertas),Oportunidad de Alianza / Cotización,Energía Solar & Alumbrado Público,"alumbrado público, fotovoltaico","$332,719,049 COP",CORMACARENA,Meta,Villavicencio,Selección Abreviada de Menor Cuantía,No Definido,No Definido,Compartir la oportunidad con clientes aliados para que presenten oferta incluyendo nuestros suministros.,https://community.secop.gov.co/Public/Tendering/OpportunityDetail/Index?noticeUID=CO1.NTC.10922511,"IMPLEMENTACIÓN DE SOLUCIONES ENERGÉTICAS RENOVABLES MEDIANTE ALUMBRADO PÚBLICO FOTOVOLTAICO, ORIENTADOS A FORTALECER LA INFRAESTRUCTURA COMUNITARIA A LOS RESGUARDOS INDÍGENAS DE EL TIGRE,  WALLIANAE (PUERTO GAITÁN), NAEXAL PUT (PUERTO CONCORDIA), DOK"
CO1.REQ.11061828,No.IN-031-2026,83,Licitación Abierta (En Ofertas),Oportunidad de Alianza / Cotización,Energía Solar & Alumbrado Público,"fotovoltaica, energía solar","$314,877,620 COP",FONER,Valle del Cauca,Cali,Contratación régimen especial,ASOCIACION GREMIAL ODS POR COLOMBIA,901901061,Compartir la oportunidad con clientes aliados para que presenten oferta incluyendo nuestros suministros.,https://community.secop.gov.co/Public/Tendering/OpportunityDetail/Index?noticeUID=CO1.NTC.10918117,"INTERVENTORÍA TÉCNICA, FINANCIERA, JURÍDICA, ADMINISTRATIVA Y SOCIAL DEL CONTRATO DE OBRA CONSTRUCCIÓN DE SISTEMAS AUTÓNOMOS DE GENERACIÓN DE ENERGÍA SOLAR FOTOVOLTAICA PARA LA ENERGIZACIÓN DE VIVIENDAS EN LAS ZONAS RURALES NO INTERCONECTADAS DEL MUN"
CO1.REQ.10544714,4100000839,83,Licitación Abierta (En Ofertas),Oportunidad de Alianza / Cotización,Acero & Metalmecánica,"varilla, acero","$313,886,112 COP",EMPRESAS PUBLICAS DE MEDELLIN E.S.P.,Antioquia,Medellín,Contratación régimen especial,Ferreteria Los Fierros,No Definido,Compartir la oportunidad con clientes aliados para que presenten oferta incluyendo nuestros suministros.,https://community.secop.gov.co/Public/Tendering/OpportunityDetail/Index?noticeUID=CO1.NTC.10400921,"Perfil cuadrado en acero uso metalmecanico 6m 1 1/2' x 1 1/2' x 3mm, varilla de acero lisa n°4 diametro 1/2' longitud 6m, varilla de acero lisa diametro 3/16' longitud 6m, varilla de acero carbon lisa 1/4' 6m uso metalmecanico, perfil cuadrado en ace"
CO1.REQ.9045709,AIM-CD-494-2025,80,Borrador de Pliegos,Oportunidad Pre-Licitación,Energía Solar & Alumbrado Público,"redes eléctricas, sistemas fotovoltaicos","$9,516,859,527 COP",AGENCIA PARA LA INFRAESTRUCTURA DEL META,Meta,Villavicencio,Contratación directa,No Definido,No Definido,Notificar a clientes contratistas para que soliciten observaciones o preparen propuesta de consorcio.,https://community.secop.gov.co/STS/Users/Login/Index,AUNAR ESFUERZOS PARA LA CONSTRUCCIÓN E IMPLEMENTACIÓN DE SISTEMAS FOTOVOLTAICOS Y REDES ELÉCTRICAS A VIVIENDAS RURALES EN LOS MUNICIPIOS DE DEPARTAMENTO DEL META
CO1.REQ.10391024,LP-002-2026,80,Proceso Activo (Evaluación),Monitoreo Comercial,HORECA & Maquinaria Gastronómica,"alimentación escolar, pae","$9,266,816,762 COP",MUNICIPIO DE CIENAGA,Magdalena,Ciénaga,Licitación pública,No Definido,No Definido,Hacer seguimiento al cierre de ofertas o adjudicación.,https://community.secop.gov.co/Public/Tendering/OpportunityDetail/Index?noticeUID=CO1.NTC.10248728,SUMINISTRO DE UN COMPLEMENTO ALIMENTARIO PARA LOS ESTUDIANTES DE LOS ESTABLECIMIENTOS EDUCATIVOS PRIORIZADOS EN EL PROGRAMA DE ALIMENTACIÓN ESCOLAR DEL MUNICIPIO DE CIÉNAGA
CO1.REQ.11066961,OP017-2026,80,Proceso Activo (Seleccionado),Monitoreo Comercial,Energía Solar & Alumbrado Público,"alumbrado público, fotovoltaico","$8,814,281,333 COP",ASOCIACIÓN DE MUNICIPIOS DEL NORTE ANTIOQUEÑO- AMUNORTE,Antioquia,Medellín,Contratación directa,No Definido,No Definido,Hacer seguimiento al cierre de ofertas o adjudicación.,https://community.secop.gov.co/Public/Tendering/OpportunityDetail/Index?noticeUID=CO1.NTC.10923386,"CONTRATO DE OBRA PARA LA AMPLIACIÓN DEL ALUMBRADO PÚBLICO SOLAR FOTOVOLTAICO MEDIANTE SUMINISTRO, INSTALACIÓN Y MONITOREO EN TRAMOS DE UNIÓN PANAMERICANA, CHOCÓ: 1. VÍA SAN PABLO; 2. EL DOS RASPADURA; 3. RASPADURA-QUIADÓ; 4. SALERO-LA YE; 5. LA YE CA"
CO1.REQ.10388408,LP-006-2026,80,Proceso Activo (Evaluación),Monitoreo Comercial,HORECA & Maquinaria Gastronómica,"alimentación escolar, pae","$7,012,656,000 COP",ALCALDIA DISTRITO DE RIOHACHA,La Guajira,Riohacha,Licitación pública,No Definido,No Definido,Hacer seguimiento al cierre de ofertas o adjudicación.,https://community.secop.gov.co/Public/Tendering/OpportunityDetail/Index?noticeUID=CO1.NTC.10250035,"FORTALECIMIENTO DEL PROGRAMA DE ALIMENTACIÓN ESCOLAR PAE,
MEDIANTE LA ENTREGA DE COMPLEMENTO ALIMENTARIO NUTRICIONAL
DEPERMANENCIADENOMINADA, LÍNEA DE INTERVENCIÓN 1.2 HAMBRE CERO, FASE 2
VIGENCIA 2026 EN EL DISTRITO DE RIOHACHA"
CO1.REQ.7372992,RG-SECD-008-2024,80,Borrador de Pliegos,Oportunidad Pre-Licitación,HORECA & Maquinaria Gastronómica,"alimentación escolar, pae","$5,075,904,960 COP",MUNICIPIO DE REMEDIOS,Antioquia,No Definido,Contratación régimen especial (con ofertas),No Definido,No Definido,Notificar a clientes contratistas para que soliciten observaciones o preparen propuesta de consorcio.,https://community.secop.gov.co/STS/Users/Login/Index,No definido
CO1.REQ.11034299,ESAL-002-2026-2,80,Proceso Activo (Abierto),Monitoreo Comercial,HORECA & Maquinaria Gastronómica,"alimentación escolar, pae","$3,149,207,473 COP",ALCALDIA DE CAUCASIA,Antioquia,Caucasia,Contratación régimen especial (con ofertas),No Definido,No Definido,Hacer seguimiento al cierre de ofertas o adjudicación.,https://community.secop.gov.co/Public/Tendering/OpportunityDetail/Index?noticeUID=CO1.NTC.10888480,"PRESTACIÓN DE SERVICIOS PARA LA IMPLEMENTACIÓN DEL PROGRAMA DE
ALIMENTACIÓN ESCOLAR PAE-, PARA LOS NIÑOS, NIÑAS Y ADOLESCENTES DE LA 
MATRICULA OFICIAL DEL MUNICIPIO DE CAUCASIA - ANTIOQUIA, PARA LA VIGENCIA
2026-2"
CO1.REQ.10388931,RE-IQ-001-2026-1,80,Proceso Activo (Seleccionado),Monitoreo Comercial,Energía Solar & Alumbrado Público,"fotovoltaica, energía solar","$2,068,201,030 COP",ASOCIACION DE CABILDO Y/O AUTORIDADES TRADICIONALES INDIGENAS INTY QUILLA3,Nariño,Pasto,Contratación régimen especial,No Definido,No Definido,Hacer seguimiento al cierre de ofertas o adjudicación.,https://community.secop.gov.co/Public/Tendering/OpportunityDetail/Index?noticeUID=CO1.NTC.10245338,"ELABORACIÓN DE ESTUDIOS Y DISEÑOS PARA LA CONSTRUCCIÓN DE UNA CENTRAL DE GENERACIÓN DE ENERGÍA SOLAR FOTOVOLTAICA EN EL MUNICIPIO DE PUERTO CARREÑO, DEPARTAMENTO DEL VICHADA."
CO1.REQ.11011357,PROCESO COMPETITIVO N° 001 DE 2026,80,Proceso Activo (Abierto),Monitoreo Comercial,HORECA & Maquinaria Gastronómica,"alimentación escolar, pae","$1,349,652,350 COP",ALCALDIA DE SAN JUAN DE URABA,Antioquia,No Definido,Contratación régimen especial (con ofertas),No Definido,No Definido,Hacer seguimiento al cierre de ofertas o adjudicación.,https://community.secop.gov.co/Public/Tendering/OpportunityDetail/Index?noticeUID=CO1.NTC.10865716,"AUNAR ESFUERZOS TECNICOS ADMINISTRATIVOS Y FINANCIEROS PARA LA EJECUCIÓN DEL PROGRAMA DE ALIMENTACIÓN ESCOLAR - (PAE), PAR LOS NIÑOS, NIÑAS, ADOLESCENTES Y JÓVENES DE LA MATRICULA OFICIAL DEL MUNICIPIO DE SAN JUAN DE URABA, ANTIOQUIA EN EL AÑO 2026. "
CO1.REQ.2782798,SE-054-2022,80,Borrador de Pliegos,Oportunidad Pre-Licitación,HORECA & Maquinaria Gastronómica,"alimentación escolar, pae","$1,221,470,539 COP",DEPARTAMENTO DE CORDOBA,Córdoba,Montería,Contratación Directa (con ofertas),No Definido,No Definido,Notificar a clientes contratistas para que soliciten observaciones o preparen propuesta de consorcio.,https://community.secop.gov.co/STS/Users/Login/Index,"CONTRATO DE PRESTACIÓN DE LOS SERVICIOS DEL PROGRAMA DE ALIMENTACIÓN ESCOLAR PAE INDÍGENA DEL CABILDO MAYOR DEL RESGUARDO KARAGABY, VIGENCIA 2022"
CO1.REQ.5452641,126-2023,80,Borrador de Pliegos,Oportunidad Pre-Licitación,Energía Solar & Alumbrado Público,"alumbrado publico, fotovoltaico","$1,025,175,575 COP",EMPRESA DE ENERGIA DEL GUAINIA LA CEIBA S.A. E.S.P,Guainía,Inírida,Contratación régimen especial,No Definido,No Definido,Notificar a clientes contratistas para que soliciten observaciones o preparen propuesta de consorcio.,https://community.secop.gov.co/STS/Users/Login/Index,AMPLIACION DEL ALUMBRADO PUBLICO Y SOLAR FOTOVOLTAICO EN EL CASCO URBANO Y EN LA COMUNIDAD DE MINITAS DEL MUNICIPIO DE BARRANCOMINAS-GUAINÍA
CO1.REQ.10994040,RG-ESAL-008-2026,80,Adjudicado (Contratista Seleccionado),Lead B2B de Venta Directa,HORECA & Maquinaria Gastronómica,"alimentación escolar, pae","$143,481,203 COP",MUNICIPIO DE COVARACHIA1,Boyacá,Covarachía,Contratación régimen especial (con ofertas),FUNDACION ALIMENTANDO UNA NUEVA ESPERANZA,No Definido,Contactar al contratista ganador/consorcio para ofrecer suministro y cotización inmediata.,https://community.secop.gov.co/Public/Tendering/OpportunityDetail/Index?noticeUID=CO1.NTC.10850012,"AUNAR ESFUERZOS TÉCNICOS, ADMINISTRATIVOS Y FINANCIEROS EN LA IMPLEMENTACIÓN Y EJECUCION DEL PROGRAMA DE ALIMENTACIÓN ESCOLAR PAE, ENTRE EL DEPARTAMENTO DE BOYACA Y EL MUNICIPIO DE COVARACHIA, PARA GARANTIZAR EL PROGRAMA DE ALIMENTACIÓN ESCOLAR - PAE"
CO1.REQ.10615213,061-SASI-SUADQ-INTR-2026 (Presentación de oferta),79,Adjudicado (Contratista Seleccionado),Lead B2B de Venta Directa,"Acero & Metalmecánica, HORECA & Maquinaria Gastronómica","marmita, acero","$4,088,091,079 COP",EJERCITO DIRECCION DE ADQUISICIONES,Distrito Capital de Bogotá,No Definido,Selección abreviada subasta inversa,U.T. MATERIAL ACERADO 2026,No Definido,Contactar al contratista ganador/consorcio para ofrecer suministro y cotización inmediata.,https://community.secop.gov.co/Public/Tendering/OpportunityDetail/Index?noticeUID=CO1.NTC.10470687,ADQUISICIÓN DE DOTACIÓN BASICA INCORPORACIÓN (CINTURÓN CON HEBILLA - CUBIERTOS METALICOS - MARMITA EN ACERO)
CO1.REQ.10345452,LP 002 DE 2026 (Presentación de oferta),79,Adjudicado (Contratista Seleccionado),Lead B2B de Venta Directa,HORECA & Maquinaria Gastronómica,pae,"$4,053,199,212 COP",ALCALDIA MUNICIPAL DE IPIALES,Nariño,Ipiales,Licitación pública,UT SOCIAL ALIMENTOS,No Definido,Contactar al contratista ganador/consorcio para ofrecer suministro y cotización inmediata.,https://community.secop.gov.co/Public/Tendering/OpportunityDetail/Index?noticeUID=CO1.NTC.10205452,"SERVICIO, SUMINISTRO Y ATENCIÓN CON COMPLEMENTOS ALIMENTARIOS, BAJO LAS MODALIDADES QUE SEÑALEN LOS LINEAMIENTOS DEL PROGRAMA DE ALIMENTACIÓN ESCAR (PAE), DIRIGIDO A TITULARES DE DERECHO FOCALIZADOS EN LOS ESTABLECIMIENTOS EDUCATIVOS OFICIALES DEL AR"
CO1.REQ.11038196,SI-CD-155-2026,78,Adjudicado (Contratista Seleccionado),Lead B2B de Venta Directa,"Energía Solar & Alumbrado Público, Construcción & Obra Civil General","alumbrado público, obras civiles","$2,830,179,333 COP",MUNICIPIO DE ITAGUI,Antioquia,Itagui,Contratación Directa (con ofertas),EMPRESA DE SERVICIOS PÚBLICOS DE ITAGUÍ - E.M.S.I. E.S.P. S.A.S.,9019238961,Contactar al contratista ganador/consorcio para ofrecer suministro y cotización inmediata.,https://community.secop.gov.co/Public/Tendering/OpportunityDetail/Index?noticeUID=CO1.NTC.10896140,"CONTRATO INTERADMINISTRATIVO DE ADMINISTRACIÓN DELEGADA ENTRE EL MUNICIPIO DE ITAGÜÍ Y LA EMPRESA DE SERVICIOS PÚBLICOS DE ITAGÜÍ - EMSI S.A.S. E.S.P., PARA LA EJECUCIÓN DE LA FASE 2 DEL ALUMBRADO NAVIDEÑO  LAS PUERTAS DE LA NAVIDAD , CORRESPONDIENTE"
CO1.REQ.10551674,LP-2026-4 (Fase de Selección (Presentación de ofertas)),78,Adjudicado (Contratista Seleccionado),Lead B2B de Venta Directa,Acero & Metalmecánica,estructura metalica,"$2,481,028,667 COP",ALCALDIA DE PASTO,Nariño,Pasto,Licitación pública Obra Publica,CONSORCIO CUBIERTA ID 2026,No Definido,Contactar al contratista ganador/consorcio para ofrecer suministro y cotización inmediata.,https://community.secop.gov.co/Public/Tendering/OpportunityDetail/Index?noticeUID=CO1.NTC.10408138,"EL CONTRATISTA SE COMPROMETE PARA CON EL MUNICIPIO DE PASTO - SECRETARÍA DE INFRAESTRUCTURA Y VALORIZACIÓN, A REALIZAR LA OBRA,  CONSTRUCCION DE ESTRUCTURA METALICA PARA  CUBIERTA EN LA ZONA URBANA DE POLIDEPORTIVO BARRIO LA ROSA, POLIDEPORTIVO BARRI"
CO1.REQ.10357323,SASIP 004 DE 2026 (Presentación de oferta),78,Adjudicado (Contratista Seleccionado),Lead B2B de Venta Directa,Energía Solar & Alumbrado Público,alumbrado público,"$1,600,000,000 COP",ALCALDIA MUNICIPAL DE IPIALES,Nariño,Ipiales,Selección abreviada subasta inversa,ASC INGENIERIA SA ESP,8140029797,Contactar al contratista ganador/consorcio para ofrecer suministro y cotización inmediata.,https://community.secop.gov.co/Public/Tendering/OpportunityDetail/Index?noticeUID=CO1.NTC.10215573,"SUMINISTRO DE ENERGÍA ELÉCTRICA, CON DESTINO AL SISTEMA DE ALUMBRADO PÚBLICO EN EL ÁREA URBANA Y RURAL DEL MUNICIPIO DE IPIALES - NARIÑO."
CO1.REQ.10171022,LICITACION PUBLICA 002 -2026 (Fase de Selección (Presentación de ofertas)),78,Adjudicado (Contratista Seleccionado),Lead B2B de Venta Directa,Acero & Metalmecánica,estructura metálica,"$1,480,048,396 COP",ALCALDIA MUNICIPAL DE GIRARDOT,Cundinamarca,Girardot,Licitación pública Obra Publica,PLATAFORMA INGENIERÍA Y ARQUITECTURA SAS,No Definido,Contactar al contratista ganador/consorcio para ofrecer suministro y cotización inmediata.,https://community.secop.gov.co/Public/Tendering/OpportunityDetail/Index?noticeUID=CO1.NTC.10028544,"CONSTRUCCIÓN DE CUBIERTA EN ESTRUCTURA METÁLICA Y MEJORAMIENTO DEL POLIDEPORTIVO UBICADO EN LA DIAGONAL 39 CON TRANSVERSAL 6 DEL BARRIO EL TRIUNFO DEL MUNICIPIO DE GIRARDOT, CUNDINAMARCA"
CO1.REQ.10435772,LP-003-2026 (Fase de Selección (Presentación de ofertas)),78,Adjudicado (Contratista Seleccionado),Lead B2B de Venta Directa,Acero & Metalmecánica,estructura metalica,"$1,395,850,349 COP",MUNICIPIO DE AGUA DE DIOS,Cundinamarca,Agua De Dios,Licitación pública Obra Publica,CONSORCIO CONSTRUCCIONES HYM 2026,No Definido,Contactar al contratista ganador/consorcio para ofrecer suministro y cotización inmediata.,https://community.secop.gov.co/Public/Tendering/OpportunityDetail/Index?noticeUID=CO1.NTC.10292970,"CONSTRUCCION DE CUBIERTA EN ESTRUCTURA METALICA PARA EL POLIDEPORTIVO QUINCE LETRAS EN EL MUNICIPIO DE AGUA DE DIOS, CUNDINAMARCA DE ACUERDO CON EL CONVENIO NO. ICCU 843 DE 2025"
CO1.REQ.10620947,RE-REQ-055-2026,78,Adjudicado (Contratista Seleccionado),Lead B2B de Venta Directa,"Acero & Metalmecánica, Construcción & Obra Civil General","hospital, acero","$1,341,669,744 COP",EMPRESA SOCIAL DEL ESTADO HOSPITAL SAN RAFAEL DE TUNJA,Boyacá,Tunja,Contratación régimen especial (con ofertas),ARIKA INGENIERIA S.A.S.,901763600,Contactar al contratista ganador/consorcio para ofrecer suministro y cotización inmediata.,https://community.secop.gov.co/Public/Tendering/OpportunityDetail/Index?noticeUID=CO1.NTC.10478433,"SUMINISTRO E INSTALACIÓN DE CARPINTERIA EN MADERA, MUEBLES EN ACERO INOXIDABLE Y SEÑALETICA PARA LA PUESTA EN FUNCIONAMIENTO DE LA UNIDAD MATERNO INFANTIL DE LA E.S.E. HOSPITAL UNIVERSITARIO SAN RAFAEL DE TUNJA DEPARTAMENTO DE BOYACA"
CO1.REQ.10383641,LP-001-2026 (Presentación de oferta),78,Adjudicado (Contratista Seleccionado),Lead B2B de Venta Directa,Energía Solar & Alumbrado Público,alumbrado público,"$1,234,111,570 COP",ALCALDIA MUNICIPIO DE MANZANARES,Caldas,Manzanares,Licitación pública,CONSORCIO MANZANARES ILUMINADA,No Definido,Contactar al contratista ganador/consorcio para ofrecer suministro y cotización inmediata.,https://community.secop.gov.co/Public/Tendering/OpportunityDetail/Index?noticeUID=CO1.NTC.10240326,"CONCESIÓN PARA LA OPERACIÓN, ADMINISTRACIÓN, MANTENIMIENTO, REPOSICIÓN Y EXPANSIÓN DEL SISTEMA DE ALUMBRADO PÚBLICO, EN EL MUNICIPIO DE MANZANARES, CALDAS"
CO1.REQ.10875617,OCO-260081,75,Licitación Abierta (En Ofertas),Oportunidad de Alianza / Cotización,Acero & Metalmecánica,"soldadura, estructura metalica","$297,797,500 COP",UNIVERSIDAD FRANCISCO DE PAULA SANTANDER,Norte de Santander,Cúcuta,Contratación régimen especial,No Definido,No Definido,Compartir la oportunidad con clientes aliados para que presenten oferta incluyendo nuestros suministros.,https://community.secop.gov.co/Public/Tendering/OpportunityDetail/Index?noticeUID=CO1.NTC.10731107,ADQUISICION DE SILLAS UNIVERSITARIAS NTC 4734 CON ESTRUCTURA METALICA CUBIERTA EN PINTURA ELECTROSTATICA ASIENTO ESPALDAR Y BRAZO FIJO 4 ZURDOS 18 DIESTROS ELABORADOS EN TRIPLEX LACADO AL NATURAL SUPERFICIE SILLA TRIPLEX Y TERMINADO AL NATURAL ESTRUC
CO1.REQ.11061270,SASIE-003-2026,75,Licitación Abierta (En Ofertas),Oportunidad de Alianza / Cotización,HORECA & Maquinaria Gastronómica,"alimentación escolar, pae","$199,271,726 COP",MUNICIPIO DE CISNEROS,Antioquia,Cisneros,Selección abreviada subasta inversa,No Definido,No Definido,Compartir la oportunidad con clientes aliados para que presenten oferta incluyendo nuestros suministros.,https://community.secop.gov.co/Public/Tendering/OpportunityDetail/Index?noticeUID=CO1.NTC.10918472,"EJECUCIÓN DEL PROGRAMA DE   ALIMENTACIÓN ESCOLAR - PAE, PARA LOS NIÑOS, NIÑAS Y ADOLESCENTES DE LA MATRÍCULA OFICIAL DEL MUNICIPIO DE CISNEROS - ANTIOQUIA, NO CERTIFICADO EN EDUCACIÓN - ANTIOQUIA, PARA LA VIGENCIA 2026-2"
CO1.REQ.10487703,4100000708,75,Licitación Abierta (En Ofertas),Oportunidad de Alianza / Cotización,Acero & Metalmecánica,"varilla, acero","$146,732,116 COP",EMPRESAS PUBLICAS DE MEDELLIN E.S.P.,Antioquia,Medellín,Contratación régimen especial,Ferreteria Los Fierros,No Definido,Compartir la oportunidad con clientes aliados para que presenten oferta incluyendo nuestros suministros.,https://community.secop.gov.co/Public/Tendering/OpportunityDetail/Index?noticeUID=CO1.NTC.10344003,"perfil cuadrado en acero estructural de 6m 1 1/2' x 1 1/2' x 3mm, varilla de acero lisa n°4 diametro 1/2' longitud 6m, varilla de acero corrugada n°4 diametro 1/2' longitud 6m, lamina acero hr 3/4'x1.22mx2.44m, platina hierro 1/4' x 2' x 6m, perfil e"
CO1.REQ.10873773,LP013-2026,74,Licitación Abierta (En Ofertas),Oportunidad de Alianza / Cotización,HORECA & Maquinaria Gastronómica,alimentación escolar,"$15,289,296,944 COP",GOBERNACION DE NARIÑO,Nariño,Pasto,Licitación pública,No Definido,No Definido,Compartir la oportunidad con clientes aliados para que presenten oferta incluyendo nuestros suministros.,https://community.secop.gov.co/Public/Tendering/OpportunityDetail/Index?noticeUID=CO1.NTC.10730290,ESTACION DEL SERVICIO PARA LA IMPLEMENTACION DEL PROGRAMA DE ALIMENTACION ESCOLAR EN 47 MUNICIPIOS NO CERTIFICADOS DEL DEPARTAMENTO DE NARINO DE CONFORMIDAD CON LA RESOLUCIÓN 003 DE 2026 MODIFICADA POR LA RESOLUCIÓN 0155 DE 2026 EXPEDIDAS POR LA UNID
CO1.REQ.11046355,LP-006-2026,74,Licitación Abierta (En Ofertas),Oportunidad de Alianza / Cotización,HORECA & Maquinaria Gastronómica,alimentación escolar,"$4,025,000,000 COP",ALCALDÍA MUNICIPAL DE MADRID CUNDINAMARCA,Cundinamarca,Madrid,Licitación pública,No Definido,No Definido,Compartir la oportunidad con clientes aliados para que presenten oferta incluyendo nuestros suministros.,https://community.secop.gov.co/Public/Tendering/OpportunityDetail/Index?noticeUID=CO1.NTC.10911008,"PRESTACIÓN DE SERVICIOS PARA AMPLIAR COBERTURA DEL PROGRAMA DE ALIMENTACIÓN ESCOLAR, A TRAVÉS DEL CUAL SE BRINDA UN COMPLEMENTO ALIMENTARIO A NIÑOS, NIÑAS Y ADOLESCENTES REGISTRADOS EN EL SISTEMA INTEGRADO DE MATRÍCULA  SIMAT  EN LAS SEDES EDUCATIVAS"
CO1.REQ.10905692,9677-PPAL001-1361-2025,73,Licitación Abierta (En Ofertas),Oportunidad de Alianza / Cotización,Acero & Metalmecánica,acero,"$120,000,000,000 COP",FONDO NACIONAL DE GESTIÓN DEL RIESGO DE DESASTRES - FNGRD,Distrito Capital de Bogotá,Bogotá,Contratación régimen especial,No Definido,No Definido,Compartir la oportunidad con clientes aliados para que presenten oferta incluyendo nuestros suministros.,https://community.secop.gov.co/Public/Tendering/OpportunityDetail/Index?noticeUID=CO1.NTC.10760416,"PRESTAR SERVICIOS PROFESIONALES AL
ORDENADOR DEL GASTO DEL FNGRD REALIZANDO ACOMPAÑAMIENTO EN LAS ACTIVIDADES
LOGÍSTICAS QUE SE REQUIERAN EN EL MARCO DEL PROCESO DE MANEJO DE DESASTRES PARA
EL CUMPLIMIENTO DE LOS OBJETIVOS DEL SISTEMA NACIONAL DE GES"
CO1.REQ.10373444,CCI-PTSP-120-2026,73,Licitación Abierta (En Ofertas),Oportunidad de Alianza / Cotización,Energía Solar & Alumbrado Público,paneles solares,"$17,014,749,489 COP",FONDO PARA EL DESARROLLO DEL PLAN TODOS SOMOS PAZCÍFICO,Distrito Capital de Bogotá,Bogotá,Contratación régimen especial,No Definido,No Definido,Compartir la oportunidad con clientes aliados para que presenten oferta incluyendo nuestros suministros.,https://community.secop.gov.co/Public/Tendering/OpportunityDetail/Index?noticeUID=CO1.NTC.10230443,"REALIZAR LA IMPLEMENTACIÓN DE SISTEMAS DE GENERACIÓN DE ENERGÍA ELÉCTRICA CON PANELES SOLARES FOTOVOLTAÍCOS UNIFAMILIAR DE 6,1 KW, EN EL MUNICIPIO DE UNGUÍA, DEPARTAMENTO DEL CHOCÓ"
CO1.REQ.10954533,LP-005-2026,73,Licitación Abierta (En Ofertas),Oportunidad de Alianza / Cotización,Energía Solar & Alumbrado Público,alumbrado público,"$9,920,776,360 COP",MUNICIPIO DE GACHANCIPA,Cundinamarca,Gachancipá,Licitación pública,No Definido,No Definido,Compartir la oportunidad con clientes aliados para que presenten oferta incluyendo nuestros suministros.,https://community.secop.gov.co/Public/Tendering/OpportunityDetail/Index?noticeUID=CO1.NTC.10811764,"SELECCIONAR UN SOCIO ESTRATÉGICO PARA LA CONSTITUCIÓN DE UNA EMPRESA DE ECONOMÍA MIXTA DESCENTRALIZADA DEL ORDEN MUNICIPAL, CUYO OBJETO SERÁ LA PRESTACIÓN INTEGRAL DEL SERVICIO DE ALUMBRADO PÚBLICO EN EL MUNICIPIO DE GACHANCIPÁ, CUNDINAMARCA, INCLUYE"
CO1.REQ.11019988,REG 2026-044,73,Licitación Abierta (En Ofertas),Oportunidad de Alianza / Cotización,Energía Solar & Alumbrado Público,fotovoltaica,"$7,599,653,652 COP",SERVICIOS INTEGRALES DEL ESTADO COLOMBIANO SIEC SAS SOCIEDAD DE ECONOMIA MIXTA1,Distrito Capital de Bogotá,Bogotá,Contratación régimen especial,No Definido,No Definido,Compartir la oportunidad con clientes aliados para que presenten oferta incluyendo nuestros suministros.,https://community.secop.gov.co/Public/Tendering/OpportunityDetail/Index?noticeUID=CO1.NTC.10879371,"EJECUCION - CONSTRUCCIÓN DE SOLUCION FOTOVOLTAICA PARA LA GENERACION DE ENERGIA ELECTRICA EN VIVIENDAS RURALES DISPERSAS EN EL MUNICIPIO DE RIOHACHA, LA GUAJIRA"
CO1.REQ.10181795,200.11.3-017-2026,73,Licitación Abierta (En Ofertas),Oportunidad de Alianza / Cotización,Acero & Metalmecánica,estructuras metálicas,"$6,081,878,702 COP","INSTITUTO DE FINANCIAMIENTO, PROMOCIÓN Y DESARROLLO DE TULUÁ",Valle del Cauca,Tuluá,Contratación régimen especial,No Definido,No Definido,Compartir la oportunidad con clientes aliados para que presenten oferta incluyendo nuestros suministros.,https://community.secop.gov.co/Public/Tendering/OpportunityDetail/Index?noticeUID=CO1.NTC.10054296,"CONTRATO DE OBRA PARA PARA LA CONSTRUCCIÓN DE ESTRUCTURAS METÁLICAS, MAMPOSTERÍA Y MUROS DIVISORIOS, EL SUMINISTRO E INSTALACIÓN DE CUBIERTAS, APARATOS SANITARIOS Y GRIFERÍA, CARPINTERÍA ARQUITECTÓNICA, CERRADURAS Y HERRAJES, LA INSTALACIÓN DE EQUIPO"
CO1.REQ.11056349,ARI.LP-021-2026 (Fase de Selección (Presentación de ofertas)),73,Licitación Abierta (En Ofertas),Oportunidad de Alianza / Cotización,Energía Solar & Alumbrado Público,fotovoltaica,"$5,669,365,005 COP",ARAUCA ILUMINADA SAS ESP,Arauca,Arauca,Licitación pública Obra Publica,No Definido,No Definido,Compartir la oportunidad con clientes aliados para que presenten oferta incluyendo nuestros suministros.,https://community.secop.gov.co/Public/Tendering/OpportunityDetail/Index?noticeUID=CO1.NTC.10912288,"IMPLEMENTACIÓN DE SISTEMAS DE ENERGÍA FOTOVOLTAICA EN INSTITUCIONES EDUCATIVAS DEL MUNICIPIO DE TAME, DEPARTAMENTO DE ARAUCA"
CO1.REQ.11023510,LP004-2026,73,Licitación Abierta (En Ofertas),Oportunidad de Alianza / Cotización,Energía Solar & Alumbrado Público,alumbrado público,"$4,118,123,668 COP",ALCALDÍA MUNICIPAL DE COCORNÁ,Antioquia,No Definido,Licitación pública,No Definido,No Definido,Compartir la oportunidad con clientes aliados para que presenten oferta incluyendo nuestros suministros.,https://community.secop.gov.co/Public/Tendering/OpportunityDetail/Index?noticeUID=CO1.NTC.10877374,"Contratar mediante la modalidad de licitación pública y el mecanismo de concesión la prestación integral y la optimización del servicio de alumbrado público del municipio de Cocorná Antioquiaque comprende entre otras actividades, la administración, o"
CO1.REQ.10313727,OB-006-2026,73,Licitación Abierta (En Ofertas),Oportunidad de Alianza / Cotización,Acero & Metalmecánica,estructura metálica,"$3,000,510,580 COP",FONDO MIXTO DE ETNOCULTURA Y DESARROLLO SOCIAL -FONPACIFICO,Distrito Capital de Bogotá,Bogotá,Contratación régimen especial,profesionales en asesorias capacitaciones obras civiles y transporte integrales sas,No Definido,Compartir la oportunidad con clientes aliados para que presenten oferta incluyendo nuestros suministros.,https://community.secop.gov.co/Public/Tendering/OpportunityDetail/Index?noticeUID=CO1.NTC.10170335,CONSTRUCCIÓN DE CUBIERTAS EN ESTRUCTURA METÁLICA PARA LOS CENTROS EDUCATIVOS DE LA ZONA RURAL DEL MUNICIPIO DE ACEVEDO - HUILA
CO1.REQ.10609342,INVITACION PUBLICA No 015-2026,73,Licitación Abierta (En Ofertas),Oportunidad de Alianza / Cotización,Acero & Metalmecánica,acero,"$2,989,223,052 COP",HOSPITAL DEPARTAMENTAL DE VILLAVICENCIO ESE,Meta,Villavicencio,Contratación régimen especial,No Definido,No Definido,Compartir la oportunidad con clientes aliados para que presenten oferta incluyendo nuestros suministros.,https://community.secop.gov.co/Public/Tendering/OpportunityDetail/Index?noticeUID=CO1.NTC.10464191,COMPRA DE INSTRUMENTAL QUIRURGICO DE ACERO INOXIDABLE PARA LA  ATENCION DE LOS PACIENTES QUIRURGICOS EN LA UNIDAD FUNCIONAL DE CIRUGIA
CO1.REQ.10781072,FT-MEV-005-2026,73,Licitación Abierta (En Ofertas),Oportunidad de Alianza / Cotización,"Acero & Metalmecánica, Construcción & Obra Civil General","escenarios deportivos, estructura metálica","$1,520,150,835 COP","FONDO MIXTO DE GESTION TERRITORIAL, CIENCIA, TECNOLOGIA Y CULTURA",Cauca,Santander De Quilichao,Contratación régimen especial,No Definido,No Definido,Compartir la oportunidad con clientes aliados para que presenten oferta incluyendo nuestros suministros.,https://community.secop.gov.co/Public/Tendering/OpportunityDetail/Index?noticeUID=CO1.NTC.10634853,"MEJORAMIENTO DE ESCENARIOS DEPORTIVOS MEDIANTE EL MEJORAMIENTO DE LAS LOSAS Y LA CONSTRUCCIÓN DE DOS CUBIERTAS EN ESTRUCTURA METÁLICA, UNA UBICADA EN LA CABECERA CORREGIMENTAL DE LA CARBONERA Y OTRA EN LA VEREDA MAZAMORRAS, SAN MIGUEL DEL MUNICIPIO D"
CO1.REQ.11037267,LPMT-SI-004-2026 (Presentación de oferta),73,Licitación Abierta (En Ofertas),Oportunidad de Alianza / Cotización,Energía Solar & Alumbrado Público,alumbrado público,"$1,485,900,000 COP",MUNICIPIO DE TAURAMENA,Casanare,Tauramena,Licitación pública,No Definido,No Definido,Compartir la oportunidad con clientes aliados para que presenten oferta incluyendo nuestros suministros.,https://community.secop.gov.co/Public/Tendering/OpportunityDetail/Index?noticeUID=CO1.NTC.10891421,"FORTALECER LOS ESPACIOS PÚBLICOS DESTINADOS A LAS ACTIVIDADES NAVIDEÑAS DEL MUNICIPIO DE TAURAMENA MEDIANTE LA IMPLEMENTACIÓN DE INFRAESTRUCTURA TEMPORAL PARA EL ALUMBRADO PÚBLICO NAVIDEÑO, CONTRIBUYENDO A LA INTEGRACIÓN SOCIAL, EL APROVECHAMIENTO DE"
CO1.REQ.10657079,CW391894,73,Licitación Abierta (En Ofertas),Oportunidad de Alianza / Cotización,Acero & Metalmecánica,acero,"$1,050,000,000 COP",EMPRESAS PUBLICAS DE MEDELLIN E.S.P.,Antioquia,Medellín,Contratación régimen especial,No Definido,No Definido,Compartir la oportunidad con clientes aliados para que presenten oferta incluyendo nuestros suministros.,https://community.secop.gov.co/Public/Tendering/OpportunityDetail/Index?noticeUID=CO1.NTC.10511337,Servicio especializado de Fitness-For-Service (FFS) para la conducción que incluye tramos con blindaje de acero y tramos con blindaje de concreto hidráulico y la tubería de presión de la PCH Riogrande I propiedad de EPM
CO1.REQ.10990553,LP 005-2026 (Presentación de oferta),73,Proceso Activo (Abierto),Monitoreo Comercial,HORECA & Maquinaria Gastronómica,"alimentación escolar, pae","$795,348,474 COP",ALCALDIA MUNICIPAL DE MELGAR,Tolima,Melgar,Licitación pública,No Definido,No Definido,Hacer seguimiento al cierre de ofertas o adjudicación.,https://community.secop.gov.co/Public/Tendering/OpportunityDetail/Index?noticeUID=CO1.NTC.10845105,"PRESTACIÓN DEL SERVICIO DE ALIMENTACIÓN ESCOLAR  PAE  PARA LOS ESTUDIANTES MATRICULADOS Y PRIORIZADOS EN LAS SEDES DE LAS DIFERENTES INSTITUCIONES EDUCATIVAS OFICIALES DEL MUNICIPIO DE MELGAR - TOLIMA, DE ACUERDO CON LOS LINEAMIENTOS DEL MINISTERIO D"
CO1.REQ.10977437,CON-001-2026,73,Proceso Activo (Seleccionado),Monitoreo Comercial,HORECA & Maquinaria Gastronómica,"alimentación escolar, pae","$704,290,024 COP",MUNICIPIO DE VEGACHI,Antioquia,Vegachí,Contratación directa,No Definido,No Definido,Hacer seguimiento al cierre de ofertas o adjudicación.,https://community.secop.gov.co/Public/Tendering/OpportunityDetail/Index?noticeUID=CO1.NTC.10831413,"AUNAR ESFUERZOS PARA LA EJECUCIÓN DEL PROGRAMA DE ALIMENTACIÓN ESCOLAR, PAE, PARA LOS NIÑOS, NIÑAS Y ADOLESCENTES DE LA MATRICULA OFICIAL DEL MUNICIPIO DE VEGACHI,  ANTIOQUIA, EN EL MARCO DEL CONVENIO INTERADMINISTRATIVO N.º 4600019378, SUSCRITO CON "
CO1.REQ.11007204,SI-011-2026 (Presentación de oferta),73,Proceso Activo (Evaluación),Monitoreo Comercial,HORECA & Maquinaria Gastronómica,"alimentación escolar, pae","$600,819,767 COP",ALCALDIA DE EL PEÑOL,Antioquia,Peñol,Selección abreviada subasta inversa,No Definido,No Definido,Hacer seguimiento al cierre de ofertas o adjudicación.,https://community.secop.gov.co/Public/Tendering/OpportunityDetail/Index?noticeUID=CO1.NTC.10862734,SUMINISTRO RACIÓN TIPO ALMUERZO Y VÍVERES PARA GARANTIZAR LA DEBIDA EJECUCIÓN DEL PROGRAMA DE ALIMENTACIÓN ESCOLAR PAE EN EL MUNICIPIO DE EL PEÑOL COMO ESTRATEGIA DE ACCESO Y PERMANENCIA AL SISTEMA EDUCATIVO
CO1.REQ.5532126,SA SI 001-2024,73,Borrador de Pliegos,Oportunidad Pre-Licitación,HORECA & Maquinaria Gastronómica,"alimentación escolar, pae","$502,494,630 COP",ALCALDIA MUNICIPAL DE LA UNION,Antioquia,No Definido,Selección Abreviada de Menor Cuantía,No Definido,No Definido,Notificar a clientes contratistas para que soliciten observaciones o preparen propuesta de consorcio.,https://community.secop.gov.co/STS/Users/Login/Index,No definido
CO1.REQ.10998733,SUBASTA INVERSA No. 003/2026,73,Proceso Activo (Evaluación),Monitoreo Comercial,HORECA & Maquinaria Gastronómica,"alimentación escolar, pae","$470,460,291 COP",MUNICIPIO DE PEQUE,Antioquia,Peque,Selección abreviada subasta inversa,No Definido,No Definido,Hacer seguimiento al cierre de ofertas o adjudicación.,https://community.secop.gov.co/Public/Tendering/OpportunityDetail/Index?noticeUID=CO1.NTC.10853267,"SUMINISTRO DE RACIÓN SEGUN MINUTA Y LA CONTRATACIÓN DEL PERSONAL MANIPULADOR DE ALIMENTOS DESTINADO A LA EJECUCIÓN DEL PROGRAMA DE ALIMENTACIÓN ESCOLAR (PAE), DIRIGIDO A NIÑOS, NIÑAS Y ADOLESCENTES CARACTERIZADOS EN LA MATRICULA OFICIAL DEL MUNICIPIO"
CO1.REQ.8700507,276COGFM DIADF 2025,73,Borrador de Pliegos,Oportunidad Pre-Licitación,Energía Solar & Alumbrado Público,"sistema fotovoltaico, energia renovable, fotovoltaico","$468,778,266 COP",COMANDO GENERAL DE LAS FUERZAS MILITARES,Distrito Capital de Bogotá,Bogotá,Selección Abreviada de Menor Cuantía,No Definido,No Definido,Notificar a clientes contratistas para que soliciten observaciones o preparen propuesta de consorcio.,https://community.secop.gov.co/STS/Users/Login/Index,"REQUIERE CONTRATAR EL SUMINISTRO INTALACIÓN, CONFIGURACIÓN Y PUESTA EN FUNCIONAMIENTO DE UN SISTEMA DE ENERGIA RENOVABLE DENOMINADO SISTEMA FOTOVOLTAICO, PARA LA RED INTEGRADA DE COMUNICACIONES DEL COGFM, DE ACUERDO CON LAS ESPECIFICACIONES TÉCNICAS "
CO1.REQ.11036033,009-SAMC-2026 (Manifestación de interés (Menor Cuantía)) (Presentación de oferta),73,Proceso Activo (Abierto),Monitoreo Comercial,HORECA & Maquinaria Gastronómica,"alimentación escolar, pae","$432,927,825 COP",MUNICIPIO DE PUERTO TRIUNFO,Antioquia,Puerto Triunfo,Selección Abreviada de Menor Cuantía,No Definido,No Definido,Hacer seguimiento al cierre de ofertas o adjudicación.,https://community.secop.gov.co/Public/Tendering/OpportunityDetail/Index?noticeUID=CO1.NTC.10889950,"OPERACIÓN DEL PROGRAMA DE ALIMENTACIÓN ESCOLAR (PAE) DE ACUERDO CON LOS LINEAMIENTOS TÉCNICOS-ADMINISTRATIVOS VIGENTES, DISPUESTOS POR EL MEN, PARA EL SUMINISTRO DE COMPLEMENTO ALIMENTARIO A LOS ALUMNOS MATRICULADOS EN LAS INSTITUCIONES EDUCATIVAS OF"
CO1.REQ.11025695,009-SAMC-2026 (Manifestación de interés (Menor Cuantía)),73,Proceso Activo (Evaluación),Monitoreo Comercial,HORECA & Maquinaria Gastronómica,"alimentación escolar, pae","$432,927,825 COP",MUNICIPIO DE PUERTO TRIUNFO,Antioquia,Puerto Triunfo,Selección Abreviada de Menor Cuantía,No Definido,No Definido,Hacer seguimiento al cierre de ofertas o adjudicación.,https://community.secop.gov.co/Public/Tendering/OpportunityDetail/Index?noticeUID=CO1.NTC.10879395,"OPERACIÓN DEL PROGRAMA DE ALIMENTACIÓN ESCOLAR (PAE) DE ACUERDO CON LOS LINEAMIENTOS TÉCNICOS-ADMINISTRATIVOS VIGENTES, DISPUESTOS POR EL MEN, PARA EL SUMINISTRO DE COMPLEMENTO ALIMENTARIO A LOS ALUMNOS MATRICULADOS EN LAS INSTITUCIONES EDUCATIVAS OF"
CO1.REQ.10982376,009-SAMC-2026,73,Proceso Activo (Evaluación),Monitoreo Comercial,HORECA & Maquinaria Gastronómica,"alimentación escolar, pae","$432,927,825 COP",MUNICIPIO DE PUERTO TRIUNFO,Antioquia,Puerto Triunfo,Selección Abreviada de Menor Cuantía,No Definido,No Definido,Hacer seguimiento al cierre de ofertas o adjudicación.,https://community.secop.gov.co/Public/Tendering/OpportunityDetail/Index?noticeUID=CO1.NTC.10835998,"OPERACIÓN DEL PROGRAMA DE ALIMENTACIÓN ESCOLAR (PAE) DE ACUERDO CON LOS LINEAMIENTOS TÉCNICOS-ADMINISTRATIVOS VIGENTES, DISPUESTOS POR EL MEN, PARA EL SUMINISTRO DE COMPLEMENTO ALIMENTARIO A LOS ALUMNOS MATRICULADOS EN LAS INSTITUCIONES EDUCATIVAS OF"
CO1.REQ.11068101,CI010-2026,73,Proceso Activo (Seleccionado),Monitoreo Comercial,Energía Solar & Alumbrado Público,"alumbrado público, fotovoltaico","$417,129,096 COP",ASOCIACIÓN DE MUNICIPIOS DEL NORTE ANTIOQUEÑO- AMUNORTE,Antioquia,Medellín,Contratación directa,No Definido,No Definido,Hacer seguimiento al cierre de ofertas o adjudicación.,https://community.secop.gov.co/Public/Tendering/OpportunityDetail/Index?noticeUID=CO1.NTC.10924505,"INTERVENTORÍA ADMINISTRATIVA, TÉCNICA, AMBIENTAL, LEGAL Y FINANCIERA AL CONTRATO DE OBRA PARA LAAMPLIACIÓN DEL ALUMBRADO PÚBLICO SOLAR FOTOVOLTAICO MEDIANTE SUMINISTRO, INSTALACIÓN Y MONITOREO EN TRAMOS DE UNIÓN PANAMERICANA, CHOCÓ: 1. VÍA SAN PABLO;"
CO1.REQ.11062472,ACUERDO FORMAL (01) Bolsa Común,73,Proceso Activo (Seleccionado),Monitoreo Comercial,HORECA & Maquinaria Gastronómica,"alimentación escolar, pae","$389,325,561 COP",MUNICIPIO DE CAPARRAPI*,Cundinamarca,Caparrapí,Contratación directa,No Definido,No Definido,Hacer seguimiento al cierre de ofertas o adjudicación.,https://community.secop.gov.co/Public/Tendering/OpportunityDetail/Index?noticeUID=CO1.NTC.10918613,"Aunar esfuerzos para la conformación de la Bolsa Común de recursos para el financiamiento del Programa de Alimentación Escolar  PAE  en la ETC Cundinamarca, mediante la transferencia de recursos SGP Alimentación Escolar del Municipio de Caparrapí, Cu"
CO1.REQ.10973474,MRAM-SAMC-007-2026 (Manifestación de interés (Menor Cuantía)) (Presentación de oferta),73,Proceso Activo (Seleccionado),Monitoreo Comercial,HORECA & Maquinaria Gastronómica,"alimentación escolar, pae","$345,272,421 COP",MUNICIPIO DE RAMIRIQUI,Boyacá,Ramiriquí,Selección Abreviada de Menor Cuantía,No Definido,No Definido,Hacer seguimiento al cierre de ofertas o adjudicación.,https://community.secop.gov.co/Public/Tendering/OpportunityDetail/Index?noticeUID=CO1.NTC.10826363,"BRINDAR EL SERVICIO DE ALIMENTACIÓN ESCOLAR A LOS ESTUDIANTES MATRICULADOS EN LAS INSTITUCIONES EDUCATIVAS OFICIALES Y SUS RESPECTIVAS SEDES, PARA SEGUIR GARANTIZANDO EL PROGRAMA DE ALIMENTACION ESCOLAR (PAE) DURANTE EL SEGUNDO SEMESTRE ACADEMICO 202"
CO1.REQ.11021132,SAMC-014-2026,73,Proceso Activo (Evaluación),Monitoreo Comercial,Energía Solar & Alumbrado Público,"alumbrado público, fotovoltaico","$332,719,049 COP",CORMACARENA,Meta,Villavicencio,Selección Abreviada de Menor Cuantía,No Definido,No Definido,Hacer seguimiento al cierre de ofertas o adjudicación.,https://community.secop.gov.co/Public/Tendering/OpportunityDetail/Index?noticeUID=CO1.NTC.10875355,"IMPLEMENTACIÓN DE SOLUCIONES ENERGÉTICAS RENOVABLES MEDIANTE ALUMBRADO PÚBLICO FOTOVOLTAICO, ORIENTADOS A FORTALECER LA INFRAESTRUCTURA COMUNITARIA A LOS RESGUARDOS INDÍGENAS DE EL TIGRE,  WALLIANAE (PUERTO GAITÁN), NAEXAL PUT (PUERTO CONCORDIA), DOK"
CO1.REQ.10949594,CO-08-IN-001-2026,73,Proceso Activo (Seleccionado),Monitoreo Comercial,Energía Solar & Alumbrado Público,"fotovoltaica, energía solar","$319,493,892 COP",DEPARTAMENTO DEL ARAUCA,Arauca,Arauca,Contratación directa,No Definido,No Definido,Hacer seguimiento al cierre de ofertas o adjudicación.,https://community.secop.gov.co/Public/Tendering/OpportunityDetail/Index?noticeUID=CO1.NTC.10804904,IMPLEMENTACIÓN DE SISTEMAS DE ENERGÍA SOLAR FOTOVOLTAICA EN ZONAS RURALES NO INTERCONECTADAS DEL DEPARTAMENTO DE ARAUCA
CO1.REQ.10379155,LP-001-2026 (Presentación de oferta),72,Adjudicado (Contratista Seleccionado),Lead B2B de Venta Directa,HORECA & Maquinaria Gastronómica,pae,"$744,680,300 COP",ALCALDIA DE FLANDES,Tolima,Flandes,Licitación pública,UNION TEMPORAL FUTURO FLANDES,902069192,Contactar al contratista ganador/consorcio para ofrecer suministro y cotización inmediata.,https://community.secop.gov.co/Public/Tendering/OpportunityDetail/Index?noticeUID=CO1.NTC.10236312,"CONTRATAR LA PRESTACION DE SERVICIOS PARA LA IMPLEMENTACION DEL PROGRAMA DE ALIMENTACION ESCOLAR (PAE) A TRAVES DE LA ENTREGA DE COMPLEMENTOS ALIMENTARIOS A ESTUDIANTES DEL GRADO JARDIN A GRADO QUINTO, EN LAS INSTITUCIONES EDUCATIVAS OFICIALES DEL MU"
CO1.REQ.10279879,0086-ARC-CBNL06-2026 (Presentación de oferta),72,Adjudicado (Contratista Seleccionado),Lead B2B de Venta Directa,"Acero & Metalmecánica, HORECA & Maquinaria Gastronómica","marmita, acero","$500,000,000 COP",ARMADA NACIONAL BASE NAVAL No. 6 ARC BOGOTA,Distrito Capital de Bogotá,Bogotá,Selección abreviada subasta inversa,ALSAVA SAS,901302518,Contactar al contratista ganador/consorcio para ofrecer suministro y cotización inmediata.,https://community.secop.gov.co/Public/Tendering/OpportunityDetail/Index?noticeUID=CO1.NTC.10137804,CONTRATAR LA ADQUISICIÓN DE MARMITA INDIVIDUAL EN ACERO INOXIDABLE PARA USO DE LOS INFANTES DE MARINA.
CO1.REQ.10347509,CM-SSECD-001-2026 (Presentación de oferta),72,Adjudicado (Contratista Seleccionado),Lead B2B de Venta Directa,HORECA & Maquinaria Gastronómica,alimentación escolar,"$449,964,295 COP",ALCALDIA DE GUAMAL - META,Meta,Guamal,Concurso de méritos abierto,EDELMIRA SIERRA GUTIERREZ,No Definido,Contactar al contratista ganador/consorcio para ofrecer suministro y cotización inmediata.,https://community.secop.gov.co/Public/Tendering/OpportunityDetail/Index?noticeUID=CO1.NTC.10204528,"INTERVENTORÍA TÉCNICA, ADMINISTRATIVA, FINANCIERA, JURÍDICA Y CONTABLE AL CONTRATO DE IMPLEMENTACIÓN DEL PROGRAMA DE ALIMENTACIÓN ESCOLAR PARA LOS ESTUDIANTES DE LAS SEDES EDUCATIVAS RURALES DE LA INSTITUCION EDUCATIVA NICOLAS DE FEDERMAN DEL MUNICIP"
CO1.REQ.10375823,SAMC-SGR-0003-2026 (Manifestación de interés (Menor Cuantía)) (Presentación de oferta),72,Adjudicado (Contratista Seleccionado),Lead B2B de Venta Directa,HORECA & Maquinaria Gastronómica,cuarto frío,"$400,000,000 COP",GOBERNACION DEL DEPARTAMENTO DEL CESAR,Cesar,Valledupar,Selección Abreviada de Menor Cuantía,CONSORCIO SH GESTION CLIMATICA,902066453,Contactar al contratista ganador/consorcio para ofrecer suministro y cotización inmediata.,https://community.secop.gov.co/Public/Tendering/OpportunityDetail/Index?noticeUID=CO1.NTC.10232727,"MANTENIMIENTO PREVENTIVO, CORRECTIVO Y SUMINISTROS DE REPUESTOS DE EQUIPOS DE LOS AIRES CENTRAL, MINI SPLIT y TIPO VENTANA PARA LAS DIFERENTES OFICINAS Y DEPENDENCIAS ADSCRITAS A LA GOBERNACIÓN DEL CESAR,  INCLUYE  EL SUMINISTRO E INSTALACION DE AIRE"
CO1.REQ.10944512,MP-LOP-002 DE 2026 (Fase de Selección (Presentación de ofertas)),71,Adjudicado (Contratista Seleccionado),Lead B2B de Venta Directa,Acero & Metalmecánica,estructura metalica,"$823,627,492 COP",MUNICIPIO DE PAYA,Boyacá,Paya,Licitación pública Obra Publica,SEPI LTDA,9000537522,Contactar al contratista ganador/consorcio para ofrecer suministro y cotización inmediata.,https://community.secop.gov.co/Public/Tendering/OpportunityDetail/Index?noticeUID=CO1.NTC.10798128,"CONSTRUCCION DE CORRALES GANADEROS COMUNITARIOS CON ESTRUCTURA METALICA Y CUBIERTA EN LAS VEREDAS LA UNION Y ABEJON, ASÍ COMO EL MANTENIMIENTO DE LA MANGA DE COLEO Y LA PLAZA DE FERIAS DEL MUNICIPIO DE PAYA - BOYACA."
CO1.REQ.10260227,Invitación Privada N 010-2026,71,Adjudicado (Contratista Seleccionado),Lead B2B de Venta Directa,"Acero & Metalmecánica, Construcción & Obra Civil General","cubierta metálica, escuela","$807,347,044 COP",Empresa de Desarrollo Urbano Rural Integral,Antioquia,Sonson,Contratación régimen especial (con ofertas),R-3 CONSULTRIV S.A.S,901209640,Contactar al contratista ganador/consorcio para ofrecer suministro y cotización inmediata.,https://community.secop.gov.co/Public/Tendering/OpportunityDetail/Index?noticeUID=CO1.NTC.10117754,"Construcción de la cubierta metálica de la placa polideportiva de la Escuela Rural de la Vereda Tasajo, en el Municipio de Sonsón, Antioquia"
CO1.REQ.10387971,CDFP-024-26,71,Adjudicado (Contratista Seleccionado),Lead B2B de Venta Directa,"Acero & Metalmecánica, Construcción & Obra Civil General","hospital, vigas","$748,170,000 COP",ESE HOSPITAL LOCAL CARTAGENA DE INDIAS.*,Bolívar,Cartagena,Contratación régimen especial (con ofertas),FUNPRIMAVERA,No Definido,Contactar al contratista ganador/consorcio para ofrecer suministro y cotización inmediata.,https://community.secop.gov.co/Public/Tendering/OpportunityDetail/Index?noticeUID=CO1.NTC.10244399,"MANTENIMIENTO PREVENTIVO Y CORRECTIVO DE ELEMENTOS DE INFRAESTRUCTURA SANITARIA E HIDRÁULICA, QUE INCLUYEN TANQUES DE ALMACENAMIENTO DE AGUA POTABLE, CUBIERTAS, VIGAS CANALES Y SISTEMAS DE EVACUACIÓN DE AGUAS LLUVIAS EN LOS CENTROS DE SALUD DE LA E.S"
CO1.REQ.10854267,26001384 H3 DE 2026 (Manifestación de interés (Menor Cuantía)) (Presentación de oferta),71,Adjudicado (Contratista Seleccionado),Lead B2B de Venta Directa,Acero & Metalmecánica,estructuras metálicas,"$500,000,000 COP",AEROCIVIL,Distrito Capital de Bogotá,No Definido,Selección Abreviada de Menor Cuantía,LUIS GUARDELA SAS,900566036,Contactar al contratista ganador/consorcio para ofrecer suministro y cotización inmediata.,https://community.secop.gov.co/Public/Tendering/OpportunityDetail/Index?noticeUID=CO1.NTC.10708874,"REALIZAR EL MANTENIMIENTO PREVENTIVO Y CORRECTIVO DE LAS ESTRUCTURAS METÁLICAS DE LA TWR EN CARTAGENA, BARRANQUILLA Y RIOHACHA, ASÍ COMO DE LAS TORRES AUTOSOPORTADAS EN KENNEDY Y BARRANQUILLA."
CO1.REQ.10663906,4181.010.26.1.447-2026 (Presentación de oferta),71,Adjudicado (Contratista Seleccionado),Lead B2B de Venta Directa,Acero & Metalmecánica,estructura metálica,"$361,505,880 COP",SANTIAGO DE CALI DISTRITO ESPECIAL- UNIDAD ADMINISTRATIVA ESPECIAL DE GESTION DE BIENES Y SERVICIOS - CALI,Valle del Cauca,Cali,Concurso de méritos abierto,DVINGA,900554705,Contactar al contratista ganador/consorcio para ofrecer suministro y cotización inmediata.,https://community.secop.gov.co/Public/Tendering/OpportunityDetail/Index?noticeUID=CO1.NTC.10519881,"CONTRATAR LA INTERVENTORIA TÉCNICA PARA REALIZAR EL CAMBIO DEL MATERIAL DE CUBIERTA Y EL MANTENIMIENTO DE LA ESTRUCTURA METÁLICA, RENOVACIÓN DE LA RED ELÉCTRICA, SANITARIA Y  ENLUCIMIENTO DE SUPERFICIES DEL HANGAR DE MAQUINARIA DE LOS TALLERES DEL DI"
CO1.REQ.10972338,LP-005-2026-HOMIL,70,Licitación Abierta (En Ofertas),Oportunidad de Alianza / Cotización,Construcción & Obra Civil General,hospital,"$1,420,227,790 COP",HOSPITAL MILITAR CENTRAL,Distrito Capital de Bogotá,No Definido,Licitación pública,No Definido,No Definido,Compartir la oportunidad con clientes aliados para que presenten oferta incluyendo nuestros suministros.,https://community.secop.gov.co/Public/Tendering/OpportunityDetail/Index?noticeUID=CO1.NTC.10854354,"ADQUISICIÓN, PREINSTALACIÓN, INSTALACIÓN Y PUESTA EN FUNCIONAMIENTO DE EQUIPOS BIOMÉDICOS PARA LOS DIFERENTES SERVICIOS PERTENECIENTES AL HOSPITAL MILITAR CENTRAL."
CO1.REQ.11019488,LP-006-2026-HOMIL,70,Licitación Abierta (En Ofertas),Oportunidad de Alianza / Cotización,Construcción & Obra Civil General,hospital,"$1,106,140,700 COP",HOSPITAL MILITAR CENTRAL,Distrito Capital de Bogotá,No Definido,Licitación pública,No Definido,No Definido,Compartir la oportunidad con clientes aliados para que presenten oferta incluyendo nuestros suministros.,https://community.secop.gov.co/Public/Tendering/OpportunityDetail/Index?noticeUID=CO1.NTC.10876466,"ADQUISICIÓN, INSTALACIÓN Y PUESTA EN FUNCIONAMIENTO DE AUTOCLAVE DE ALTA TEMPERATURA PARA LA CENTRAL DE ESTERILIZACIÓN DEL HOSPITAL MILITAR CENTRAL"
CO1.REQ.11030841,MM-LP-SINF-005-2026,70,Licitación Abierta (En Ofertas),Oportunidad de Alianza / Cotización,Construcción & Obra Civil General,pavimentación,"$1,021,182,843 COP",MUNICIPIO DE MONTERREY,Casanare,Monterrey,Licitación pública,No Definido,No Definido,Compartir la oportunidad con clientes aliados para que presenten oferta incluyendo nuestros suministros.,https://community.secop.gov.co/Public/Tendering/OpportunityDetail/Index?noticeUID=CO1.NTC.10885019,"CONSTRUCCIÓN DE OBRAS DE PAVIMENTACIÓN EN CONCRETO RÍGIDO EN EL BARRIO 15 DE SEPTIEMBRE DEL MUNICIPIO DE MONTERREY, CASANARE, DISTRIBUIDAS EN DOS  2 LOTES, ASÍ LOTE 1  CONSTRUCCIÓN EN PAVIMENTO HIDRÁULICO EN LA CALLE 1 Y 1A ENTRE CARRERAS 10A Y 10B D"
CO1.REQ.9138213,ESAL-002 - 2025,70,Adjudicado (Contratista Seleccionado),Lead B2B de Venta Directa,HORECA & Maquinaria Gastronómica,"alimentación escolar, pae","$91,374,320 COP",MUNICIPIO DE VENECIA ANTIOQUIA,Antioquia,Venecia,Contratación régimen especial (con ofertas),FUNDACION Y BCO DE ALIMENTOS CENTRAL MAYORISTA,811016502,Contactar al contratista ganador/consorcio para ofrecer suministro y cotización inmediata.,https://community.secop.gov.co/Public/Tendering/OpportunityDetail/Index?noticeUID=CO1.NTC.9000079,"EJECUCIÓN DEL PROGRAMA DE ALIMENTACIÓN ESCOLAR - PAE, PARA LOS NIÑOS, NIÑAS Y ADOLESCENTES DE LA MATRÍCULA OFICIAL PARA LA VIGENCIA 2025-2 EN EL MUNICIPIO DE VENECIA  ANTIOQUIA"
CO1.REQ.10419831,SPL 021 DE 2026,66,Licitación Abierta (En Ofertas),Oportunidad de Alianza / Cotización,Acero & Metalmecánica,estructura metálica,"$985,494,740 COP",FUNDACION MIXTA PROCOLOMBIA,Nariño,Pasto,Contratación régimen especial,No Definido,No Definido,Compartir la oportunidad con clientes aliados para que presenten oferta incluyendo nuestros suministros.,https://community.secop.gov.co/Public/Tendering/OpportunityDetail/Index?noticeUID=CO1.NTC.10276094,"MEJORAMIENTO Y CONSTRUCCIÓN DE LA PLACA DEPORTIVA Y DE LA CUBIERTA EN ESTRUCTURA METÁLICA DEL POLIDEPORTIVO DE LA VEREDA EL SALADO DEL MUNICIPIO DE LA UNIÓN, DEPARTAMENTO DE NARIÑO"
CO1.REQ.10181340,B25-0678,66,Licitación Abierta (En Ofertas),Oportunidad de Alianza / Cotización,Acero & Metalmecánica,acero,"$876,720,460 COP",HOCOL S.A,Distrito Capital de Bogotá,Bogotá,Contratación régimen especial,No Definido,No Definido,Compartir la oportunidad con clientes aliados para que presenten oferta incluyendo nuestros suministros.,https://community.secop.gov.co/Public/Tendering/OpportunityDetail/Index?noticeUID=CO1.NTC.10038802,"ADJUDICACION DIRECTA SUMINISTRO DE TUBERÍA EN ACERO AL CARBÓN LISA O RANURADA, CON O SIN REVESTIMIENTO, Y ACCESORIOS DE TUBERÍA"
CO1.REQ.10160771,2025-CAD0008,66,Licitación Abierta (En Ofertas),Oportunidad de Alianza / Cotización,Acero & Metalmecánica,estructura metalica,"$875,938,581 COP",CENTRAL DE ABASTOS DE BUCARAMANGA S.A.,Santander,Bucaramanga,Contratación régimen especial,No Definido,No Definido,Compartir la oportunidad con clientes aliados para que presenten oferta incluyendo nuestros suministros.,https://community.secop.gov.co/Public/Tendering/OpportunityDetail/Index?noticeUID=CO1.NTC.10486011,No definido
CO1.REQ.10239952,SPL 009 DE 2026,66,Licitación Abierta (En Ofertas),Oportunidad de Alianza / Cotización,Acero & Metalmecánica,estructura metálica,"$841,808,102 COP",FUNDACION MIXTA PROCOLOMBIA,Nariño,Pasto,Contratación régimen especial,No Definido,No Definido,Compartir la oportunidad con clientes aliados para que presenten oferta incluyendo nuestros suministros.,https://community.secop.gov.co/Public/Tendering/OpportunityDetail/Index?noticeUID=CO1.NTC.10097114,"CONSTRUCCIÓN DE CUBIERTA EN ESTRUCTURA METÁLICA Y PLACA 
DEPORTIVA EN CONCRETO, PARA LA VEREDA BAJO SINAÍ DEL MUNICIPIO DE POTOSÍ, 
DEPARTAMENTO DE NARIÑO"
CO1.REQ.10759478,PAF-MININTERIOR-CS-1269-2026,66,Licitación Abierta (En Ofertas),Oportunidad de Alianza / Cotización,Acero & Metalmecánica,cubierta metálica,"$740,000,000 COP",FINANCIERA DE DESARROLLO TERRITORIAL S.A.,Distrito Capital de Bogotá,Bogotá,Contratación régimen especial,No Definido,No Definido,Compartir la oportunidad con clientes aliados para que presenten oferta incluyendo nuestros suministros.,https://community.secop.gov.co/Public/Tendering/OpportunityDetail/Index?noticeUID=CO1.NTC.10613584,"CONVENIO SOLIDARIO PARA EL FORTALECIMIENTO DEL GOBIERNO 
PROPIO Y CULTURAL MEDIANTE LA IMPLEMENTACIÓN DE UNA CUBIERTA METÁLICA EN LA VEREDA SIBERIA DEL RESGUARDO INDÍGENA DE GUACHUCAL DEL MUNICIPIO DE GUACHUCAL, DEPARTAMENTO DE 
NARIÑO"
CO1.REQ.10337260,Instalacion compuesta metalica,66,Licitación Abierta (En Ofertas),Oportunidad de Alianza / Cotización,"Acero & Metalmecánica, Energía Solar & Alumbrado Público","cubierta metálica, fotovoltaico","$522,767,562 COP",ENTIDAD,Risaralda,Pereira,Contratación régimen especial,No Definido,No Definido,Compartir la oportunidad con clientes aliados para que presenten oferta incluyendo nuestros suministros.,https://community.secop.gov.co/Public/Tendering/OpportunityDetail/Index?noticeUID=CO1.NTC.10194482,"EL CONTRATISTA se obliga para con EL CONTRATANTE
a realizar, por su cuenta y riesgo, el diseño, suministro, transporte, instalación, montaje, integración, legalización, pruebas, puesta en marcha y entrega a satisfacción de una solución integral compu"
CO1.REQ.11048321,SASI-02-2026 (Presentación de oferta),66,Licitación Abierta (En Ofertas),Oportunidad de Alianza / Cotización,Energía Solar & Alumbrado Público,alumbrado público,"$480,422,043 COP",ALCALDIA DE HONDA,Tolima,Honda,Selección abreviada subasta inversa,No Definido,No Definido,Compartir la oportunidad con clientes aliados para que presenten oferta incluyendo nuestros suministros.,https://community.secop.gov.co/Public/Tendering/OpportunityDetail/Index?noticeUID=CO1.NTC.10903651,"ADQUISICIÓN Y SUMINISTRO DE MATERIALES Y ELEMENTOS PARA EL MANTENIMIENTO, CONSERVACIÓN, RECUPERACIÓN Y ADECUACIÓN DEL SISTEMA DE ALUMBRADO PÚBLICO DEL MUNICIPIO DE HONDA - TOLIMA, Y PARA LA REPARACIÓN, RESTAURACIÓN, REPOSICIÓN DE COMPONENTES Y PUESTA"
CO1.REQ.10381607,4100000088,66,Licitación Abierta (En Ofertas),Oportunidad de Alianza / Cotización,Energía Solar & Alumbrado Público,alumbrado publico,"$435,005,500 COP",EMPRESAS PUBLICAS DE MEDELLIN E.S.P.,Antioquia,Medellín,Contratación régimen especial,No Definido,No Definido,Compartir la oportunidad con clientes aliados para que presenten oferta incluyendo nuestros suministros.,https://community.secop.gov.co/Public/Tendering/OpportunityDetail/Index?noticeUID=CO1.NTC.10238092,"cable aluminio recubierto de cobre cca 3x12awg encauchetado aislado pvc/pvc 600v 90°c alumbrado publico negro, cable aluminio recubierto de cobre cca 3x12awg encauchetado aislado pvc/pvc 600v 90°c alumbrado publico negro, cable aluminio recubierto de"
CO1.REQ.10450439,4100000609,66,Licitación Abierta (En Ofertas),Oportunidad de Alianza / Cotización,Acero & Metalmecánica,acero,"$434,221,113 COP",EMPRESAS PUBLICAS DE MEDELLIN E.S.P.,Antioquia,Medellín,Contratación régimen especial,No Definido,No Definido,Compartir la oportunidad con clientes aliados para que presenten oferta incluyendo nuestros suministros.,https://community.secop.gov.co/Public/Tendering/OpportunityDetail/Index?noticeUID=CO1.NTC.10307831,"casillero/locker metalico calibre 22 173x50x50cm 1 division para guardar pertiga, casillero/locker metalico lamina acero cold rolled calibre 20 99cmx50cmx180cm 3 compartimientos 3 puertas troqueladas, alfombra modular venturesome 983 roust about 60  "
CO1.REQ.11059046,SAMC-002-2026,66,Licitación Abierta (En Ofertas),Oportunidad de Alianza / Cotización,Acero & Metalmecánica,estructura metálica,"$402,925,701 COP",INSTITUTO PARA LA EDUCACION FISICA LA RECREACION Y EL DEPORTE DE DUITAMA,No Definido,No Definido,Selección Abreviada de Menor Cuantía,No Definido,No Definido,Compartir la oportunidad con clientes aliados para que presenten oferta incluyendo nuestros suministros.,https://community.secop.gov.co/Public/Tendering/OpportunityDetail/Index?noticeUID=CO1.NTC.10917211,"REALIZAR LAS OBRAS DE ADECUACIÓN, MANTENIMIENTO Y CONSERVACIÓN DE LA CUBIERTA Y ESTRUCTURA METÁLICA DE LA PISCINA OLÍMPICA DE DUITAMA, PARA MEJORAR LAS CONDICIONES DE FUNCIONAMIENTO Y CONSERVACIÓN DEL ESCENARIO DEPORTIVO"
CO1.REQ.11061576,DHMP-SA-SPOP-010 DE 2026 (Manifestación de interés (Menor Cuantía)),66,Licitación Abierta (En Ofertas),Oportunidad de Alianza / Cotización,Energía Solar & Alumbrado Público,alumbrado público,"$379,784,854 COP",ALCALDIA DE PAICOL HUILA,Huila,Paicol,Selección Abreviada de Menor Cuantía,No Definido,No Definido,Compartir la oportunidad con clientes aliados para que presenten oferta incluyendo nuestros suministros.,https://community.secop.gov.co/Public/Tendering/OpportunityDetail/Index?noticeUID=CO1.NTC.10918191,"REALIZAR LA MODERNIZACIÓN Y EXPANSIÓN DEL ALUMBRADO PÚBLICO DEL MUNICIPIO DE PAICOL, DEPARTAMENTO DEL HUILA, PARA LA VIGENCIA 2026"
CO1.REQ.11035001,S016-2026,66,Licitación Abierta (En Ofertas),Oportunidad de Alianza / Cotización,Energía Solar & Alumbrado Público,fotovoltaico,"$373,931,871 COP",ANTIOQUIA  EMPRESA DE SERVICIOS RETIRAR S.A E.S.P - EL RETIRO,No Definido,No Definido,Contratación régimen especial,No Definido,No Definido,Compartir la oportunidad con clientes aliados para que presenten oferta incluyendo nuestros suministros.,https://community.secop.gov.co/Public/Tendering/OpportunityDetail/Index?noticeUID=CO1.NTC.10889964,"PRESTACION DE SERVICIOS PARA EL DESARROLLO, SUMINISTRO, INSTALACIÓN, PUESTA EN FUNCIONAMIENTO Y LEGALIZACIÓN DE UN SISTEMA SOLAR FOTOVOLTAICO PARA EL FORTALECIMIENTO DE LA RESILIENCIA ENERGÉTICA Y LA SEGURIDAD HÍDRICA DEL ACUEDUCTO MULTIVEREDAL OPERA"
CO1.REQ.10955100,4100001851,66,Licitación Abierta (En Ofertas),Oportunidad de Alianza / Cotización,Acero & Metalmecánica,acero,"$358,500,000 COP",EMPRESAS PUBLICAS DE MEDELLIN E.S.P.,Antioquia,Medellín,Contratación régimen especial,No Definido,No Definido,Compartir la oportunidad con clientes aliados para que presenten oferta incluyendo nuestros suministros.,https://community.secop.gov.co/Public/Tendering/OpportunityDetail/Index?noticeUID=CO1.NTC.10809710,"medidor de gas ultrasonico caudal 50m3/h - 6500m3/h presion max 50bar acero astm a350 proteccion ip66/67 incluye accesorios, instalacion y puesta en operacion de sistema de medicion con medidor de gas ultrasonico 20-4000m3/h presion max 50bar acero a"
CO1.REQ.10485093,404-2026,66,Licitación Abierta (En Ofertas),Oportunidad de Alianza / Cotización,"Acero & Metalmecánica, Construcción & Obra Civil General","hospital, vigas","$344,213,996 COP",EMPRESA SOCIAL DEL ESTADO HOSPITAL SAN ANTONIO DE SESQUILE,No Definido,No Definido,Contratación régimen especial,No Definido,No Definido,Compartir la oportunidad con clientes aliados para que presenten oferta incluyendo nuestros suministros.,https://community.secop.gov.co/Public/Tendering/OpportunityDetail/Index?noticeUID=CO1.NTC.10346707,CONTRATO DE OBRA PARA LA ADECUACION DE AREAS DE ACCESO Y VIGAS PARA EL CAMBIO DE PORTONES METALICOS DE INGRESOS DE LA ESE HOSPITAL SAN ANTNIO DE SESQUILE
CO1.REQ.10460063,4100000637,66,Licitación Abierta (En Ofertas),Oportunidad de Alianza / Cotización,Acero & Metalmecánica,acero,"$341,886,000 COP",EMPRESAS PUBLICAS DE MEDELLIN E.S.P.,Antioquia,Medellín,Contratación régimen especial,COINSI S.A.S BIC,811012753,Compartir la oportunidad con clientes aliados para que presenten oferta incluyendo nuestros suministros.,https://community.secop.gov.co/Public/Tendering/OpportunityDetail/Index?noticeUID=CO1.NTC.10317051,gabinete radio comunicacion acero 120vca intemperie ip65-ik5 gris 600x400x250mm
CO1.REQ.10378294,UNAL-MAN-2026-421774,66,Licitación Abierta (En Ofertas),Oportunidad de Alianza / Cotización,Acero & Metalmecánica,estructura metálica,"$319,914,390 COP",UNIVERSIDAD NACIONAL DE COLOMBIA,Distrito Capital de Bogotá,No Definido,Contratación régimen especial,JEDOALVAREZ,No Definido,Compartir la oportunidad con clientes aliados para que presenten oferta incluyendo nuestros suministros.,https://community.secop.gov.co/Public/Tendering/OpportunityDetail/Index?noticeUID=CO1.NTC.10235217,"Orden contractual superior de obra para realizar la modificación del primer piso en la nave central del bloque A1 del campus El Cable para el proyecto: librería, café y tienda universitaria, y mantenimiento de la estructura metálica
existente."
CO1.REQ.10369667,4100000114,66,Licitación Abierta (En Ofertas),Oportunidad de Alianza / Cotización,Acero & Metalmecánica,acero,"$318,019,360 COP",EMPRESAS PUBLICAS DE MEDELLIN E.S.P.,Antioquia,Medellín,Contratación régimen especial,Proelectra de Colombia SAS,900531259,Compartir la oportunidad con clientes aliados para que presenten oferta incluyendo nuestros suministros.,https://community.secop.gov.co/Public/Tendering/OpportunityDetail/Index?noticeUID=CO1.NTC.10226579,"barrera de proteccion de acero galvanizado 180mm, barrera de proteccion de acero galvainzado 200mm, barrera de proteccion de acero galvanizado 180mm, barrera de proteccion de acero galvainzado 200mm"
CO1.REQ.10110636,EAAB-ICSM-0400-2026,66,Licitación Abierta (En Ofertas),Oportunidad de Alianza / Cotización,Acero & Metalmecánica,acero,"$312,553,100 COP",EMPRESA DE ACUEDUCTO Y ALCANTARILLADO DE BOGOTÁ - E.S.P.,No Definido,No Definido,Contratación régimen especial,No Definido,No Definido,Compartir la oportunidad con clientes aliados para que presenten oferta incluyendo nuestros suministros.,https://community.secop.gov.co/Public/Tendering/OpportunityDetail/Index?noticeUID=CO1.NTC.9965835,"ADQUISICIÓN DE TUBERÍA Y ACCESORIOS (PVC, CPVC, ACERO Y PVC-U)"
CO1.REQ.10799547,C2026-00330,66,Licitación Abierta (En Ofertas),Oportunidad de Alianza / Cotización,Acero & Metalmecánica,acero,"$307,400,800 COP",INDUSTRIA LICORERA DE CALDAS,Caldas,Manizales,Contratación régimen especial,No Definido,No Definido,Compartir la oportunidad con clientes aliados para que presenten oferta incluyendo nuestros suministros.,https://community.secop.gov.co/Public/Tendering/OpportunityDetail/Index?noticeUID=CO1.NTC.10652770,"CONTRATAR EL SUMINISTRO Y PUESTA EN MARCHA DE UN HOMOGENEIZADOR EN ACERO INOXIDABLE CON CAPACIDAD PARA DOS MIL LITROS HORA PARA EL PROCESO DE PREPARACION DE CREMA DE RON, INCLUYENDO LA BOMBA CENTRÍFUGA MONOBLOQUE Y LOS DEMÁS COMPONENTES NECESARIOS PA"
CO1.REQ.10388753,RE-IQ-002-2026,65,Proceso Activo (Seleccionado),Monitoreo Comercial,Energía Solar & Alumbrado Público,"fotovoltaica, energía solar","$297,138,954 COP",ASOCIACION DE CABILDO Y/O AUTORIDADES TRADICIONALES INDIGENAS INTY QUILLA3,Nariño,Pasto,Contratación régimen especial,No Definido,No Definido,Hacer seguimiento al cierre de ofertas o adjudicación.,https://community.secop.gov.co/Public/Tendering/OpportunityDetail/Index?noticeUID=CO1.NTC.10245345,"INTERVENTORÍA TÉCNICA, LEGAL, ADMINISTRATIVA Y AMBIENTAL DE ESTUDIOS Y DISEÑOS PARA LA CONSTRUCCIÓN DE UNA CENTRAL DE GENERACIÓN DE ENERGÍA SOLAR FOTOVOLTAICA EN EL MUNICIPIO DE PUERTO CARREÑO, DEPARTAMENTO DEL VICHADA"
CO1.REQ.10370236,SASI-002-2026,65,Proceso Activo (Evaluación),Monitoreo Comercial,Energía Solar & Alumbrado Público,"sistema fotovoltaico, fotovoltaico","$270,000,014 COP",ITTHUILA,Huila,Rivera,Selección abreviada subasta inversa,No Definido,No Definido,Hacer seguimiento al cierre de ofertas o adjudicación.,https://community.secop.gov.co/Public/Tendering/OpportunityDetail/Index?noticeUID=CO1.NTC.10230160,"SUMINISTRO, INSTALACIÓN Y PUESTA EN MARCHA DE UN SISTEMA FOTOVOLTAICO PARA EL INSTITUTO DE TRANSPORTE Y TRANSITO DEL HUILA"
CO1.REQ.11017067,CP-S-004-2026 (Manifestación de interés (Menor Cuantía)) (Presentación de oferta),65,Proceso Activo (Abierto),Monitoreo Comercial,HORECA & Maquinaria Gastronómica,"alimentación escolar, pae","$249,003,776 COP",MUNICIPIO DE EL COCUY,Boyacá,El Cocuy,Selección Abreviada de Menor Cuantía,No Definido,No Definido,Hacer seguimiento al cierre de ofertas o adjudicación.,https://community.secop.gov.co/Public/Tendering/OpportunityDetail/Index?noticeUID=CO1.NTC.10871147,"IMPLEMENTACIÓN Y EJECUCIÓN DEL PROGRAMA DE ALIMENTACIÓN ESCOLAR PAE EN EL MUNICIPIO DE EL COCUY, PARA GARANTIZAR SU CONTINUIDAD DURANTE EL SEGUNDO SEMESTRE DE LA VIGENCIA 2026"
CO1.REQ.11001482,CP-S-004-2026 (Manifestación de interés (Menor Cuantía)),65,Proceso Activo (Evaluación),Monitoreo Comercial,HORECA & Maquinaria Gastronómica,"alimentación escolar, pae","$249,003,776 COP",MUNICIPIO DE EL COCUY,Boyacá,El Cocuy,Selección Abreviada de Menor Cuantía,No Definido,No Definido,Hacer seguimiento al cierre de ofertas o adjudicación.,https://community.secop.gov.co/Public/Tendering/OpportunityDetail/Index?noticeUID=CO1.NTC.10855855,"IMPLEMENTACIÓN Y EJECUCIÓN DEL PROGRAMA DE ALIMENTACIÓN ESCOLAR PAE EN EL MUNICIPIO DE EL COCUY, PARA GARANTIZAR SU CONTINUIDAD DURANTE EL SEGUNDO SEMESTRE DE LA VIGENCIA 2026"
CO1.REQ.11029830,S.A.S.I 011DE 2026 (Presentación de oferta),65,Proceso Activo (Evaluación),Monitoreo Comercial,HORECA & Maquinaria Gastronómica,"alimentación escolar, pae","$248,002,944 COP",ALCALDIA MUNICIPIO DE JARDÍN,Antioquia,Jardín,Selección abreviada subasta inversa,No Definido,No Definido,Hacer seguimiento al cierre de ofertas o adjudicación.,https://community.secop.gov.co/Public/Tendering/OpportunityDetail/Index?noticeUID=CO1.NTC.10883453,"Contrato de suministro de alimentos incluido la contratación de manipuladoras de estos para la operación y ejecución del Programa de Alimentación Escolar PAE 2026 de la matrícula oficial del municipio de Jardín Antioquia, además de actividades operat"
CO1.REQ.10988128,S.A.S.I 011DE 2026,65,Proceso Activo (Evaluación),Monitoreo Comercial,HORECA & Maquinaria Gastronómica,"alimentación escolar, pae","$248,002,944 COP",ALCALDIA MUNICIPIO DE JARDÍN,Antioquia,Jardín,Selección abreviada subasta inversa,No Definido,No Definido,Hacer seguimiento al cierre de ofertas o adjudicación.,https://community.secop.gov.co/Public/Tendering/OpportunityDetail/Index?noticeUID=CO1.NTC.10842309,"Contrato de suministro de alimentos incluido la contratación de manipuladoras de estos para la operación y ejecución del Programa de Alimentación Escolar PAE 2026 de la matrícula oficial del municipio de Jardín Antioquia, además de actividades operat"
CO1.REQ.11025488,190-CONV-016-2026,65,Borrador de Pliegos,Oportunidad Pre-Licitación,Energía Solar & Alumbrado Público,"energía solar, alumbrado público","$156,492,023 COP",MUNICIPIO EL CARMEN DE VIBORAL,Antioquia,El Carmen De Viboral,Contratación Directa (con ofertas),No Definido,No Definido,Notificar a clientes contratistas para que soliciten observaciones o preparen propuesta de consorcio.,https://community.secop.gov.co/STS/Users/Login/Index,"CONTRATO INTERADMINISTRATIVO DE ADMINISTRACIÓN DELEGADA PARA LA IMPLEMENTACIÓN DE SISTEMAS DE ALUMBRADO PÚBLICO SOSTENIBLE BASADOS EN ENERGÍA SOLAR, ORIENTADOS A FORTALECER LA COBERTURA Y SATISFACER LAS NECESIDADES DE ILUMINACIÓN EN LAS VÍAS RURALES "
CO1.REQ.11037818,SPO-002-2026,65,Licitación Abierta (En Ofertas),Oportunidad de Alianza / Cotización,Energía Solar & Alumbrado Público,"fotovoltaica, energia solar","$57,077,083 COP",COMPAÑIA ENERGETICA DEL CARIBE S.A.S. ESP,Córdoba,Montería,Contratación régimen especial,No Definido,No Definido,Compartir la oportunidad con clientes aliados para que presenten oferta incluyendo nuestros suministros.,https://community.secop.gov.co/Public/Tendering/OpportunityDetail/Index?noticeUID=CO1.NTC.10892161,"INTERVENTORIA TÉCNICA, ADMINISTRATIVA, FINANCIERA, CONTABLE Y JURIDICA AL PROYECTO DE  CONSTRUCCIÓN DE SISTEMAS DE ENERGIA SOLAR FOTOVOLTAICA EN ZONAS RURALES DEL MUNICIPIO DE SAN ANTONIO DE PALMITO, DEPARTAMENTO DE SUCRE"
CO1.REQ.10549238,061-SASI-SUADQ-INTR-2026,64,Proceso Activo (Evaluación),Monitoreo Comercial,"Acero & Metalmecánica, HORECA & Maquinaria Gastronómica","marmita, acero","$4,088,091,079 COP",EJERCITO DIRECCION DE ADQUISICIONES,Distrito Capital de Bogotá,No Definido,Selección abreviada subasta inversa,No Definido,No Definido,Hacer seguimiento al cierre de ofertas o adjudicación.,https://community.secop.gov.co/Public/Tendering/OpportunityDetail/Index?noticeUID=CO1.NTC.10408714,ADQUISICIÓN DE DOTACIÓN BASICA INCORPORACIÓN (CINTURÓN CON HEBILLA - CUBIERTOS METALICOS - MARMITA EN ACERO)
CO1.REQ.5215134,9431624,63,Borrador de Pliegos,Oportunidad Pre-Licitación,Acero & Metalmecánica,acero,"$6,312,578,772 COP",EMPRESA COLOMBIANA DE PETROLEOS,Distrito Capital de Bogotá,Bogotá,Contratación régimen especial,No Definido,No Definido,Notificar a clientes contratistas para que soliciten observaciones o preparen propuesta de consorcio.,https://community.secop.gov.co/STS/Users/Login/Index,SUMINISTRO DE TUBERIA EN ACERO AL CARBON LISA O RANURADA- CON O SIN REVESTIMIENTO- Y ACCESORIOS DE TUBERIA PARA ECOPETROL EN TODO EL TERRITORIO NACIONA
CO1.REQ.10471513,LP-2026-4,63,Proceso Activo (Evaluación),Monitoreo Comercial,Acero & Metalmecánica,estructura metalica,"$2,481,028,667 COP",ALCALDIA DE PASTO,Nariño,Pasto,Licitación pública Obra Publica,No Definido,No Definido,Hacer seguimiento al cierre de ofertas o adjudicación.,https://community.secop.gov.co/Public/Tendering/OpportunityDetail/Index?noticeUID=CO1.NTC.10342136,"EL CONTRATISTA SE COMPROMETE PARA CON EL MUNICIPIO DE PASTO - SECRETARÍA DE INFRAESTRUCTURA Y VALORIZACIÓN, A REALIZAR LA OBRA,  CONSTRUCCION DE ESTRUCTURA METALICA PARA  CUBIERTA EN LA ZONA URBANA DE POLIDEPORTIVO BARRIO LA ROSA, POLIDEPORTIVO BARRI"
CO1.REQ.10589341,LP-2026-5 (Fase de Selección (Presentación de ofertas)),63,Proceso Activo (Evaluación),Monitoreo Comercial,Acero & Metalmecánica,estructura metalica,"$2,358,613,209 COP",ALCALDIA DE PASTO,Nariño,Pasto,Licitación pública Obra Publica,No Definido,No Definido,Hacer seguimiento al cierre de ofertas o adjudicación.,https://community.secop.gov.co/Public/Tendering/OpportunityDetail/Index?noticeUID=CO1.NTC.10443919,"EL CONTRATISTA SE COMPROMETE PARA CON EL MUNICIPIO DE PASTO - SECRETARÍA DE INFRAESTRUCTURA Y VALORIZACIÓN, A REALIZAR LA OBRA, CONSTRUCCION DE ESTRUCTURA METALICA PARA CUBIERTA EN LA ZONA URBANA DE POLIDEPORTIVO BARRIO MIRAFLORES, POLIDEPORTIVO BARR"
CO1.REQ.10190506,OP-021-2026,63,Licitación Abierta (En Ofertas),Oportunidad de Alianza / Cotización,Construcción & Obra Civil General,escenarios deportivos,"$916,633,128 COP","EMPRESA MUNICIPAL DE DESARROLLO URBANO, RURAL Y MINERO DE REMEDIOS",Antioquia,Remedios,Contratación régimen especial,No Definido,No Definido,Compartir la oportunidad con clientes aliados para que presenten oferta incluyendo nuestros suministros.,https://community.secop.gov.co/Public/Tendering/OpportunityDetail/Index?noticeUID=CO1.NTC.10047890,"CONTRATO DE OBRA PARA MEJORAMIENTO, ADECUACION, DOTACION,
AMPLIACION Y/O CONSTRUCCION DE LOS ESCENARIOS DEPORTIVOS Y
RECREATIVOS DE LOS PROYECTOS PRESENTADOS POR EL MUNICIPIO
DENOMINADOS CONSTRUCCION DE CUBIERTA METALICA PARA LA CANCHA
POLIDEPORTIVA "
CO1.REQ.10653733,SVIV SAMC 08 DE 2026 (Manifestación de interés (Menor Cuantía)) (Presentación de oferta),63,Adjudicado (Contratista Seleccionado),Lead B2B de Venta Directa,"Acero & Metalmecánica, Construcción & Obra Civil General","cubierta metálica, colegio","$150,015,300 COP",ALCALDIA MUNICIPAL DE OCAÑA,Norte de Santander,Ocaña,Selección Abreviada de Menor Cuantía,GEOVANNY ORTIZ PEREZ,No Definido,Contactar al contratista ganador/consorcio para ofrecer suministro y cotización inmediata.,https://community.secop.gov.co/Public/Tendering/OpportunityDetail/Index?noticeUID=CO1.NTC.10508022,"CONSTRUCCIÓN E INSTALACIÓN DE CUBIERTA METÁLICA PARA EL ESCENARIO DEPORTIVO DE LA INSTITUCIÓN EDUCATIVA COLEGIO LA SALLE DEL MUNICIPIO DE OCAÑA, NORTE DE SANTANDER"
CO1.REQ.10379467,SASI-001-2026,60,Proceso Activo (Evaluación),Monitoreo Comercial,Construcción & Obra Civil General,escuela,"$1,739,766,873 COP",ESCUELA TALLER CARTAGENA DE INDIAS,No Definido,No Definido,Selección abreviada subasta inversa,No Definido,No Definido,Hacer seguimiento al cierre de ofertas o adjudicación.,https://community.secop.gov.co/Public/Tendering/OpportunityDetail/Index?noticeUID=CO1.NTC.10240025,"SUMINISTRO DE INSUMOS DE COCINA PARA LA PREPARACIÓN DE ALIMENTOS COMO APOYO NUTRICIONAL DE LOS APRENDICES DEL PROYECTO DE FORMACIÓN DE LA ESCUELA TALLER CARTAGENA DE INDIAS 2026, PARA LOS PROGRAMAS DE PUESTA EN VALOR, EJECUCIÓN DEL PROYECTO  PATRIMON"
CO1.REQ.10883129,SA-022-2026,60,Proceso Activo (Evaluación),Monitoreo Comercial,Construcción & Obra Civil General,escenarios deportivos,"$1,138,082,877 COP",INSTITUTO DE DEPORTES Y RECREACION DE MEDELLIN,Antioquia,Medellín,Selección Abreviada de Menor Cuantía,No Definido,No Definido,Hacer seguimiento al cierre de ofertas o adjudicación.,https://community.secop.gov.co/Public/Tendering/OpportunityDetail/Index?noticeUID=CO1.NTC.10738594,MANTENIMIENTO PREVENTIVO Y CORRECTIVO DE CUBIERTAS Y CARPINTERIA METÁLICA EN LOS ESCENARIOS DEPORTIVOS Y RECREATIVOS ADMINISTRADOS POR EL INDER MEDELLÍN
CO1.REQ.10659625,SA-018-2026 (Manifestación de interés (Menor Cuantía)) (Presentación de oferta),60,Proceso Activo (Abierto),Monitoreo Comercial,Construcción & Obra Civil General,escenarios deportivos,"$1,138,082,877 COP",INSTITUTO DE DEPORTES Y RECREACION DE MEDELLIN,Antioquia,Medellín,Selección Abreviada de Menor Cuantía,No Definido,No Definido,Hacer seguimiento al cierre de ofertas o adjudicación.,https://community.secop.gov.co/Public/Tendering/OpportunityDetail/Index?noticeUID=CO1.NTC.10513956,MANTENIMIENTO PREVENTIVO Y CORRECTIVO DE CUBIERTAS Y CARPINTERIA METÁLICA EN LOS ESCENARIOS DEPORTIVOS Y RECREATIVOS ADMINISTRADOS POR EL INDER MEDELLÍN
CO1.REQ.10615058,SA-018-2026 (Manifestación de interés (Menor Cuantía)),60,Proceso Activo (Evaluación),Monitoreo Comercial,Construcción & Obra Civil General,escenarios deportivos,"$1,138,082,877 COP",INSTITUTO DE DEPORTES Y RECREACION DE MEDELLIN,Antioquia,Medellín,Selección Abreviada de Menor Cuantía,No Definido,No Definido,Hacer seguimiento al cierre de ofertas o adjudicación.,https://community.secop.gov.co/Public/Tendering/OpportunityDetail/Index?noticeUID=CO1.NTC.10486173,MANTENIMIENTO PREVENTIVO Y CORRECTIVO DE CUBIERTAS Y CARPINTERIA METÁLICA EN LOS ESCENARIOS DEPORTIVOS Y RECREATIVOS ADMINISTRADOS POR EL INDER MEDELLÍN
CO1.REQ.10560963,SA-018-2026,60,Proceso Activo (Evaluación),Monitoreo Comercial,Construcción & Obra Civil General,escenarios deportivos,"$1,138,082,877 COP",INSTITUTO DE DEPORTES Y RECREACION DE MEDELLIN,Antioquia,Medellín,Selección Abreviada de Menor Cuantía,No Definido,No Definido,Hacer seguimiento al cierre de ofertas o adjudicación.,https://community.secop.gov.co/Public/Tendering/OpportunityDetail/Index?noticeUID=CO1.NTC.10416863,MANTENIMIENTO PREVENTIVO Y CORRECTIVO DE CUBIERTAS Y CARPINTERIA METÁLICA EN LOS ESCENARIOS DEPORTIVOS Y RECREATIVOS ADMINISTRADOS POR EL INDER MEDELLÍN
CO1.REQ.10968722,SA-022-2026 (Manifestación de interés (Menor Cuantía)) (Presentación de oferta),60,Proceso Activo (Abierto),Monitoreo Comercial,Construcción & Obra Civil General,escenarios deportivos,"$1,138,081,869 COP",INSTITUTO DE DEPORTES Y RECREACION DE MEDELLIN,Antioquia,Medellín,Selección Abreviada de Menor Cuantía,No Definido,No Definido,Hacer seguimiento al cierre de ofertas o adjudicación.,https://community.secop.gov.co/Public/Tendering/OpportunityDetail/Index?noticeUID=CO1.NTC.10822380,MANTENIMIENTO PREVENTIVO Y CORRECTIVO DE CUBIERTAS Y CARPINTERIA METÁLICA EN LOS ESCENARIOS DEPORTIVOS Y RECREATIVOS ADMINISTRADOS POR EL INDER MEDELLÍN
CO1.REQ.10931112,SA-022-2026 (Manifestación de interés (Menor Cuantía)),60,Proceso Activo (Evaluación),Monitoreo Comercial,Construcción & Obra Civil General,escenarios deportivos,"$1,138,081,869 COP",INSTITUTO DE DEPORTES Y RECREACION DE MEDELLIN,Antioquia,Medellín,Selección Abreviada de Menor Cuantía,No Definido,No Definido,Hacer seguimiento al cierre de ofertas o adjudicación.,https://community.secop.gov.co/Public/Tendering/OpportunityDetail/Index?noticeUID=CO1.NTC.10789895,MANTENIMIENTO PREVENTIVO Y CORRECTIVO DE CUBIERTAS Y CARPINTERIA METÁLICA EN LOS ESCENARIOS DEPORTIVOS Y RECREATIVOS ADMINISTRADOS POR EL INDER MEDELLÍN
CO1.REQ.10596004,675-2026,58,Licitación Abierta (En Ofertas),Oportunidad de Alianza / Cotización,"Acero & Metalmecánica, Construcción & Obra Civil General","hospital, acero","$196,480,000 COP",ESE HOSPITAL ORITO,Putumayo,Orito,Contratación régimen especial,No Definido,No Definido,Compartir la oportunidad con clientes aliados para que presenten oferta incluyendo nuestros suministros.,https://community.secop.gov.co/Public/Tendering/OpportunityDetail/Index?noticeUID=CO1.NTC.10451175,"ADQUISICION DE ESTANTERÍA METÁLICA PARA ARCHIVO DOCUMENTAL Y CLÍNICO, Y UN MESÓN EN ACERO INOXIDABLE PARA EL SERVICIO DE ESTERILIZACIÓN DE LA E.S.E. HOSPITAL ORITO."
CO1.REQ.10939658,FT-CD-010-2026,58,Licitación Abierta (En Ofertas),Oportunidad de Alianza / Cotización,"Acero & Metalmecánica, Construcción & Obra Civil General","escenarios deportivos, estructura metálica","$100,359,492 COP","FONDO MIXTO DE GESTION TERRITORIAL, CIENCIA, TECNOLOGIA Y CULTURA",Cauca,Santander De Quilichao,Contratación régimen especial,No Definido,No Definido,Compartir la oportunidad con clientes aliados para que presenten oferta incluyendo nuestros suministros.,https://community.secop.gov.co/Public/Tendering/OpportunityDetail/Index?noticeUID=CO1.NTC.10793354,"INTERVENTORÍA TÉCNICA, ADMINISTRATIVA, LEGAL Y FINANCIERA PARA LA EJECUCIÓN DEL PROYECTO  MEJORAMIENTO DE ESCENARIOS DEPORTIVOS MEDIANTE EL MEJORAMIENTO DE LAS LOSAS Y LA CONSTRUCCIÓN DE DOS CUBIERTAS EN ESTRUCTURA METÁLICA, UNA UBICADA EN LA CABECER"
CO1.REQ.10277365,SA26-147,58,Licitación Abierta (En Ofertas),Oportunidad de Alianza / Cotización,"Acero & Metalmecánica, Construcción & Obra Civil General","hospital, acero","$100,000,000 COP",E.S.E. HOSPITAL UNIVERSITARIO ERASMO MEOZ,Norte de Santander,Cúcuta,Contratación régimen especial,INDUSTRIA METALICA RODRIGUEZ II SAS,No Definido,Compartir la oportunidad con clientes aliados para que presenten oferta incluyendo nuestros suministros.,https://community.secop.gov.co/Public/Tendering/OpportunityDetail/Index?noticeUID=CO1.NTC.10134365,"SUMINISTRO, INSTALACION Y MANTENIMIENTO DE MATERIALES DE VIDRIO, ALUMINIO, ACERO Y ACABADOS EN PVC PARA LA ESE HOSPITAL UNIVERSITARIO ERASMO MEOZ"
CO1.REQ.10145020,COM 001-2026,58,Licitación Abierta (En Ofertas),Oportunidad de Alianza / Cotización,"Acero & Metalmecánica, Construcción & Obra Civil General","hospital, acero","$100,000,000 COP",HOSPITAL REGIONAL DE SOGAMOSO E.S.E,Boyacá,Sogamoso,Contratación régimen especial,No Definido,No Definido,Compartir la oportunidad con clientes aliados para que presenten oferta incluyendo nuestros suministros.,https://community.secop.gov.co/Public/Tendering/OpportunityDetail/Index?noticeUID=CO1.NTC.10001319,VENTA E INSTALACIÓN DE MOBILIARIO EN ACERO INOXIDABLE PARA EL MANTENIMIENTO DE DIFERENTES ÁREAS ASISTENCIALES DEL HOSPITAL REGIONAL DE SOGAMOSO EMPRESA SOCIAL DEL ESTADO
CO1.REQ.11041345,CPS-870-2026,55,Licitación Abierta (En Ofertas),Oportunidad de Alianza / Cotización,Construcción & Obra Civil General,hospital,"$270,800,002 COP",EMPRESA SOCIAL DEL ESTADO HOSPITAL FRANCISCO LUIS JIMENEZ MARTINEZ,No Definido,No Definido,Contratación régimen especial,HUMANOS CONSULTORES EN SALUD,No Definido,Compartir la oportunidad con clientes aliados para que presenten oferta incluyendo nuestros suministros.,https://community.secop.gov.co/Public/Tendering/OpportunityDetail/Index?noticeUID=CO1.NTC.10896153,"PRESTAR LOS SERVICIOS DE APOYO LOGISTICO, TALENTO HUMANO DE APOYO A LA GESTION, TRANSPORTE (VEHICULO HABILITADOS PARA EL SERVICIO PUBLICO) SOPORTE TECNICO (PERSONAL ESPECIALIZADO EN REFRIGERACION) Y SUMINISTRO DE ALIMENTOS REQUERIDO PARA EN VIRTUD DE"
CO1.REQ.9820260,PS-003-2026,55,Licitación Abierta (En Ofertas),Oportunidad de Alianza / Cotización,Construcción & Obra Civil General,parque,"$204,750,000 COP",EMPRESAS PUBLICAS DE ARMENIA ESP,Quindío,Armenia,Contratación régimen especial,No Definido,No Definido,Compartir la oportunidad con clientes aliados para que presenten oferta incluyendo nuestros suministros.,https://community.secop.gov.co/Public/Tendering/OpportunityDetail/Index?noticeUID=CO1.NTC.9667970,"PRESTAR LOS SERVICIOS REQUERIDOS PARA LA ASISTENCIA PREVENTIVA Y/O CORRECTIVA INDUSTRIAL METÁLICA DE REPARACIONES A LAS CAJAS COMPACTADORAS, PLATONES DE CARGA, MECANISMOS HIDRÁULICOS Y CAJAS ESTACIONARIAS DEL PARQUE AUTOMOTOR DEL PROCESO DE ASEO DE E"
CO1.REQ.10529316,CS-008-2026,55,Licitación Abierta (En Ofertas),Oportunidad de Alianza / Cotización,Construcción & Obra Civil General,hospital,"$174,000,000 COP",EMPRESA SOCIAL DEL ESTADO HOSPITAL SAN NICOLAS,Córdoba,Planeta Rica,Contratación régimen especial,No Definido,No Definido,Compartir la oportunidad con clientes aliados para que presenten oferta incluyendo nuestros suministros.,https://community.secop.gov.co/Public/Tendering/OpportunityDetail/Index?noticeUID=CO1.NTC.10385719,MANTENIMIENTO PREVENTIVO Y CORRECTIVO A LAS AMBULANCIAS Y VEHICULOS AL SERVICIO DE LA E.S.E HOSPITAL SAN NICOLAS
CO1.REQ.11037533,CD-MNC-270-2026,55,Licitación Abierta (En Ofertas),Oportunidad de Alianza / Cotización,Construcción & Obra Civil General,hospital,"$165,000,000 COP",HMI,Atlántico,Soledad,Contratación régimen especial,SERTIOFI DE LA COSTA SAS,901388648,Compartir la oportunidad con clientes aliados para que presenten oferta incluyendo nuestros suministros.,https://community.secop.gov.co/Public/Tendering/OpportunityDetail/Index?noticeUID=CO1.NTC.10891448,"PRESTACION DE SERVICIOS DE MANTENIMIENTO PREVENTIVO Y CORRECTIVO A LAS PLANTAS ELECTRICAS DE LA ESE; Y EQUIPOS DE REFRIGERACIÓN, TALES COMO AIRES ACONDICIONADOS, NEVERAS Y DISPENSADORES DE AGUA, EXISTENTES EN LAS DIFERENTES SEDES DE LA E.S.E HOSPITAL"
CO1.REQ.10062066,CDOS-021-26,48,Proceso Activo (Seleccionado),Monitoreo Comercial,"Acero & Metalmecánica, Construcción & Obra Civil General","carpintería metálica, hospital","$250,000,000 COP",ESE HOSPITAL LOCAL CARTAGENA DE INDIAS.*,Bolívar,Cartagena,Contratación régimen especial,No Definido,No Definido,Hacer seguimiento al cierre de ofertas o adjudicación.,https://community.secop.gov.co/Public/Tendering/OpportunityDetail/Index?noticeUID=CO1.NTC.9913871,"SUMINISTRO E INSTALACIÓN DE BIENES Y ELEMENTOS DE ACABADOS HOSPITALARIOS, INCLUIDA LA CARPINTERÍA METÁLICA Y EN PVC, MOBILIARIO EN MADERA, MESONES EN GRANITO Y CORTINAS HOSPITALARIAS PARA LOS CENTROS DE SALUD DE LA E.S.E. HOSPITAL LOCAL CARTAGENA DE "
CO1.REQ.10626926,SVIV SAMC 08 DE 2026 (Manifestación de interés (Menor Cuantía)),48,Proceso Activo (Evaluación),Monitoreo Comercial,"Acero & Metalmecánica, Construcción & Obra Civil General","cubierta metálica, colegio","$150,015,300 COP",ALCALDIA MUNICIPAL DE OCAÑA,Norte de Santander,Ocaña,Selección Abreviada de Menor Cuantía,No Definido,No Definido,Hacer seguimiento al cierre de ofertas o adjudicación.,https://community.secop.gov.co/Public/Tendering/OpportunityDetail/Index?noticeUID=CO1.NTC.10481845,"CONSTRUCCIÓN E INSTALACIÓN DE CUBIERTA METÁLICA PARA EL ESCENARIO DEPORTIVO DE LA INSTITUCIÓN EDUCATIVA COLEGIO LA SALLE DEL MUNICIPIO DE OCAÑA, NORTE DE SANTANDER"
CO1.REQ.10544644,SVIV SAMC 08 DE 2026,48,Proceso Activo (Evaluación),Monitoreo Comercial,"Acero & Metalmecánica, Construcción & Obra Civil General","cubierta metálica, colegio","$150,015,300 COP",ALCALDIA MUNICIPAL DE OCAÑA,Norte de Santander,Ocaña,Selección Abreviada de Menor Cuantía,No Definido,No Definido,Hacer seguimiento al cierre de ofertas o adjudicación.,https://community.secop.gov.co/Public/Tendering/OpportunityDetail/Index?noticeUID=CO1.NTC.10400892,"CONSTRUCCIÓN E INSTALACIÓN DE CUBIERTA METÁLICA PARA EL ESCENARIO DEPORTIVO DE LA INSTITUCIÓN EDUCATIVA COLEGIO LA SALLE DEL MUNICIPIO DE OCAÑA, NORTE DE SANTANDER"
CO1.REQ.10421613,HLAP-CD-294-2026,45,Proceso Activo (Seleccionado),Monitoreo Comercial,Construcción & Obra Civil General,hospital,"$191,183,020 COP",HOSPITAL MUNICIPAL LUIS ABLANQUE DE LA PLATA EMPRESA SOCIAL DEL ESTADO,Valle del Cauca,No Definido,Contratación régimen especial,No Definido,No Definido,Hacer seguimiento al cierre de ofertas o adjudicación.,https://community.secop.gov.co/Public/Tendering/OpportunityDetail/Index?noticeUID=CO1.NTC.10295055,"ADQUISICIÓN DE SESENTA (60) ESCRITORIO, ESCRITORIO EN L TRES (3), BIBLIOTECA METALICA UNA (1), ARCHIVADOR METALICO DE CUATRO GAVETAS (01), LOKER METALICO DE DOCE PUESTOS (2), LOKER METALICO DE DOS PUESTOS (5), LOKER DE NUEVE PUESTO (01), SILLAS ERGON"
CO1.REQ.11014785,2727-CDPS-2026,45,Licitación Abierta (En Ofertas),Oportunidad de Alianza / Cotización,Construcción & Obra Civil General,hospital,"$60,000,000 COP",HOSPITAL UNIVERSITARIO DEPARTAMENTAL DE NARIÑO,Nariño,No Definido,Contratación régimen especial,No Definido,No Definido,Compartir la oportunidad con clientes aliados para que presenten oferta incluyendo nuestros suministros.,https://community.secop.gov.co/Public/Tendering/OpportunityDetail/Index?noticeUID=CO1.NTC.10889019,"Contratar la Prestación de servicios Profesionales de Neurólogo Clínico - Epileptologia, para cubrir las necesidades   y contingencias en los servicios o áreas que se requiera  según las necesidades del Hospital Universitario Departamental de Nariño "
CO1.REQ.4325547,2023-CO-175,35,Proceso Activo (Aprobado),Monitoreo Comercial,Construcción & Obra Civil General,hospital,"$99,762,000 COP",HOSPITAL FRANCISCO DE PAULA SANTANDER EMPRESA SOCIAL DEL ESTADO,Cauca,Santander De Quilichao,Contratación régimen especial,No Definido,No Definido,Hacer seguimiento al cierre de ofertas o adjudicación.,https://community.secop.gov.co/STS/Users/Login/Index,"REESTRUCTURACIÓN DE CUBIERTA Y CIELO FALSOS DEL SERVICIO DE COCINA Y CAFETERIA, PERTENECIENTES AL HOSPITAL FRANCISCO DE PAULA SANTANDER E.S.E."
CO1.REQ.10067748,CDOS-022-26,35,Proceso Activo (Aprobado),Monitoreo Comercial,Construcción & Obra Civil General,hospital,"$77,331,000 COP",ESE HOSPITAL LOCAL CARTAGENA DE INDIAS.*,Bolívar,Cartagena,Contratación régimen especial,No Definido,No Definido,Hacer seguimiento al cierre de ofertas o adjudicación.,https://community.secop.gov.co/STS/Users/Login/Index,"PRESTACIÓN DE SERVICIO DE MONITOREO DE TEMPERATURA  LAS 24 HORAS Y 7 DIAS DE LA SEMANA  A  EQUIPOS DE RED DE FRIO QUE CONTIENEN PRODUCTOS INMUNOBIOLOGICOS  DE LOS PUNTOS DE VACUNACIÓN, CUARTO FRIO Y CENTRO DE ACOPIO DE LA ESE HOSPITAL LOCAL CARTAGENA"
CO1.REQ.10780706,C-01072026-103,35,Borrador de Pliegos,Oportunidad Pre-Licitación,Construcción & Obra Civil General,hospital,"$64,999,998 COP","E.S.E HOSPITAL LOCAL DE SAN FERNANDO, BOLIVAR",Bolívar,San Fernando,Contratación régimen especial,No Definido,No Definido,Notificar a clientes contratistas para que soliciten observaciones o preparen propuesta de consorcio.,https://community.secop.gov.co/STS/Users/Login/Index,"PRESTACION DE SERVICIOS  DE MANTENIMIENTO PREVENTIVO Y CORRECTIVO DE LOS EQUIPOS BIOMÉDICOS, EQUIPOS INDUSTRIALES DE USO HOSPITALARIO, SISTEMAS DE REFRIGERACIÓN, SISTEMAS ELÉCTRICOS, SISTEMAS HIDRÁULICOS Y DE REDES, MUEBLES Y ENSERES E INFRAESTRUCTUR"
